index,code,regional,area,province,proid,city,cityid,cityurl,address,name,referred,mobile,tel,zipcode,isopen,lng,lat,lever,url,id
1,CH1000,7,七区,上海市,310000,上海市,310100,shanghai,上海市浦东新区御桥路1468号,上海东昌雪莱汽车销售服务有限公司,上海东昌雪莱,13671824445,021-68937999,201204,1,121.560278,31.156389,5,shdcxl,142
2,CH1001,7,七区,上海市,310000,上海市,310100,shanghai,上海市金山区朱泾镇亭枫公路2468号2幢,上海弘昆汽车销售服务有限公司,上海弘昆,13701937603,021-67965203,201503,1,121.221944,30.894444,0,shhk,763
3,CH1007,7,七区,上海市,310000,上海市,310100,shanghai,上海市市辖区浦东新区莱阳路2928弄30号,上海浦兴汽车销售服务有限公司,上海浦兴,,021-58678800,200137,1,121.976667,31.538611,,shpx,963
1,CH1008,2,二区,山西省,140000,运城市,140800,yuncheng,运城市盐湖区运万路高速引线交界处,运城市元通雪润汽车销售服务有限公司,元通雪润,15333099499,0359-6368222,044000,1,110.954722,35.087222,0,ycytxr,759
1,CH1009,6,六区,云南省,530000,保山市,530500,baoshan,云南省保山市隆阳区永昌街道下村工业园区（龙马药业仓库）,保山融易通汽车服务有限公司,保山融易通,,0875-2833111,678000,1,99.196111,25.14,,bsryt,805
4,CH1011,7,七区,上海市,310000,上海市,310100,shanghai,上海市浦东新区龙东大道2777号,上海永达宝运来汽车销售服务有限公司,上海永达宝运来,13795269023,021-58960011,201203,1,121.629444,31.224167,5,shydbyl,147
5,CH1012,7,七区,上海市,310000,上海市,310100,shanghai,上海市松江区俞塘路555号,上海永达通盛汽车销售服务有限公司,上海永达通盛,13701901527,021-67761088,201613,1,121.249167,31.02,0,shydts,135
6,CH1013,7,七区,上海市,310000,上海市,310100,shanghai,上海市浦东新区惠南镇大川公路3099号,上海永达通宁汽车销售服务有限公司,上海永达通宁,13774480392,021-68009789,201300,1,121.734444,31.0425,5,shydtn,143
1,CH1018,2,二区,天津市,120000,天津市,120100,tianjin,天津市宝坻区机动车交易市场西500米,天津市海润通汽车贸易有限公司,天津海润通,15320091310,022-59952929,301800,1,117.333333,39.708889,5,tjhrt,787
1,CH1019,6,六区,四川省,510000,宜宾市,511500,yibin,四川省宜宾市二二四城北新区奋发路德福汽车城,宜宾市宏建汽车销售服务有限公司,宜宾宏建,18508314401,0831-5513000,644600,1,104.544167,28.731111,4,ybhj,809
7,CH1020,7,七区,上海市,310000,上海市,310100,shanghai,上海市铜川路1366号101-105室,上海安吉名门汽车服务有限公司,上海安吉名门,18121063355,021-52823902,200333,1,121.394722,31.251111,5,shajmm,151
1,CH1023,5,五区,河南省,410000,平顶山市,410400,bingdingshan,平顶山市新城区复兴路北侧春华路东侧(平高电气西侧),平顶山威佳福泰汽车销售有限公司,平顶山威佳,18103759988,0375-6130000,467000,1,113.158333,33.791667,0,pdwjft,813
1,CH1028,2,二区,河北省,130000,廊坊市,131000,langfang,河北省廊坊市霸州市长途汽车站东行1000米路南,霸州市嘉城聚鑫汽车销售服务有限公司,霸州嘉城聚鑫,15076659291,0316-7351999,065700,1,116.6575,39.158333,5,bzjcjx,855
1,CH1031,2,二区,山西省,140000,太原市,140100,taiyuan,太原市小店区龙城大街与太榆路交汇处郑村段甲1号,山西唐泽汽车销售有限公司,山西唐泽,18536689974,0351-5270555,030021,1,112.630278,37.765833,3,sxtz,856
1,CH1033,5,五区,甘肃省,620000,酒泉市,620900,jiuquan,甘肃省酒泉市肃州区高新技术工业园区（西园）纬一路9号,酒泉吉元信达汽车销售服务有限公司,酒泉吉元信达,18693726052,0937-2812666,735000,1,98.425556,39.758611,4,jqjyxd,829
8,CH1035,7,七区,上海市,310000,上海市,310100,shanghai,上海市杨浦区内江路305号,上海名流星域汽车服务有限公司,上海名流星域,13671589518,021-65813018,200090,1,121.546111,31.28,5,shmlxy,150
1,CH1036,7,七区,浙江省,330000,台州市,331000,taizhou2,台州市路桥区路南街道上马村,台州高晟汽车销售有限公司,台州高晟,13626600715,0576-82578777,318050,1,121.409444,28.575278,4,tzgc,823
2,CH1037,7,七区,浙江省,330000,台州市,331000,taizhou2,临海市江南街道靖江南路158号,台州晟茂汽车销售有限公司,台州晟茂,18958582395,0576-85179666,317000,1,121.158056,28.826667,3,tzcm,821
1,CH1039,1,一区,山东省,370000,青岛市,370200,qingdao,山东省青岛市即墨市经济开发区青威路1050号,青岛登际赫汽车销售服务有限公司,青岛登际赫,18661897886,0532-55656868,266200,1,120.488889,36.416944,4,qddjh,833
9,CH1040,7,七区,上海市,310000,上海市,310100,shanghai,嘉定区澄浏中路1900号,上海协通锦发汽车销售服务有限公司,上海协通锦发,18801907170,021-59906167,201818,1,121.284722,31.369444,4,xtjf,146
1,CH1041,1,一区,山东省,370000,莱芜市,371200,laiwu,山东省莱芜市莱城区长勺北路1009号1幢,莱芜市同济汽车贸易服务有限公司,莱芜同济汽车,18863407555,0643-6782888,271100,1,117.653333,36.285278,0,lwstj,921
1,CH1042,8,八区,江苏省,320000,盐城市,320900,yancheng,滨海县城明达北路106号,森风集团滨海仁海汽车有限公司,森风滨海仁海,18068888963,0515-80868111,224500,1,119.824444,33.9875,0,sfbhrh,875
1,CH1043,4,四区,广东省,440000,惠州市,441300,huizhou,广东省惠州市惠城区惠州大道小金口段239号安骅汽车城,惠州市安骅骅通汽车服务有限公司,惠州安骅骅通,18028689027,0752-5319288,516000,1,114.410556,23.169444,5,hzahht,826
10,CH1045,7,七区,上海市,310000,上海市,310100,shanghai,船厂路185号,上海绿地徐通汽车销售服务有限公司,上海绿地徐通,,021-64960762,,200032,1,121.461944,31.180000,0,ldxt,144
11,CH1070,7,七区,上海市,310000,上海市,310100,shanghai,沪太路800号,上海强生北美汽车销售服务有限公司,上海强生北美,13701747149,021-66116262,200065,1,121.443056,31.266111,3,qsbm,149
12,CH1075,7,七区,上海市,310000,上海市,310100,shanghai,上海市浦东新区张杨路1736号,上海卓力汽车销售服务有限公司,上海卓力,13501765519,021-68530022,200135,1,121.5475,31.236667,4,shzl,152
13,CH1080,7,七区,上海市,310000,上海市,310100,shanghai,场中路3535-1号,上海锦骏汽车销售服务有限公司,上海锦骏,13917497480,021-66516700,200436,1,121.425556,31.303333,5,shjj,137
14,CH1085,7,七区,上海市,310000,上海市,310100,shanghai,上海市闵行区元江路3266号,上海文洋汽车贸易有限公司,上海文洋,13916523882,021-64907060,201109,1,121.404167,31.050278,3,shwy,139
15,CH1090,7,七区,上海市,310000,上海市,310100,shanghai,宝山区高逸路99号,上海逸隆汽车销售服务有限公司,上海逸隆,13701715027,021-55037676,200439,1,121.487222,31.3225,5,shyl,148
16,CH1096,7,七区,上海市,310000,上海市,310100,shanghai,上海市普陀区同普路1236号,上海众国同普汽车有限公司,上海众国同普,13818892017,021-52702288,200333,1,121.37,31.2325,3,shzgtp,136
17,CH1099,7,七区,上海市,310000,上海市,310100,shanghai,上海市奉贤区南亭公路1269号1-2,上海九炫汽车销售服务有限公司,上海九炫,,021-37596183,201400,1,121.4275,30.903889,0,shjx,141
1,CH1101,2,二区,北京市,110000,北京市,110100,beijing,北京市朝阳区朝阳北路与黄衫木店路交叉口东北角B座房屋,北京达世行同驰汽车销售服务有限公司,北京达世行同驰,15810284822,010-85518881,100025,1,116.524167,39.923056,5,bjdsth,3
2,CH1102,2,二区,北京市,110000,北京市,110100,beijing,北京市石景山区古城大街（特钢公司厂内）北京国际汽车贸易服务园区F区13号,北京合力景通汽车销售服务有限公司,北京合力景通,15110108760,010-68800101,100043,1,116.182778,39.917778,0,bjhljt,1
3,CH1103,2,二区,北京市,110000,北京市,110100,beijing,北京市房山区阎村镇前沿村村委会南100米,北京澎湃畅通汽车销售服务有限公司,北京澎湃畅通,18510038112,010-61377777,100012,1,116.102222,39.73,0,bjppct,2
4,CH1110,2,二区,北京市,110000,北京市,110100,beijing,北京市海淀区安宁庄东路15号,北京博瑞顺和汽车销售服务有限公司,北京博瑞顺和,13911160750,010-62958969,100085,1,116.329167,40.043056,5,bjbrsh,5
5,CH1111,2,二区,北京市,110000,北京市,110100,beijing,北京市昌平区邓庄村西关环岛南口方向向西3公里,北京新兴达智图汽车服务有限公司,北京新兴达智图,15810354299,010-89701090,102200,1,116.178611,40.228889,0,bjjcxx,888
6,CH1120,2,二区,北京市,110000,北京市,110100,beijing,北京市丰台区南四环中路142号,北京市首创中伟贸易有限责任公司,北京首创中伟,13911750809,010-67533366,100076,1,116.372222,39.830278,5,bjsczw,9
7,CH1130,2,二区,北京市,110000,北京市,110100,beijing,北京市朝阳区十八里店乡十八里店村876号,北京合力华通汽车服务有限公司,北京合力华通,,010-67479800,100122,1,116.482778,39.848056,0,bjhlht,11
8,CH1140,2,二区,北京市,110000,北京市,110100,beijing,北京市朝阳区金盏乡东苇路北北京金港展览展示有限公司C区3号,北京路通威汽车销售服务有限公司,北京路通威,18600841713,010-84333328,100018,1,116.562778,40.016667,0,bjltw,7
9,CH1160,2,二区,北京市,110000,北京市,110100,beijing,北京市顺义区京顺路后沙峪段3号,北京前搏阳光汽车贸易有限公司,北京前搏阳光,,010-80485611,101300,1,116.562222,40.114722,0,bjqbyg,6
10,CH1170,2,二区,北京市,110000,北京市,110100,beijing,北京市石景山区黄庄43号,北京加达加驰汽车服务有限公司,北京加达加驰,,010-83696060,100039,1,116.248056,39.897778,,bjjdjc,13
11,CH1180,2,二区,北京市,110000,北京市,110100,beijing,北京市朝阳区来广营西路8号,北京国生汽车销售服务有限公司,北京国生,13717606882,010-84915566,100012,1,116.453889,40.021111,5,bjgs,10
12,CH1190,2,二区,北京市,110000,北京市,110100,beijing,北京丰台区万丰路288号,北京卫宇行汽车服务有限公司,北京卫宇行,13910263888,010-63818811,100161,1,116.295278,39.877778,5,bjwyh,12
13,CH1197,2,二区,北京市,110000,北京市,110100,beijing,北京经济技术开发区万源街18号1幢一层、二层,北京合通汽车服务有限公司,北京合通,13501241772,010-52163188,100176,1,116.513611,39.807778,0,bjht,4
1,CH1200,4,四区,广东省,440000,广州市,440100,guangzhou,广东省广州市黄埔区科学城南云五路8号（姬堂工业园）,广州安骅骅通汽车销售服务有限公司,广州安骅骅通,13826228865,020-62933933,510660,1,113.401389,23.108889,5,gzayyt,531
2,CH1201,4,四区,广东省,440000,广州市,440100,guangzhou,广州市花都区新华镇建设北路与平步大道交汇处,广州市南菱博通汽车销售服务有限公司,广州南菱博通,13751877313,202-28615777,510800,1,113.213889,23.426667,5,gznlbt,526
3,CH1202,4,四区,广东省,440000,广州市,440100,guangzhou,广州市增城107国道边新塘镇白江村田吓社耙岭,广州安骅骅新汽车有限公司,广州安骅骅新,13928935800,-,510600,1,113.598889,23.114444,0,gzahhx,530
4,CH1203,4,四区,广东省,440000,广州市,440100,guangzhou,广州番禺区沙头街沙头村西环路工业区东区自编1号,广州迅敏汽车销售服务有限公司,广州迅敏,,-,511442,1,113.351944,22.947778,,gzxm,753
5,CH1204,4,四区,广东省,440000,广州市,440100,guangzhou,广州市白云区白云大道北1403号,广州市南菱汇通汽车有限公司,广州南菱汇通,15920105648,020-28272388,510440,1,113.302778,23.230278,5,gznlht,496
6,CH1210,4,四区,广东省,440000,广州市,440100,guangzhou,广州市白云区机场路888-1086号广东汽车市场内8号楼首层,广东广物金通达汽车贸易有限公司,广东广物金通达,15913198610,020-86328668,510410,1,113.260556,23.185833,5,gwjtd,529
1,CH1212,4,四区,广东省,440000,韶关市,440200,shaoguan,韶关市韶南大道南郊八公里荣和汽贸,韶关市荣和志宏汽车贸易有限公司,韶关荣和志宏,18344496544,0751-8602333,512000,1,113.579444,24.726111,3,sgsrhzh,896
7,CH1215,4,四区,广东省,440000,广州市,440100,guangzhou,广东省广州市海珠区广州大道南1218号（上冲汽车站旁/地铁三号线大塘站）,广州美骐汽车有限公司,广州美骐,13631452227,020-89801128,510300,1,113.312222,23.078333,5,gzmq,527
8,CH1216,4,四区,广东省,440000,广州市,440100,guangzhou,广州番禺区番禺大道冼庄立交南300米瑞华汽车城内,广州迅锐汽车销售服务有限公司,广州迅锐,18011836118,020-34829111,511442,1,113.355556,22.981667,5,gzxr,528
1,CH1220,4,四区,广东省,440000,深圳市,440300,shenzhen,深圳市福田区滨河路9333号-2,深圳市标远投资有限公司,深圳标远,18307550910,0755-82028115,518040,1,114.019504,22.526848,1,szbyqc,517
2,CH1221,4,四区,广东省,440000,深圳市,440300,shenzhen,广东省深圳市南山区南头检查站关口二路嘉进隆前海汽车城A区03号,深圳市大兴宝力汽车有限公司,深圳大兴宝力,13502897518,0755-26418888,518043,1,113.908333,22.544444,5,szdxbl,514
3,CH1222,4,四区,广东省,440000,深圳市,440300,shenzhen,广东省深圳市宝安区34区宝民一路282号,深圳市标域汽车销售服务有限公司,深圳标域,15899774497,0755-27833566,518101,1,113.901111,22.562222,5,szby,516
2,CH1223,4,四区,广东省,440000,惠州市,441300,huizhou,广东省惠州市惠城区河南岸汽车大市场光辉国际公寓首层,惠州市标远实业有限公司,惠州标远,13825410038,0752-2528238,516001,1,114.415833,23.065,0,hzby,510
1,CH1225,4,四区,广东省,440000,佛山市,440600,foshan,广东省佛山市顺德区大良广珠公路新松路段（新协力一营）,佛山市顺协汽车销售服务有限公司,佛山顺协,18689261818,0757-22361161,528300,1,113.229167,22.858611,3,fssx,506
1,CH1230,4,四区,广东省,440000,汕头市,440500,shantou,广东省汕头市泰山路8号标远汽车城,汕头市标远贸易有限公司,汕头标远,15918958888,0754-88823206,515000,1,116.753611,23.356111,0,stby,509
2,CH1231,4,四区,广东省,440000,佛山市,440600,foshan,佛山市南海区桂城街道海八路61号桂江立交桥侧,佛山时利和申联汽车销售服务有限公司,佛山时利和申联,13928662063,0757-86257999,528200,1,113.142778,23.066667,0,fsslhsl,503
3,CH1232,4,四区,广东省,440000,佛山市,440600,foshan,广东省佛山市禅城区南庄吉利大道（原死致罚┘利工业园对面,佛山市迅锐汽车销售服务有限公司,佛山迅锐,18927723188,0757-82529800,528061,1,113.033056,22.953889,4,fsxr,490
1,CH1241,4,四区,广东省,440000,江门市,440700,jiangmen,江门市蓬江区建设三路185号2幢,江门市雪腾汽车销售服务有限公司,江门雪腾,,0750-3281500,529000,1,113.061111,22.640556,,jmxt,949
1,CH1246,4,四区,广东省,440000,清远市,441800,qingyuan,广东省清远市小市新城广清大道南菱汽车城,清远市南菱汇通汽车销售服务有限公司,清远南菱汇通,13926675501,0763-6890888,511500,1,113.052778,23.665278,5,qynlht,525
1,CH1250,4,四区,广东省,440000,珠海市,440400,zhuhai,珠海市香洲区旅游路68号,珠海华发德和汽车有限公司,珠海德和,13392971014,0756-8580128,519000,1,113.511944,22.278889,0,zhdh,504
2,CH1251,4,四区,广东省,440000,珠海市,440400,zhuhai,珠海市前山界冲广珠西路政府洗车场办公展厅,珠海安骅安通汽车有限公司,珠海安骅安通,13417946167,0756-6290222,519070,1,113.476389,22.309167,0,zhahat,493
1,CH1261,4,四区,广东省,440000,茂名市,440900,maoming,茂名市高水路鲤鱼岭南香村委会南面,茂名市京粤名通汽车有限公司,茂名京粤名通,13727703631,0668-2222922,525000,1,110.951111,21.636944,5,mmjemt,499
1,CH1262,4,四区,广东省,440000,湛江市,440800,zhanjiang,广东省湛江市赤坎区东盛路7号海天国际车城内,湛江源流浩锦汽车销售有限公司,湛江源流,,0759-3333818,524000,1,110.378333,21.298333,,zjhj,885
1,CH1270,4,四区,广东省,440000,东莞市,441900,dongguan,广东省东莞市南城区莞太路白马路段骏马山庄旁,东莞市会通汽车贸易有限公司,东莞会通,13415905181,0769-22996699,523000,1,113.710278,22.9825,5,dght,522
2,CH1271,4,四区,广东省,440000,东莞市,441900,dongguan,广东省东莞市莞樟公路与环城路交界口,东莞市志祥汽车销售服务有限公司,东莞志祥,18673048285,0769-83222333,523400,1,113.808889,23.026111,5,dgzx,524
3,CH1272,4,四区,广东省,440000,东莞市,441900,dongguan,广东省东莞市虎门镇S358省道龙眼路段31号之3,东莞市虎门志诚汽车销售服务有限公司,东莞市虎门志诚,13580818991,0769-81519777,523932,1,113.704167,22.830556,5,dghmzc,523
4,CH1273,4,四区,广东省,440000,东莞市,441900,dongguan,东莞市寮步镇国际汽车城内,东莞市南菱博通汽车销售服务有限公司,东莞南菱博通,13925551213,0769-83300866,523400,1,113.848611,23.010278,5,dgnlbt,505
2,CH1281,4,四区,广东省,440000,江门市,440700,jiangmen,江门市江海区五邑路121号利生汽车服务维修中心展厅第三层东边A室,江门市汇通汽车有限公司,江门汇通,13630481990,0750-3757333,529060,1,113.077778,22.549444,5,jmht,486
1,CH1285,4,四区,广东省,440000,肇庆市,441200,zhaoqing,广东省肇庆市肇庆大道美轮车城北区（肇庆学院东侧）,肇庆美轮庆莱汽车有限公司,肇庆美轮庆莱,15018111920,0758-2776277,526060,1,112.496667,23.103611,0,zqmlql,508
4,CH1290,4,四区,广东省,440000,深圳市,440300,shenzhen,广东省深圳市罗湖区清水河一路博隆大厦首层,深圳市红彤东浩汽车销售服务有限公司,深圳红彤东浩,15078804467,0755-25920000,518023,1,114.108889,22.562222,4,szhtdh,518
5,CH1291,4,四区,广东省,440000,深圳市,440300,shenzhen,深圳市龙岗区布吉街道布澜路7号（布吉交警中队对面）,深圳市安骅骅通汽车销售服务有限公司,深圳安骅骅通,15014031355,0755-89511333,518114,1,114.137222,22.6275,3,szayyt,521
6,CH1293,4,四区,广东省,440000,深圳市,440300,shenzhen,深圳市光明新区公明街道塘尾社区180号第一层,深圳市大兴宝典汽车有限公司,深圳大兴,13631524144,-,518106,1,113.904167,22.741667,3,szdxbd,497
1,CH1295,4,四区,广东省,440000,河源市,441600,heyuan,广东省河源市岩前双下路A2栋,河源市标远南方汽车销售服务有限公司,河源标远南方,13794704420,0762-3106988,517000,1,114.697778,23.718611,0,hyby,495
1,CH1296,4,四区,广东省,440000,阳江市,441700,yangjiang,阳江市江城区金山路南侧边,阳江安捷源通汽车销售服务有限公司,阳江安捷源通,18033302582,0662-3532888,529500,1,111.970833,21.883333,0,yjanyt,488
5,CH1297,4,四区,广东省,440000,东莞市,441900,dongguan,东莞市塘厦镇东深二路北8号,东莞市永凯汽车销售服务有限公司,东莞永凯,15989698378,0769-82960111,523711,1,114.101111,22.846944,0,dgyk,501
4,CH1298,4,四区,广东省,440000,佛山市,440600,foshan,广东省佛山市广海大道东原G321国道（三水金太阳酒店东行700米）,佛山申联汽车销售服务有限公司,佛山申联,18680025147,0757-66862999,528222,1,112.932778,23.144444,5,fssl,491
1,CH1299,4,四区,广东省,440000,中山市,442000,zhongshan,中山市小榄镇菊城大道西,中山悦来汽车销售有限公司,中山悦来,13923341232,0760-22282626,528400,1,113.221944,22.65,0,zsyl,485
1,CH1300,8,八区,江苏省,320000,苏州市,320500,suzhou1,苏州市吴中区木渎镇中山东路156号4幢,苏州华田汽车销售服务有限公司,苏州华田,15962220681,0512-66513288,215101,1,120.539167,31.260556,5,szht,179
2,CH1302,8,八区,江苏省,320000,苏州市,320500,suzhou1,吴东路1398号,苏州华胜汽车销售服务有限公司,苏州华胜,13771716132,0512-67605888,215006,1,120.652778,31.27,3,szhs,183
3,CH1303,8,八区,江苏省,320000,苏州市,320500,suzhou1,吴江市八坼友谊开发区,吴江明诚汽车销售服务有限公司,吴江明诚,15862558760,0512-63360780,215200,1,120.673611,31.109444,0,wjmc,193
1,CH1304,8,八区,江苏省,320000,淮安市,320800,huaian,江苏省淮安市淮阴区黄河东路198号,江苏舜天元泰汽车销售服务有限公司,江苏舜天元泰,18952369182,0517-84917770,223300,1,119.058611,33.616667,5,jsstys,216
4,CH1305,8,八区,江苏省,320000,苏州市,320500,suzhou1,江苏省常熟市青墩塘路188号汽车市场品牌区,常熟亚泰汽车销售服务有限公司,常熟亚泰,15150360998,0512-52306688,215500,1,120.796389,31.635,5,csyt,221
5,CH1306,8,八区,江苏省,320000,苏州市,320500,suzhou1,江苏省苏州市高新区广达路8号,苏州亚奥汽车销售服务有限公司,苏州亚奥,13915651055,0512-69202088,215000,1,120.556389,31.321667,5,szya,220
1,CH1307,8,八区,江苏省,320000,泰州市,321200,taizhou1,泰兴市江平北路12号,泰兴市嘉通汽车销售服务有限公司,泰兴嘉通,13179439266,-,225400,1,120.003889,32.174722,3,txjt,201
1,CH1308,8,八区,江苏省,320000,宿迁市,321300,suqian,江苏省宿迁市双庄街西红海路汽车产业园内,宿迁永驰汽车销售服务有限公司,宿迁永驰,15189052738,0527-81885888,223800,1,118.238333,33.935,5,sqyc,180
1,CH1310,8,八区,江苏省,320000,南京市,320100,nanjing,南京市栖霞区仙隐北路28号,江苏天泓雪莱汽车服务有限公司,江苏天泓雪莱,18951736407,025-85459108,210046,1,118.887778,32.104167,5,jsthxl,223
6,CH1312,8,八区,江苏省,320000,苏州市,320500,suzhou1,江苏省常熟市海虞镇人民路南,常熟亚豪汽车销售服务有限公司,常熟亚豪,13814998890,0512-52561201,215500,1,120.813056,31.738889,4,csyh,219
2,CH1315,8,八区,江苏省,320000,南京市,320100,nanjing,江苏省南京市秦淮区宏光路276号,江苏米兰汽车贸易有限公司,江苏米兰,18913316833,025-52309777,210007,1,118.81,32.004167,0,jsml,213
3,CH1316,8,八区,江苏省,320000,南京市,320100,nanjing,南京市雨花台区岱山新村衡村街10-26号,南京朗驰集团昌润汽车销售服务有限公司,南京昌润,13584004545,025-84279388,32492394@qq.com,210000,1,111,111,3,njcr,205
4,CH1317,8,八区,江苏省,320000,南京市,320100,nanjing,南京市江宁区东麒路南京汽车4S园,江苏华海雪莱汽车销售服务有限公司,江苏华海雪莱,15195755020,025-52708722,210012,1,118.876111,31.978333,5,jshhxl,185
1,CH1320,8,八区,江苏省,320000,无锡市,320200,wuxi,无锡市学前东路宁海里段（华东商贸城）,无锡泓通汽车销售服务有限公司,无锡泓通,13306195028,0510-82136789,214000,1,120.339444,31.583056,5,wxht,198
2,CH1321,8,八区,江苏省,320000,泰州市,321200,taizhou1,江苏省姜堰市梁徐镇双登科工园内,泰州市姜堰区海鹏汽车销售服务有限公司,泰州姜堰区海鹏,13182268868,0523-88515188,225500,1,120.107778,32.481667,0,tzjyho,199
5,CH1322,8,八区,江苏省,320000,南京市,320100,nanjing,江苏省溧水市经济开发区汽车城商贸城,南京华海海莱汽车销售服务有限公司,南京华海海莱,13401950908,025-56236688,211200,1,119.002778,31.678056,4,njhhhl,218
2,CH1323,8,八区,江苏省,320000,无锡市,320200,wuxi,无锡市惠山区江海西路1105号（锡宜高速西出口旁）,无锡泓通雪斓汽车销售服务有限公司,无锡泓通雪斓,13395180100,0510-81192200,214000,1,120.231111,31.615556,0,wxhtxl,164
1,CH1325,8,八区,江苏省,320000,镇江市,321100,zhenjiang,丹阳开发区黄金塘东路,丹阳恒隆汽车销售服务有限公司,丹阳恒隆,18362031319,0511-86919555,212314,1,119.593889,32.040833,4,dyhl,192
1,CH1326,8,八区,江苏省,320000,南通市,320600,nantong,南通市开发区星湖大道1071号,南通长江星河汽车销售服务有限公司,南通长江星河,13861935723,0513-89191999,226009,1,120.949167,31.921389,4,ntcjxh,167
2,CH1327,8,八区,江苏省,320000,南通市,320600,nantong,如皋市如城镇惠政西路30号,南通益通汽车销售服务有限公司,南通益通,15162750513,0513-87208999,226500,1,120.582778,32.370556,3,ntyt,166
1,CH1329,8,八区,江苏省,320000,扬州市,321000,yangzhou,扬州市维扬区荷叶东路168号,扬州佳润汽车销售服务有限公司,扬州佳润,,0514-80929222,225000,1,119.388056,32.448611,0,yzjr,162
3,CH1330,8,八区,江苏省,320000,无锡市,320200,wuxi,江苏省无锡市新区金城东路290号,无锡东方美通汽车销售服务有限公司,无锡东方美通,18921274956,0510-85292666,214111,1,120.403611,31.569444,4,wxdfmt,165
3,CH1332,8,八区,江苏省,320000,南通市,320600,nantong,南通市城港路与永兴路交叉口,南通恒大行汽车销售服务有限公司,南通恒大行,15850488666,0513-81593888,226002,1,120.814722,32.041111,0,nthdh,868
1,CH1335,8,八区,江苏省,320000,徐州市,320300,xuzhou,徐州市三环东路香山物流东200米,徐州润东瑞景汽车销售服务有限公司,徐州润东瑞景,18852180782,0516-87774444,221001,1,117.234444,34.281944,5,xzrdrj,194
2,CH1336,8,八区,江苏省,320000,徐州市,320300,xuzhou,徐州市复兴北路延长段6-1号,徐州安达汽车销售服务有限公司,徐州安达,18626039388,0516-87560000,221000,1,117.210833,34.295,5,xzad,204
4,CH1340,8,八区,江苏省,320000,南通市,320600,nantong,南通市通甲路588号,南通新城集团汽车销售服务有限公司,南通新城,18795750887,0513-85266888,226014,1,120.919722,32.011389,0,ntxcjt,211
2,CH1343,8,八区,江苏省,320000,宿迁市,321300,suqian,沭阳县沭城镇学院路2号,宿迁恒驰汽车销售服务有限公司,宿迁恒驰,18505273889,0527-83696666,223600,1,118.795278,34.094444,3,sqhc,212
1,CH1345,8,八区,江苏省,320000,连云港市,320700,lianyungang,连云港市新浦区瀛洲南路236号,连云港万运汽车销售服务有限公司,连云港万运,13815657509,0518-85380666,222062,1,119.229722,34.551667,0,lygwy,206
1,CH1350,8,八区,江苏省,320000,常州市,320400,changzhou,武进汽车城C区9号,常州常雪汽车销售服务有限公司,常州常雪,13775197007,0519-86903399,213164,1,119.963889,31.692778,5,czcx,197
2,CH1351,8,八区,江苏省,320000,常州市,320400,changzhou,钟楼经济开发区汽车服务中心A-06-01,常州常申汽车销售服务有限公司,常州常申,15206113215,0519-81693399,213023,1,119.885556,31.791111,4,czcs,168
2,CH1353,8,八区,江苏省,320000,淮安市,320800,huaian,淮安市清河新区旺旺路89号,淮安舜天元泰汽车销售服务有限公司,淮安舜天元泰,18952369161,0517-89366888,223001,1,119.12,33.613056,3,hastyt,159
5,CH1357,8,八区,江苏省,320000,南通市,320600,nantong,启东市民主工业集中区118号,启东文峰伟达汽车销售服务有限公司,启东文峰,18362127167,0513-83627888,226200,1,121.581944,31.833611,5,qdwfwd,889
2,CH1360,8,八区,江苏省,320000,盐城市,320900,yancheng,江苏省盐城市经济开发区希望大道南路9号（森风汽车城内）,森风集团盐城仁德汽车有限公司,盐城仁德,18068888315,0515-89882588,224007,1,120.224722,33.383611,5,jssfrd,217
3,CH1361,8,八区,江苏省,320000,盐城市,320900,yancheng,盐城市盐都区开发大道88号,盐城金聚汽车销售服务有限公司,盐城金聚,18066197911,0515-81081111,224055,1,120.135,33.328611,5,ycjj,176
7,CH1370,8,八区,江苏省,320000,苏州市,320500,suzhou1,开发区长江南路1131号,昆山华阳汽车贸易服务有限公司,昆山华阳,,0512-86106666,215300,1,120.980278,31.361667,0,kshy,224
8,CH1375,8,八区,江苏省,320000,苏州市,320500,suzhou1,杨舍镇民丰村（东区大道西侧）,张家港市森久汽车销售服务有限公司,张家港森久,13405611808,0512-56760618,215600,1,120.568333,31.838611,4,zjgssj,191
4,CH1376,8,八区,江苏省,320000,无锡市,320200,wuxi,江阴市锡澄路155号（食品城对面）,江阴市吉运汽车有限公司,江阴吉运,13915248860,0510-68826666,214400,1,120.2525,31.874722,0,jyjy,158
5,CH1380,8,八区,江苏省,320000,无锡市,320200,wuxi,江阴市澄扬路56号,江阴市海雪汽车销售服务有限公司,江阴海雪,18912483769,0510-86289922,214432,1,120.309444,31.883889,5,jyhx,184
6,CH1382,8,八区,江苏省,320000,南通市,320600,nantong,江苏省海门市人民西路1688号,海门市常丰汽车销售服务有限公司,海门常丰,15950852525,0513-68908888,226100,1,121.119444,31.886667,4,hmcf,853
6,CH1385,8,八区,江苏省,320000,无锡市,320200,wuxi,宜兴市经济开发区轸村村（融达汽车城）,宜兴市汇通汽车销售服务有限公司,宜兴汇通,18761558266,0510-87223000,214200,1,119.783333,31.386389,3,yxht,225
2,CH1390,8,八区,江苏省,320000,扬州市,321000,yangzhou,扬州市万福路258号,扬州润通汽车销售服务有限公司,扬州润通,18852596332,0514-87893999,225000,1,119.500556,32.413056,5,yzrt,190
3,CH1395,8,八区,江苏省,320000,泰州市,321200,taizhou1,泰州市泰东工业园兴泰公路西侧,泰州宝通汽车销售服务有限公司,泰州宝通,15152618616,0523-86986666,225300,1,119.9675,32.514167,0,tzbt,174
4,CH1396,8,八区,江苏省,320000,泰州市,321200,taizhou1,泰州市国际汽车城鹏举路158号,泰州景泰汽车销售服务有限公司,泰州景泰,15850870467,0523-86896300,225300,1,119.903889,32.423333,4,tzjt,202
2,CH1397,8,八区,江苏省,320000,镇江市,321100,zhenjiang,镇江新区丁卯经十二路660号,镇江恒隆雪莱汽车销售服务有限公司,镇江恒隆,15262923028,0511-88796111,212000,1,119.512778,32.178611,4,zjhl,160
3,CH1399,8,八区,江苏省,320000,常州市,320400,changzhou,常州市新北区九江路8号,常州外汽新来汽车销售服务有限公司,常州外汽新来,13961181515,0519-88066880,213001,1,119.9825,31.8375,0,czwqdl,157
1,CH1400,1,一区,山东省,370000,济南市,370100,jinan,山东省济南市经十西路济南润华汽车主题公园,山东润艺汽车销售服务有限公司,山东润艺,13573186996,0531-87297878,sdry@vip.163.com,250117,1,116.839722,36.639444,5,sdry,387
1,CH1401,1,一区,山东省,370000,菏泽市,371700,heze,山东省菏泽市广州路北段2888号（润华汽车园）,菏泽润艺汽车销售服务有限公司,菏泽润艺,13793002545,0530-5537000,274000,1,115.525,35.251111,4,hzry,384
1,CH1405,1,一区,山东省,370000,济宁市,370800,jining,山东省济宁市高新区老327国道88号润华汽车广场（车管所西200米）,济宁润豪汽车销售服务有限公司,济宁润豪,13905378908,0537-2988666,272073,1,116.674444,35.438889,5,jnrh,381
2,CH1406,1,一区,山东省,370000,济宁市,370800,jining,邹城市国宏大道6369-1号,邹城润德汽车销售服务有限公司,邹城润德,18653121360,0537-5510777,273500,1,116.936111,35.393056,0,zcrd,382
3,CH1407,1,一区,山东省,370000,济宁市,370800,jining,山东省济宁市新327国道哺河桥东188米圣达汽车城,济宁朗巍宇宁汽车销售服务有限公司,济宁朗巍宇宁,15106797213,0537--5153555,272000,1,116.6175,35.43,5,jnlwyn,368
2,CH1412,1,一区,山东省,370000,青岛市,370200,qingdao,山东省青岛平度市胶平路288号（长途汽车站西侧）,青岛平运汽车销售维修有限公司,青岛平运,13583240000,0532-88365588,266700,1,119.953889,36.761111,0,qdpy,392
3,CH1413,1,一区,山东省,370000,青岛市,370200,qingdao,胶南市泰山西路566号,青岛金惠达汽车销售服务有限公司,青岛金惠达,18561882277,0532-86135555,266400,1,119.956111,35.885278,0,qdjhd,373
4,CH1414,1,一区,山东省,370000,青岛市,370200,qingdao,山东省青岛市城阳区黑龙江中路385号润华汽车园（流亭立交桥南1公里）,青岛润威汽车销售服务有限公司,青岛润威,18560688997,0532-87985666,266000,1,120.422222,36.258056,5,qdrw,379
5,CH1418,1,一区,山东省,370000,青岛市,370200,qingdao,青岛市崂山区龙岗路15号,青岛成汇达汽车销售服务有限公司,青岛成汇达,15964980557,0532-86122555,266101,1,120.445278,36.119167,5,qdchd,378
1,CH1420,1,一区,山东省,370000,烟台市,370600,yantai,山东省烟台市莱山区盛泉工业园,烟台华洋汽车销售服务有限公司,烟台华洋,18653505915,0535-6019666,264000,1,121.409722,37.415,3,ythy,376
2,CH1422,1,一区,山东省,370000,烟台市,370600,yantai,新嘉街道张郑村北龙口,烟台金岭龙兴汽车销售服务有限公司,烟台金岭龙兴,,0535-8559222,265711,1,120.458889,37.657222,0,ytjllx,355
3,CH1423,1,一区,山东省,370000,烟台市,370600,yantai,山东省招远市普照路186号,山东玲珑汽贸有限公司,山东玲珑,13791180999,0535-8240088,265400,1,120.396944,37.345278,0,sdll,356
1,CH1426,1,一区,山东省,370000,滨州市,371600,binzhou,滨州市北外环路777号（东方红路口向东300米路北）,滨州市金通汽车销售服务有限公司,滨州金通,18206569416,0543-2297999,256600,1,118.011667,37.438333,5,bzjt,365
1,CH1430,1,一区,山东省,370000,潍坊市,370700,weifang,潍坊市寒亭区海龙路369号,潍坊润兰汽车销售服务有限公司,潍坊润兰,13153660666,0536-76369000,261100,1,119.184722,36.758611,5,wfrl,383
2,CH1431,1,一区,山东省,370000,潍坊市,370700,weifang,山东省潍坊市奎文区潍州路418号（金宝乐园南2公里路西）,潍坊瑞星汽车销售服务有限公司,潍坊瑞星,15964045336,0536-8818883,261200,1,119.132222,36.624722,5,wfrx,399
3,CH1432,1,一区,山东省,370000,潍坊市,370700,weifang,青州市驼山北路998号,青州润兰汽车销售服务有限公司,青州润兰,18265677826,0536-3298123,262500,1,118.473056,36.725,4,qzrl,385
4,CH1433,1,一区,山东省,370000,潍坊市,370700,weifang,山东省寿光市莱博会东1.5公里路北（圣龙钢构院内）,潍坊瑞信汽车销售服务有限公司,潍坊瑞信,18264623279,0536-5678588,262705,1,118.839444,36.852778,4,wfrxqc,398
1,CH1435,1,一区,山东省,370000,枣庄市,370400,zaozhuang,山东省枣庄市光明大道张范汽车城（BRT站北200米路东）,枣庄金通汽车销售服务有限公司,枣庄金通,18006320166,0632-8265666,277800,1,117.439722,34.843056,5,ZZJT,370
2,CH1440,1,一区,山东省,370000,济南市,370100,jinan,山东省济南市高新区世纪大道1号（润华汽车东部园区）,山东润艺天成汽车销售服务有限公司,山东润艺天成,13789807119,0531-88772111,rytc@runhua.com.cn,250032,1,117.039167,36.728056,0,rytcqc,380
1,CH1445,1,一区,山东省,370000,泰安市,370900,taian,泰安市泰东路青春创业开发区段(泰山国际汽车城),泰安岳海兰泰汽车销售服务有限公司,泰安岳海兰泰雪佛兰4s店,18661301117,0538-8567222,271000,1,117.030556,36.154167,0,tayhlt,363
1,CH1451,1,一区,山东省,370000,临沂市,371300,linyi,山东省临沂市蒙山大道与沂河路（金九路）交汇处向西1公里路南,临沂凯华汽车销售服务有限公司,临沂凯华,13805392600,0539-7068678,276000,1,118.298056,35.015833,5,lykh,393
2,CH1452,1,一区,山东省,370000,临沂市,371300,linyi,山东省临沂市沂水县工业园腾飞路东段新汽车站路口东1000米路南,沂水凯华汽车销售服务有限公司,沂水凯华,18205493460,0539-2227177,276400,1,118.634444,35.808889,3,yskh,391
3,CH1453,1,一区,山东省,370000,临沂市,371300,linyi,山东省临沂市河东区外环路与凤凰大街交汇处北,临沂悦翔汽车销售服务有限公司,临沂悦翔,15666877171,0539-7675588,276000,1,118.405833,35.084444,4,sdlyyx,377
4,CH1454,1,一区,山东省,370000,临沂市,371300,linyi,山东省临沂市费县东外环路新一中北300米路西,费县凯华汽车销售服务有限公司,费县凯华,13792975619,0539-5937777,273400,1,117.951111,35.273889,0,fxkh,395
1,CH1455,1,一区,山东省,370000,德州市,371400,dezhou,山东省德州市经济开发区新河东路1288号,德州通宇汽车销售服务有限公司,德州通宇,15589162903,0534-2727666,253300,1,116.34,37.418889,5,dzty,405
5,CH1456,1,一区,山东省,370000,临沂市,371300,linyi,莒南县南环路西段金山加油站东300米路南,莒南凯华汽车销售服务有限公司,莒南凯华,,0539-7689777,276600,1,118.788056,35.153889,0,jnkh,394
2,CH1458,1,一区,山东省,370000,德州市,371400,dezhou,山东省德州市德城区东风东路大雁岛东800米路北,德州鸿润汽车销售服务有限公司,德州鸿润,15066568868,0534-2784888,253000,1,116.402222,37.41,4,dzhr,358
1,CH1460,1,一区,山东省,370000,威海市,371000,weihai,山东省威海市环翠区青岛南路228-1号,威海市美裕达汽车销售服务有限公司,威海市美裕达,13184192288,0631-5922366,264200,1,122.160278,37.392778,4,whsmyd,402
2,CH1462,1,一区,山东省,370000,威海市,371000,weihai,山东省威海市文登区迎春路九里汽车城,威海市美亚达汽车销售服务有限公司,威海美亚达,,0631-8182688,264400,1,122.023056,37.185833,0,whmyd,400
3,CH1463,1,一区,山东省,370000,威海市,371000,weihai,山东省荣成市凭海西路（新汽车站西1000米小迟家村西）,威海市美昌达汽车销售服务有限公司,威海美昌达,,0631-7623888,264300,1,122.410278,37.119167,0,whsmcd,352
6,CH1468,1,一区,山东省,370000,青岛市,370200,qingdao,山东省青岛市黄岛区团结路378号（麦德龙北100米）,青岛聚兴汽车销售服务有限公司,青岛聚兴,18561709129,0532-86762866,266555,1,120.160833,35.9875,3,qdjx,836
1,CH1470,1,一区,山东省,370000,淄博市,370300,zibo,山东省淄博市张店区山泉路146号,淄博铸泰汽车销售服务有限公司,淄博铸泰,18653378753,0533-2977001,255060,1,118.027222,36.751111,4,zbzt,362
2,CH1471,1,一区,山东省,370000,淄博市,370300,zibo,淄博市张店区中心路283号,淄博昌润汽车销售有限公司,淄博久期,13668632227,0533-3589699,255000,1,118.075,36.854444,4,zbcr,389
1,CH1472,1,一区,山东省,370000,聊城市,371500,liaocheng,山东省聊城市光岳路与湖南路交界处（金羊汽车城）南1公里路东,聊城金领汽车销售服务有限公司,聊城金领,18864908887,0635-8501234,252000,1,116.020278,36.423611,5,lcjl,353
2,CH1475,1,一区,山东省,370000,聊城市,371500,liaocheng,光岳路北段江北汽车城院内4S店,聊城通泰汽车销售服务有限公司,聊城通泰,15806988808,0635-6977777,252000,1,116.029722,36.480278,5,lctt,388
1,CH1481,1,一区,山东省,370000,日照市,371100,rizhao,山东省日照市经济开发区204国道西侧,日照鸿发海通汽车销售服务有限公司,日照鸿发海通,13806332291,0633-3987977,276800,1,119.428889,35.387778,4,rzhfht,407
2,CH1482,1,一区,山东省,370000,日照市,371100,rizhao,山东省日照市莒县城区青年北路,莒县鸿发汽车销售服务有限公司,莒县鸿发,18006335512,0633-7962556,276500,1,118.831389,35.595833,0,jxhf,406
3,CH1485,1,一区,山东省,370000,济南市,370100,jinan,山东省济南市望岳路3777号（英雄山路延长线鸿发汽车城）,山东鸿发森泉汽车销售服务有限公司,山东鸿发森泉,18563710167,0531-82787000,250002,1,116.987222,36.568333,5,sdhfsq,345
5,CH1489,1,一区,山东省,370000,潍坊市,370700,weifang,山东省诸城市北外环路西段南侧,诸城广潍天成汽车销售服务有限公司,诸城广潍天成,18865365711,0536-6017686,262200,1,119.365,36.034444,3,zcgwtc,404
4,CH1491,1,一区,山东省,370000,烟台市,370600,yantai,山东省烟台莱州市虎头崖镇西十里堡村（G206国道）,烟台君悦汽车销售有限公司,烟台君悦,15666558129,0535-2886188,261400,1,119.897778,37.151111,0,ytjy,343
6,CH1492,1,一区,山东省,370000,潍坊市,370700,weifang,山东省潍坊市潍城区北宫西街7007号（与西环路交叉口）,潍坊瑞锦汽车销售服务有限公司,潍坊瑞锦,13685361611,0536-8162000,261057,1,119.035833,36.725833,3,wfrj,351
3,CH1493,1,一区,山东省,370000,淄博市,370300,zibo,山东省淄博市张店区309国道与滨博高速交岔路口南,淄博世纪嘉园汽车销售服务有限公司,淄博世纪嘉园,15094891989,0533-6018566,255304,1,117.959167,36.786389,4,zbsjjy,354
2,CH1494,1,一区,山东省,370000,泰安市,370900,taian,山东省泰安市泰山区明堂路56号泰安鸿发汽车园内（方特游乐园南3公里）,泰安沃通汽车销售服务有限公司,泰安沃通,18605380855,0538-6526666,271000,1,117.205278,36.205278,5,tawt,350
5,CH1496,1,一区,山东省,370000,烟台市,370600,yantai,烟台市芝罘区世青路258号,烟台君通美达汽车销售有限公司,烟台君通美达,15668081055,0535-6021888,264000,1,121.373889,37.531944,4,ytjtmd,348
3,CH1497,1,一区,山东省,370000,日照市,371100,rizhao,山东省日照市奎山204国道东（远通大发汽车城院内）,日照骏华汽车销售服务有限公司,日照骏华,13953969709,0633-8619977,276826,1,119.443333,35.405,0,rzjh,341
2,CH1498,1,一区,山东省,370000,菏泽市,371700,heze,山东省菏泽市牡丹区昆明路2999号,菏泽润艺天成汽车销售服务有限公司,菏泽润艺天成,18605305200,4008724187,rytcsc@163.com,274000,1,115.420556,35.283333,5,hzrytc,346
1,CH1500,7,七区,浙江省,330000,杭州市,330100,hangzhou,杭州市沈半路298号,浙江元通兰通汽车有限公司,浙江元通兰通,13216168750,0571-28909810,310015,1,120.169444,30.3275,5,zjlt,261
2,CH1501,7,七区,浙江省,330000,杭州市,330100,hangzhou,西湖区古墩路1001号,浙江瑞雪汽车有限公司,浙江瑞雪,15068793093,0571-28002100,310030,1,120.093889,30.316389,4,zjrx,249
3,CH1505,7,七区,浙江省,330000,杭州市,330100,hangzhou,浙江省杭州市萧山经济开发区世纪车城旺园路219号,杭州米家铭杰汽车销售服务有限公司,杭州米家铭杰,15868822121,0571-82875500,311215,1,120.290278,30.203611,3,hzmjmj,243
1,CH1506,7,七区,浙江省,330000,嘉兴市,330400,jiaxing,桐乡市庆丰南路919号,桐乡市银通汽车销售服务有限公司,桐乡银通,13867329496,0573-88885298,314500,1,120.551389,30.606111,3,txyt,279
2,CH1507,7,七区,浙江省,330000,嘉兴市,330400,jiaxing,浙江省嘉兴市海盐县武原镇新桥北路225号,海盐银通汽车销售服务有限公司,海盐银通,18657307268,0573-86178333,314300,1,120.95,30.5325,0,hyyt,280
4,CH1511,7,七区,浙江省,330000,杭州市,330100,hangzhou,富阳市高桥镇金桥北路988号,杭州诚和汽车有限公司,杭州诚和,18758188327,0571-63433900,311402,1,119.931944,30.092778,5,hzch,235
3,CH1512,7,七区,浙江省,330000,嘉兴市,330400,jiaxing,海宁经济开发区文苑路477号,海宁银通汽车销售服务有限公司,海宁银通,15381213880,0573-80702777,314400,1,120.679722,30.543333,3,hnyt,231
1,CH1515,7,七区,浙江省,330000,温州市,330300,wenzhou,浙江省瑞安市塘下镇塘西村中心中路104国道旁,瑞安市五洲汽车销售服务有限公司,瑞安市五洲,13868820952,0577-65376620,325204,1,120.676389,27.823611,3,rawz,282
1,CH1517,7,七区,浙江省,330000,湖州市,330500,huzhou,长兴县经济开发区D区洪四路与经四路交叉口,长兴兴盛汽车销售服务有限公司,长兴兴盛,13906825990,0572-6368888,313100,1,119.944722,30.990833,3,cxxs,233
4,CH1518,7,七区,浙江省,330000,嘉兴市,330400,jiaxing,浙江省嘉兴市中环南路999-5号汽车商贸园入口,嘉兴永欣汽车有限公司,嘉兴永欣,15888316890,0573-83580008,314000,1,120.806111,30.735833,0,jxyx,237
2,CH1526,7,七区,浙江省,330000,温州市,330300,wenzhou,平阳县鳌江务工业区104国道旁,平阳冠峰汽车销售服务有限公司,平阳冠峰,18058368268,0577-63071111,325401,1,120.556944,27.620278,3,pygf,227
3,CH1527,7,七区,浙江省,330000,温州市,330300,wenzhou,温州市温州大道268号第1幢,温州宏祥汽车有限公司,温州宏祥,,0577-56571555,325011,1,120.741111,27.973611,0,wzhx,229
1,CH1528,7,七区,浙江省,330000,舟山市,330900,zhoushan,浙江省舟山市定海区双桥街道石礁社区（汽车城18号）,舟山腾迪汽车销售服务有限公司,舟山腾迪,,-,316000,1,122.026944,30.020278,,zstd,906
4,CH1529,7,七区,浙江省,330000,温州市,330300,wenzhou,温州市瓯海大道北纬二路1号（汽车城车立方斜对面）,温州欧龙汽车服务有限公司,温州欧龙,,0577-85695222,325000,1,120.662222,27.960278,,wzol,945
1,CH1530,7,七区,浙江省,330000,金华市,330700,jinhua,浙江省金华市仙桥汽车城中心广场北侧,金华兰通汽车销售服务有限公司,金华兰通,13000000000,0579-82082808,321017,1,119.69,29.144167,4,jhlt,257
2,CH1532,7,七区,浙江省,330000,金华市,330700,jinhua,浙江省永康市西城松石西路1111号东面第一幢第一层第13-22号,永康市兰通汽车销售服务有限公司,永康兰通,15395796688,0579-87266237,321300,1,119.996389,28.886667,0,yklt,256
3,CH1534,7,七区,浙江省,330000,金华市,330700,jinhua,东阳市世贸大道一号,东阳市宏通汽车销售服务有限公司,东阳宏通,18858929998,0579-86971111,322100,1,120.206111,29.284167,0,dyht,268
1,CH1535,7,七区,浙江省,330000,绍兴市,330600,shaoxing,浙江省诸暨市北二环路20号,浙江诸暨荣马汽车销售服务有限公司,浙江诸暨荣马,13967561706,0575-87380889,311800,1,120.219444,29.742222,0,zjzjrm,253
1,CH1540,7,七区,浙江省,330000,宁波市,330200,ningbo,浙江省宁波市江东区环城南路东段与百隆街交叉口（现代商城往南300米）,宁波市欣通汽车销售服务有限公司,宁波欣通,18906686811,0574-87053705,315040,1,121.572778,29.844722,0,nbxt,267
2,CH1541,7,七区,浙江省,330000,宁波市,330200,ningbo,宁波市鄞州区古林镇礼嘉桥村,宁波轿辰美通汽车销售服务有限公司,宁波轿辰美通,18668256610,0574-89011888,315000,1,121.509722,29.854722,0,nbjcmt,266
3,CH1545,7,七区,浙江省,330000,宁波市,330200,ningbo,宁波市北仑区黄山西路221号1幢101室,宁波众莉汽车销售服务有限公司,宁波众莉,,0574-55222777,315800,1,121.824722,29.925278,0,nbzl,236
3,CH1550,7,七区,浙江省,330000,台州市,331000,taizhou2,浙江省台州市黄岩区二环西路286号,台州市林丰汽车贸易有限公司,台州林丰,18957619002,0576-84600888,318020,1,121.248889,28.633611,3,tzlf,251
4,CH1551,7,七区,浙江省,330000,台州市,331000,taizhou2,温岭市城东街道东环路33号,台州阳光汽车销售服务有限公司,台州阳光,,0576-86195888,317500,1,121.391667,28.393333,0,tzyg,250
5,CH1560,7,七区,浙江省,330000,嘉兴市,330400,jiaxing,嘉兴市嘉杭路660号,嘉兴市银通汽车销售服务有限公司,嘉兴银通,13957343611,0573-82698898,314000,1,120.723889,30.73,5,jxyt,281
4,CH1565,7,七区,浙江省,330000,金华市,330700,jinhua,义乌市西城路681号（运管所旁）,义乌宏通汽车销售服务有限公司,义乌宏通,15805892906,0579-85099993,322000,1,120.048611,29.302222,3,ywht,240
2,CH1570,7,七区,浙江省,330000,绍兴市,330600,shaoxing,浙江省绍兴市袍江康宁东路1号（新车管所附近）,浙江申元汽车销售服务有限公司,浙江申元,13957572257,0575-88155666,312071,1,120.608889,30.093611,5,zjsy,254
4,CH1575,7,七区,浙江省,330000,宁波市,330200,ningbo,余姚市西石山北路288号,余姚市华腾汽车销售服务有限公司,余姚华腾,13777166861,0574-62616888,315400,1,121.126389,30.059722,4,yyht,270
5,CH1580,7,七区,浙江省,330000,杭州市,330100,hangzhou,杭州市杭行路211号,浙江和通汽车有限公司,浙江和通,13456997050,0571-28933111,310015,1,120.116111,30.324167,3,zjht,255
6,CH1581,7,七区,浙江省,330000,杭州市,330100,hangzhou,杭州市余杭区星桥街道星桥北路70号,浙江康瑞汽车销售服务有限公司,浙江康瑞,15157312300,0571-86266600,311100,1,120.256944,30.404722,3,zjkr,234
7,CH1582,7,七区,浙江省,330000,杭州市,330100,hangzhou,临安市玲珑工业园区华兴汽车城17号馆,临安米家铭杰汽车销售服务有限公司,临安米家铭杰,13758284872,0571-61071999,311300,1,119.684444,30.206667,0,mjmj,242
3,CH1585,7,七区,浙江省,330000,绍兴市,330600,shaoxing,浙江省绍兴市上虞市小越镇329国道边墩道口,绍兴市上虞康家汽车销售服务有限公司,上虞康家,,0575-82717788,312367,1,120.904722,30.052778,0,sykj,269
2,CH1590,7,七区,浙江省,330000,湖州市,330500,huzhou,浙江省湖州市吴兴区蜀山路355号,湖州盛通汽车销售有限公司,湖州盛通,13906723883,0572-2593322,313000,1,120.075,30.873056,4,hzst,232
1,CH1596,7,七区,浙江省,330000,丽水市,331100,lishui,丽水市莲都区水阁开发区汽车市场A地块,丽水市瓯龙汽车销售服务有限公司,丽水瓯龙,18657810177,0578-2263333,323000,1,119.856667,28.416667,0,lsol,230
3,CH1598,7,七区,浙江省,330000,湖州市,330500,huzhou,浙江省湖州市德清县德清大道高铁立交东侧宇恒明月星城1#4S店,德清和通汽车销售服务有限公司,德清和通,18967281839,0572-8052555,313200,1,120.0675,30.536944,5,dqht,765
1,CH1600,6,六区,重庆市,500000,重庆市,500100,chongqing,重庆市北部新区经开区金渝大道99号（中汽西南汽博中心内）,重庆中豪汽车有限公司,重庆中豪,,023-89112288,401122,1,106.573611,29.638611,0,cqzh,554
1,CH1603,6,六区,四川省,510000,南充市,511300,nanchong,南充市顺庆区潆溪镇潆康北路476号,南充弘宇天成车业有限公司,南充弘宇,18188392817,0817-2981111,637000,1,106.0525,30.880278,5,nchy,862
2,CH1605,6,六区,重庆市,500000,重庆市,500100,chongqing,重庆北部新区香锦路6号（人和立交转盘入口中央美地前）,重庆百年恒华实业集团骏宏汽车服务有限公司,重庆百年恒华骏宏,13594190883,023-63081717,400020,1,106.531389,29.614444,3,cqbnhhjh,555
3,CH1606,6,六区,重庆市,500000,重庆市,500100,chongqing,重庆市永川区昌州大道中段23号-2号(23-4号),重庆百事达天威华睿汽车销售服务有限公司,重庆百事达天威华睿,,023-85384000,402160,1,105.9125,29.360833,0,cqbsdtwhr,551
4,CH1608,6,六区,重庆市,500000,重庆市,500100,chongqing,重庆市巴南区花溪街道红光大道66号,重庆沪鑫汽车销售服务有限公司,重庆沪鑫,18623451223,023-62412999,400039,1,106.546944,29.452778,4,cqhx,549
5,CH1612,6,六区,重庆市,500000,重庆市,500100,chongqing,重庆市南岸区海棠溪街道学府大道81号（一）栋,重庆商社长航汽车销售服务有限公司,重庆商社长航,13908389603,023-86510999,400074,1,106.571389,29.482778,0,cqssch,948
1,CH1613,4,四区,福建省,350000,厦门市,350200,xiamen,福建省厦门市湖里区机场北区港中路1697号（万翔物流园定损中心旁）,厦门塞尔福金浩贸易有限公司,厦门塞尔福,13799253978,0592-3215566,2966606456@qq.com,321000,1,118.132778,24.551389,1,smsefjh,926
2,CH1615,2,二区,天津市,120000,天津市,120100,tianjin,天津市北辰区普济河东道南侧（原新宜白大道南侧）,天津市四联汽车销售服务有限公司,天津四联,15620058191,022-26732673,300402,1,117.211944,39.207222,0,tjsl,16
1,CH1617,1,一区,辽宁省,210000,沈阳市,210100,shenyang,沈阳市大东区望花中路138号,沈阳业乔汇通汽车销售服务有限公司,沈阳业乔汇通,15998885845,024-66819999,110045,1,123.478056,41.863056,5,yqht,859
1,CH1618,5,五区,河南省,410000,洛阳市,410300,luoyang,洛阳市高新区河洛路安康路交叉口向北500米威佳汽车博览中心6号,洛阳威佳福达汽车销售服务有限公司,洛阳威佳,15896662991,0379-60635888,450000,1,112.332222,34.601111,0,lywj,881
1,CH1619,5,五区,河南省,410000,周口市,411600,zhoukou,周口市川汇区周口大道与北环路交叉口,周口福诚汽车销售服务有限公司,周口威佳,15093070883,0394-8706000,466000,1,114.693889,33.646944,5,zkfc,884
3,CH1620,2,二区,天津市,120000,天津市,120100,tianjin,天津市东丽区空港物流加工区汽车园中路1号,天津市晟陆空港汽车销售服务有限公司,天津晟陆空港,15922001700,022-84909955,300308,1,117.369444,39.16,5,tjslkg,15
4,CH1622,2,二区,天津市,120000,天津市,120100,tianjin,天津市西青经济开发区大寺高新技术产业园兴业道8号,天津市泓德汽车贸易有限公司,天津泓德,13662037690,022-87199088,300385,1,117.268056,38.991944,0,tjhd,14
1,CH1623,4,四区,福建省,350000,龙岩市,350800,longyan,福建省龙岩市新罗区龙门镇物流大道313-1号,龙岩海翼泰成汽车服务有限公司,龙岩海翼泰成,,0597-2779988,364015,1,116.951944,25.102222,,lyhytc,980
1,CH1625,4,四区,福建省,350000,三明市,350400,sanming,三明市三元区大坂一路2号,三明华骏天元汽车销售服务有限公司,三明华骏天元,,0598-8601999,365000,1,117.5675,26.235278,,smhj,922
6,CH1627,6,六区,重庆市,500000,重庆市,500100,chongqing,重庆市涪陵区桥南大道电信局旁,重庆百事达华易汽车销售服务有限公司,重庆百事达华易,17726204656,023-85690099,408000,1,107.358056,29.72,3,cqbsdhy,995
1,CH1631,1,一区,辽宁省,210000,鞍山市,210300,anshan,鞍山市铁西区钢西街16号,鞍山市上通汽车销售服务有限公司,鞍山上通,13841257267,0412-8256999,sgm_asc218@163.com,114012,1,122.963611,41.112778,5,asst,111
2,CH1633,1,一区,辽宁省,210000,沈阳市,210100,shenyang,沈阳市铁西区北二中路8号,沈阳汇鼎汽车贸易有限公司,沈阳汇鼎,13610812836,024-25506565,110042,1,123.36,41.813889,5,syhd,108
1,CH1636,1,一区,辽宁省,210000,大连市,210200,dalian,大连市甘井子区华北路426号,大连驰敖汽车集团有限公司,大连驰敖,13604090376,0411-86588777,116033,1,121.588889,39.007222,0,dlca,100
1,CH1640,1,一区,辽宁省,210000,盘锦市,211100,panjin,辽宁省盘锦市兴隆台区辽河中路城中花园西门,盘锦宏骏汽车销售服务有限公司,盘锦宏骏,13942775600,0427-3221776,124000,1,122.031389,41.138056,3,pjhj,97
1,CH1641,1,一区,辽宁省,210000,阜新市,210900,fuxin,辽宁省阜新市经济开发区阜锦公路16-4,阜新驰敖汽车有限公司,阜新驰敖,15041858382,0418-6647333,15041858382@163.com,123000,1,121.618889,42.001944,3,fxca,95
1,CH1642,1,一区,辽宁省,210000,营口市,210800,yingkou,辽宁省营口市老边区新营路北11号,营口驰敖汽车有限公司,营口驰敖,18640762661,0417-6612555,115000,1,122.296944,40.680833,5,ykca,98
1,CH1643,1,一区,辽宁省,210000,葫芦岛市,211400,huludao,辽宁省葫芦岛市龙港区玉皇商城B区,葫芦岛市川达汽车经贸有限公司,葫芦岛川达,13700191082,0429-2196699,125000,1,120.882778,40.735833,3,hldcd,104
2,CH1644,1,一区,辽宁省,210000,大连市,210200,dalian,辽宁省大连市保税区中港北二路11号,大连浩通汽车销售服务有限公司,大连浩通,15942646881,0411-87576555,116600,1,121.839444,39.043056,0,dlht,99
3,CH1645,1,一区,辽宁省,210000,沈阳市,210100,shenyang,辽宁省沈阳市黄河北大街124号,沈阳一天合汽车销售服务有限公司,沈阳一天合,15998855114,024-86376262,110034,1,123.415556,41.883056,0,syyth,102
1,CH1646,1,一区,辽宁省,210000,铁岭市,211200,tieling,铁岭经济开发区城南街,铁岭汇鼎汽车销售服务有限公司,铁岭汇鼎,18524101318,-,112001,1,123.821389,42.256667,0,tlhd,106
1,CH1649,1,一区,辽宁省,210000,锦州市,210700,jinzhou,辽宁省锦州市松山新区南广路65号,锦州三合汽车销售服务有限公司,锦州三合,15642877773,0416-2987777,121000,1,121.155,41.086389,0,jzsh,94
1,CH1650,5,五区,河南省,410000,郑州市,410100,zhengzhou,郑州市中原西路与兰州路交叉口向西500米路南,河南众通中原汽车服务有限公司,河南众通中原,13503998879,0371-55935555,450006,1,113.474722,34.7475,4,hnztzy,436
1,CH1651,5,五区,河南省,410000,商丘市,411400,shangqiu,商丘市金桥路与金康路交叉口东150米路北,商丘市顺程汽车贸易有限公司,商丘顺程,15690772707,0370-2232088,476000,1,115.5975,34.444722,4,sqsc,438
2,CH1652,5,五区,河南省,410000,平顶山市,410400,bingdingshan,平顶山市建设东路许南路立交桥东300米路南雪佛兰4S店,平顶山新纪元汽车销售服务有限公司,平顶山新纪元,13663096577,0375-2359777,467000,1,111.608611,40.819722,3,pdsxjy,422
1,CH1653,5,五区,河南省,410000,焦作市,410800,jiaozuo,焦作市人民路和普济路交叉口向西5公里路北,焦作市新希望汽车销售服务有限公司,焦作新希望,13839105690,0391-3729098,454000,1,113.166057,35.207456,4,jzxxw,427
1,CH1654,5,五区,河南省,410000,许昌市,411000,xuchang,河南省许昌市魏武路与莲城大道交叉口,许昌新希望汽车销售服务有限公司,许昌新希望,13462112277,0374-8566666,461000,1,113.868333,34.037778,5,xcxxw,426
2,CH1655,5,五区,河南省,410000,郑州市,410100,zhengzhou,河南省郑州市郑花路79号,河南新希望汽车销售服务有限公司,河南新希望,15637168709,0371-55556611,450045,1,113.6825,34.8225,18,hnxxw,430
2,CH1656,5,五区,河南省,410000,周口市,411600,zhoukou,周口市太昊路与迎宾大道交叉口西200米路南,周口新希望汽车销售服务有限公司,周口新希望,18438047985,0394-8506777,466000,1,114.63,33.593056,5,zkxxw,429
1,CH1658,5,五区,河南省,410000,信阳市,411500,xinyang,信阳市工业城工十五路（迎宾大道）与工十路（平东路）交叉口,信阳新纪元汽车销售服务有限公司,信阳新纪元,18637682678,0376-6755777,464100,1,114.165,32.125556,3,xyxjy,423
1,CH1659,5,五区,河南省,410000,安阳市,410500,anyang,安阳市文峰区光明路南段路西（豫北汽车市场院内）,安阳市新希望汽车销售服务有限公司,安阳新希望,13623728152,0372-2177772,455000,1,114.411111,36.053889,4,ayxxw,425
1,CH1663,4,四区,福建省,350000,漳州市,350600,zhangzhou,福建省漳州市龙文区步文镇迎宾大道通海汽车城雪佛兰展厅,漳州通海新世纪汽车有限公司,漳州通海新世纪,15059885272,0596-2193999,363005,1,117.692222,24.518056,4,zzthxsj,318
1,CH1665,4,四区,福建省,350000,福州市,350100,fuzhou1,福州仓山科技园IV区02号,福州中机中泰汽车贸易有限公司,福州中机中泰,13055296477,0591-88037799,350007,1,119.34,26.029444,4,fzzjzt,323
2,CH1666,4,四区,福建省,350000,福州市,350100,fuzhou1,福建省福清市融侨开发区清荣大道与福玉路交叉口,福建永达汽车销售服务有限公司,福建永达,18650755599,0591-85366789,350300,1,119.328056,25.7175,0,fjyd,314
1,CH1670,4,四区,福建省,350000,泉州市,350500,quanzhou,福建省泉州市鲤城区清骺发区迎宾大道通海文化广场,泉州通海新世纪汽车有限公司,泉州通海新世纪,18759975093,0595-28902890,362005,1,118.548056,24.870278,4,qzthxsj,317
2,CH1673,4,四区,福建省,350000,厦门市,350200,xiamen,厦门湖里区马垅汽车交易市场东侧,厦门国戎至善汽车销售服务有限公司,厦门国戎至善,18659213322,0592-6011066,361001,1,118.119518,24.521503,0,xmgr,308
1,CH1675,6,六区,四川省,510000,成都市,510100,chengdu,四川省成都市羊西线两河路13号,成都吉翔汽车销售有限公司,成都吉翔,15008223147,028-87593355,610036,1,103.987778,30.718333,0,cdjx,585
1,CH1676,6,六区,四川省,510000,绵阳市,510700,mianyang,绵阳经开区绵州大道中段6号,东创建国汽车集团绵阳天汇汽车销售服务有限公司,绵阳天汇,13981117040,0816-6391311,621052,1,104.775,31.420556,4,myth,568
2,CH1677,6,六区,四川省,510000,成都市,510100,chengdu,成都市青羊区三环路西三段苏坡立交桥外侧,四川灵通汽车销售服务有限公司,四川灵通,18602892101,028-87369797,610091,1,103.991111,30.676944,5,sclt,586
3,CH1678,6,六区,四川省,510000,成都市,510100,chengdu,成都市火车南站西路799号,成都天帅车业有限公司,成都天帅,13980720971,028-85121202,610000,1,104.047222,30.605556,5,cdts,579
4,CH1680,6,六区,四川省,510000,成都市,510100,chengdu,成都市武侯区武侯大道南延线华勋汽车工业园,四川港宏新通汽车销售有限公司,四川港宏新通,13568868232,028-85362832,610041,1,103.9725,30.620833,5,scghxt,584
1,CH1681,6,六区,四川省,510000,凉山彝族自治州,513400,liangshanyizu,四川省凉山州西昌市三岔口东路371号1幢1号,四川灵通阳光汽车销售服务有限公司,四川灵通阳光,15196199592,0834-8889866,615000,1,102.237778,27.888056,0,scltyg,580
1,CH1682,6,六区,四川省,510000,广元市,510800,guangyuan,四川省广元市利州区南河南京路以南,广元灵通金源汽车销售服务有限公司,广元灵通金源,18284919122,0839-3412888,628000,1,105.838056,32.426944,3,gyltjy,567
5,CH1683,6,六区,四川省,510000,成都市,510100,chengdu,四川省成都市成华区东三环二段龙潭工业园区轿车大世界,四川灵通智远汽车销售服务有限公司,四川灵通智远,13882120318,028-84215353,610051,1,104.160833,30.685278,5,scltzy,583
1,CH1684,6,六区,四川省,510000,巴中市,511900,bazhong,巴中市黄家沟汽车城1幢119-126号,巴中品信汽车销售服务有限公司,巴中品信,13228346663,0827-5012666,315823164@qq.com,636000,1,106.743889,31.87,3,bzpx,572
1,CH1685,6,六区,四川省,510000,乐山市,511100,leshan,乐山市市中区长青路1399号,乐山金杰汽车销售服务有限公司,乐山金杰,18990620306,0833-2440707,614000,1,103.719444,29.591667,3,lsjj,578
1,CH1686,6,六区,四川省,510000,德阳市,510600,deyang,德阳市泰山南路三段199号,德阳嘉通汽车销售服务有限公司,德阳嘉通,13350800126,0838-2603131,618000,1,104.386111,31.086944,5,dyjt,577
2,CH1688,6,六区,四川省,510000,南充市,511300,nanchong,南充市高坪区江东大道（盐业公司东侧）品信汽车主题公园,南充嘉陵品信汽车销售服务有限公司,南充嘉陵品信,15808174322,0817-3560666,637100,1,106.131389,30.801389,5,ncjlpx,566
1,CH1689,6,六区,四川省,510000,达州市,511700,dazhou,四川省达州市通川区西外金龙大道广电大楼B区一楼,达州嘉和品信汽车销售服务有限公司,达州嘉和品信,18081514785,0818-2532799,635000,1,107.464444,31.208333,4,dzjhpx,574
1,CH1690,3,三区,湖北省,420000,武汉市,420100,wuhan,湖北省武汉市洪山区和平村汽车产业园8号,湖北三山天马汽车销售服务有限公司,湖北三山天马,18571683591,027-51868808,430066,1,114.387222,30.608056,0,hbsstm,442
2,CH1691,3,三区,湖北省,420000,武汉市,420100,wuhan,湖北省武汉市江岸区黄浦科技园特6号,湖北捷瑞汽车销售服务有限公司,湖北捷瑞,18696183064,027-65660961,430000,1,114.278889,30.628056,4,hbjr,443
1,CH1692,3,三区,湖北省,420000,潜江市,429005,qianjiang,湖北省潜江市潜阳西路55号,潜江三环瑞通汽车销售服务有限公司,潜江三环瑞通,17771953778,0728-6496055,433100,1,112.873333,30.416944,0,qjshrt,462
1,CH1694,3,三区,湖北省,420000,黄冈市,421100,huanggang,湖北省黄冈市黄州区南湖农场柞舟山南湖收费站旁,黄冈三环瑞通汽车销售服务有限公司,黄冈三环瑞通,13636010603,0713-8343111,438000,1,114.913611,30.465556,5,hgshrt,459
3,CH1695,3,三区,湖北省,420000,武汉市,420100,wuhan,湖北省武汉市汉阳区经济发展区三环工业园特3号(龙阳大道陶家岭),湖北三环瑞通汽车有限公司,湖北三环瑞通,13419660612,027-68840919,430051,1,114.201111,30.545833,5,hbshrt,452
1,CH1696,3,三区,湖北省,420000,宜昌市,420500,yichang,宜昌市东山开发区发展大道20号,宜昌天时汽车销售服务有限公司,宜昌天时,18672662976,0717-6342185,443000,1,111.319722,30.708056,5,ycts,456
1,CH1697,3,三区,湖北省,420000,襄阳市,420600,xiangyang,湖北省襄阳市襄州区张湾镇春园东路189号,襄阳恒信天安汽车销售服务有限公司,襄阳恒信天安,15871056728,0710-3338899,441004,1,112.168056,32.086944,4,xyhxta,458
4,CH1698,3,三区,湖北省,420000,武汉市,420100,wuhan,武汉市东湖新技术开发区东信路26号（三环集团东侧）,武汉三环瑞通汽车销售服务有限公司,武汉三环瑞通,18771111817,027-86651111,430000,1,114.432778,30.498889,5,whshrt,453
1,CH1699,3,三区,湖北省,420000,荆州市,421000,jingzhou,荆州市荆州区荆沙大道41号,荆州三环瑞通汽车销售服务有限公司,荆州三环瑞通,13554557050,0716-8405588,434000,1,112.234444,30.349722,5,jzshrt,447
1,CH1700,3,三区,湖北省,420000,随州市,421300,suizhou,湖北省随州市曾都区季梁大道与旭光路交叉路口(奥龙汽车有限公司对面),随州市三环瑞通汽车销售服务有限公司,随州三环瑞通,13035225316,0722-3282939,441300,1,113.423889,31.702222,0,szshrt,449
1,CH1701,3,三区,湖北省,420000,荆门市,420800,jingmen,湖北省荆门市掇刀区月亮湖路35号,荆门丰华荆威汽车贸易有限公司,荆门丰华荆威,15219931246,0724-2221999,448000,1,112.231944,31.045556,4,jmfhjw,455
1,CH1702,3,三区,湖北省,420000,恩施土家族苗族自治州,422800,enshitujia,恩施市金桂大道耿家坪141号,恩施新长城华通汽车销售服务有限公司,恩施新长城华通,15347002325,0718-8262101,445000,1,109.499722,30.324722,4,esxccht,460
1,CH1703,3,三区,湖北省,420000,天门市,429006,tianmen,天门市竟陵办事处东环路承天国际车城C区C4-2门面,天门荆威汽车销售服务有限公司,天门荆威,13751123646,0728-5361776,431700,1,113.121944,30.641667,0,tmjw,444
1,CH1704,3,三区,湖北省,420000,黄石市,420200,huangshi,黄石市D02管理单元发展大道以西，北京现代4S店以南用地,黄石三环瑞通汽车销售服务有限公司,黄石三环瑞通,13297655083,0714-6533799,435002,1,115.054167,30.247778,0,hsshrt,448
1,CH1705,3,三区,湖南省,430000,长沙市,430100,changsha,长沙市万家丽路木莲冲路口48号,湖南华洋世纪汽车销售服务有限公司,湖南华洋世纪,15616242455,0731-89711533,410014,1,113.035278,28.133056,5,hnhysj,475
1,CH1706,3,三区,湖南省,430000,常德市,430700,changde,湖南省常德市武陵区启明路与皇木关村路口交汇处,湖南申湘汽车常德天润有限公司,常德天润,13575192020,0736-7890183,415000,1,111.719722,28.999167,6,cdtr,477
1,CH1707,3,三区,湖南省,430000,益阳市,430900,yiyang,益阳市十洲路19号,益阳华世通汽车销售服务有限公司,益阳华世通,15292061386,0737-6106666,413000,1,112.391667,28.570278,4,yyhst,476
2,CH1708,3,三区,湖南省,430000,长沙市,430100,changsha,长沙县星沙经济技术开发区申湘路500号,湖南申湘汽车天润销售服务有限公司,湖南申湘天润,15874033045,0731-84872211,410100,1,113.066389,28.229167,5,hnsxtr,469
1,CH1709,3,三区,湖南省,430000,湘潭市,430300,xiangtan,湖南省湘潭市九华经济示范区奔驰路5号（九华机动车检测中心对面）,湘潭华洋世纪汽车销售服务有限公司,湘潭华洋世纪,18670963967,0731-58528080,411100,1,112.942222,27.932222,0,xthysj,471
1,CH1710,3,三区,湖南省,430000,郴州市,431000,chenzhou,郴州市开发区五岭大道延伸段,郴州申湘天润汽车有限公司,郴州申湘天润,18175525882,0735-2815188,423000,1,112.998056,25.75,6,czsxtr,474
1,CH1712,3,三区,湖南省,430000,邵阳市,430500,shaoyang,湖南省邵阳市宝庆东路169号,邵阳市宝兰汽车销售有限公司,邵阳宝兰,15873751553,0739-5275111,422000,1,111.516389,27.2475,0,sybl,478
1,CH1715,3,三区,湖南省,430000,岳阳市,430600,yueyang,湖南省岳阳市岳阳楼区经济技术开发区通海路管理处巴陵东路268号,岳阳申华汽车销售服务有限公司,岳阳申华,18207303766,0730-8722790,414000,1,113.157778,29.371111,5,yysh,482
1,CH1716,3,三区,湖南省,430000,衡阳市,430400,hengyang,衡阳市高新开发区彩霞路23号,衡阳富运汽车销售服务有限公司,衡阳富运,13657346673,0734-8365966,420000,1,112.552222,26.886111,3,hyfy,479
1,CH1717,3,三区,湖南省,430000,株洲市,430200,zhuzhou,湖南省株洲市高新开发区株洲大道汽车主题公园(天元区汽车博览园雪佛兰4S店）,株洲华洋世纪汽车销售服务有限公司,株洲华洋世纪,15873396261,0731-28345222,412000,1,113.069444,27.825278,3,zzhysj,481
1,CH1720,4,四区,海南省,460000,海口市,460100,haikou,海口市南海大道116号,海南安骅汽车销售服务有限公司,海南安骅,,0898-66805556,570216,1,110.316389,19.994722,0,hnah,545
1,CH1722,4,四区,海南省,460000,三亚市,460200,sanya,海南省三亚市榆亚大道水业海景酒店对面,三亚安骅汽车服务有限公司,三亚安骅,13876790456,0898-88210065,572000,1,109.517222,18.240278,3,syah,547
2,CH1723,4,四区,海南省,460000,海口市,460100,haikou,海南省海口市琼山大道嘉华汽车城雪佛兰4S店,海南嘉华永通汽车销售服务有限公司,海南嘉华永通,18689897870,0898-36326777,570203,1,110.416944,19.988056,0,hnjhyt,745
2,CH1725,3,三区,湖南省,430000,株洲市,430200,zhuzhou,湖南省株洲市荷塘区红港路11-1号配套用房（2）,株洲蓝雪汽车销售服务有限公司,株洲蓝雪,18773359377,0731-28780055,412000,1,113.149444,27.865278,3,zzlx,893
1,CH1726,2,二区,河北省,130000,石家庄市,130100,shijiazhuang,河北省石家庄辛集市垒头汽车站西行2公里路南（新集镇工业区）,河北小伙伴汽车销售服务有限公司,河北小伙伴,15831936395,0311-85395766,050000,1,115.200556,37.987222,0,hbxhb,871
1,CH1727,2,二区,河北省,130000,唐山市,130200,tangshan,河北省唐山市西外环机场路立交桥北侧,唐山华田汽车销售服务有限公司,唐山华田,13603258760,0315-5285335,063000,1,118.102222,39.629722,4,tsht,886
1,CH1731,2,二区,河北省,130000,秦皇岛市,130300,qinhuangdao,河北省秦皇岛市京沈高速北出口瑞通汽车园,秦皇岛瑞通车城汽车销售服务有限公司,秦皇岛瑞通,15720308970,0335-3692111,066000,1,119.541111,39.974722,5,qhdrt,882
1,CH1732,2,二区,河北省,130000,邢台市,130500,xingtai,龙岗大街与永安路交叉口西北角,邢台德鹏汽车销售服务有限公司,邢台德鹏,15930067215,0319-5912888,054001,1,37.442222,114.302778,0,xtdp,955
1,CH1734,2,二区,河北省,130000,沧州市,130900,cangzhou,河北省沧州市运河区浮阳北大道小王庄路口北行,沧州轩宇和跃汽车贸易服务有限公司,沧州轩宇和跃,18732726642,0317-2067222,061000,1,116.846389,38.341111,0,czxyhy,19
1,CH1735,2,二区,河北省,130000,保定市,130600,baoding,河北省保定市河北保定市朝阳北大街1255号,保定轩宇和跃汽车贸易服务有限公司,保定轩宇和跃,18831262015,0312-3100220,071051,1,115.4675,38.910833,5,bdxyhy,28
2,CH1736,2,二区,河北省,130000,沧州市,130900,cangzhou,河北省沧州市开发区石港路12号（河北汽贸院内）,沧州益盛汽车销售服务有限公司,沧州益盛,18134189580,0317-3090900,061000,1,116.913889,38.286944,4,czys,41
2,CH1739,2,二区,河北省,130000,唐山市,130200,tangshan,迁安市丰安路西侧万荣展厅比邻,唐山四联鑫安汽车销售服务有限公司,唐山四联鑫安,13933460696,0315-7682885,064400,1,118.719722,40.0,0,tsslxa,34
2,CH1740,2,二区,河北省,130000,石家庄市,130100,shijiazhuang,河北省石家庄市长江大道与秦岭大街交叉口北行200米路西,河北盛康汽车贸易有限公司,河北盛康,13673135787,0311-88237111,050031,1,114.628889,38.038889,5,hbsk,46
3,CH1741,2,二区,河北省,130000,石家庄市,130100,shijiazhuang,河北省石家庄市北二环西路168号北二环与中华大街交叉口东行500米路南,河北申和瑞通汽车销售服务有限公司,河北申和瑞通,13831193933,0311-85866877,050051,1,114.458056,38.087778,0,shrt,50
1,CH1743,2,二区,河北省,130000,承德市,130800,chengde,河北省承德市开发区翔龙汽车修理有限公司院内,承德兴舰汽车销售有限公司,承德兴舰,18803149199,0314-2378555,670000,1,117.960556,40.936389,0,cdxj,43
1,CH1744,2,二区,河北省,130000,衡水市,131100,hengshui,河北省衡水市西环南路396号,衡水通行汽车销售服务有限公司,衡水通行,18631860822,031-82349888,053000,1,115.624722,37.745833,4,hsth,51
3,CH1745,2,二区,河北省,130000,唐山市,130200,tangshan,河北省唐山市高新 技术开发区建设北路中段（北立交桥南300米路东）,唐山市四联晟通汽车销售服务有限公司,唐山四联晟通,18633159626,0315-3852885,654123,1,118.177222,39.675833,4,tsslct,35
2,CH1746,2,二区,河北省,130000,秦皇岛市,130300,qinhuangdao,秦皇岛市经济技术开发区西环北路113号,秦皇岛四联汽车销售服务有限公司,秦皇岛四联,18703357111,0335-5326333,660040,1,119.499722,39.920833,4,qhdsl,32
2,CH1747,2,二区,河北省,130000,邢台市,130500,xingtai,河北省邢台市钢铁北路与技术学院南门西行1000米蓝池物流园内,邢台市天健龙汽车销售服务有限公司,邢台天健龙,15127935678,031-95558222,540000,1,114.450278,37.098611,5,xttjl,36
2,CH1748,2,二区,河北省,130000,廊坊市,131000,langfang,廊坊市广阳区光明东道65号,河北怡和隆祥汽车销售服务有限公司,河北怡和隆祥,18931650131,0316-2035009,650000,1,116.738889,39.513056,5,hbyhlx,44
1,CH1750,1,一区,黑龙江省,230000,哈尔滨市,230100,haerbin,哈尔滨市道里区城乡路365号,哈尔滨美通汽车贸易有限责任公司,哈尔滨美通,18245168555,0451-87383580,150070,1,126.583611,45.726944,4,hebmt,126
1,CH1752,1,一区,黑龙江省,230000,牡丹江市,231000,mudanjiang,黑龙江省牡丹江市东安区乌苏里路37号,牡丹江绿地申兰汽车销售服务有限公司,牡丹江绿地申兰,15904537520,0453-8294222,157021,1,129.628333,44.553611,0,mdjldsl,129
2,CH1753,1,一区,黑龙江省,230000,哈尔滨市,230100,haerbin,哈尔滨市南岗区长江路217号,哈尔滨奇通天脉汽车贸易有限公司,哈尔滨奇通天脉,18645067610,0451-82273828,150090,1,126.705833,45.752778,3,hebqttm,128
1,CH1755,1,一区,黑龙江省,230000,佳木斯市,230800,jiamusi,黑龙江省佳木斯市向阳区红旗北路23号（凯华汽修对面）,佳木斯凯通汽车销售服务有限公司,佳木斯凯通,13555593313,0454-6042222,154002,1,130.317778,46.818611,3,jmskt,122
1,CH1756,1,一区,黑龙江省,230000,大庆市,230600,daqing,黑龙江省大庆市高新区汽车工业园庆新大街（世纪大道东风路81号）,大庆业勤上通汽车销售有限公司,大庆业勤,18345437000,0459-8971208,163316,1,125.150556,46.561389,4,dqyq,127
1,CH1759,1,一区,黑龙江省,230000,齐齐哈尔市,230200,qiqihaer,齐齐哈尔市铁锋区联通大道309号,齐齐哈尔安盛汽车销售有限公司,齐齐哈尔安盛,15545648855,0452-2524311,161000,1,124.058889,47.341389,0,qqheas,121
1,CH1763,2,二区,山西省,140000,临汾市,141000,linfen,山西省临汾市霍侯一级路城北汽车站斜对面,临汾天健致远汽车销售服务有限公司,临汾天健致远,13935783431,0357-3998888,041000,1,111.540556,36.128889,4,lftjzy,54
1,CH1768,2,二区,山西省,140000,忻州市,140900,xinzhou,山西省忻州市开发区七一北路汽车城,忻州市怡通汽车销售服务有限公司,忻州怡通,18722220662,0350-3331877,034000,1,112.727222,38.4675,5,yzyt,61
1,CH1770,2,二区,山西省,140000,长治市,140400,changzhi,长治市解放西街36号,长治市华丽通汽车销售服务有限公司,长治华丽通,18035500109,0355-6069222,046000,1,113.086944,36.18,5,czhlt,67
2,CH1771,2,二区,山西省,140000,运城市,140800,yuncheng,山西省运城市机场大道东段昌北路口,运城市上通汽车销售服务有限公司,运城上通,13546126664,0359-2516111,044000,1,111.031389,35.076389,5,ycst,73
1,CH1772,2,二区,山西省,140000,大同市,140200,datong,山西省大同市经济技术开发区湖滨大街34号,大同市鑫鑫芦笛汽车销售有限公司,大同鑫鑫芦笛,18636207728,0352-6116777,037010,1,113.397778,40.067222,3,dtxxld,68
2,CH1773,2,二区,山西省,140000,临汾市,141000,linfen,临汾市尧都区平阳大桥西,临汾琳晶通汽车销售服务有限公司,临汾琳晶通,13233127722,0357-3978000,041000,1,111.455,36.115833,4,lfljt,70
3,CH1774,2,二区,山西省,140000,运城市,140800,yuncheng,河津市永兴路南（西环路规划塔前路西）,河津市晋通汽车销售服务有限公司,河津晋通,13313590678,0359-5054567,043300,1,110.693333,35.575556,0,hjjt,74
2,CH1775,2,二区,山西省,140000,太原市,140100,taiyuan,太原市平阳南路98号2幢1层,山西宝鼎汽车销售服务有限公司,山西宝鼎,15536841465,0351-7539799,030032,1,112.554722,37.780833,5,sxbd,71
1,CH1776,2,二区,山西省,140000,晋城市,140500,jincheng,晋城市中原西街2688号（牛匠村对面）,晋城市华丽通汽车销售服务有限公司,晋城华丽通,18035658258,0356-6965222,048000,1,112.840833,35.475556,4,jchlt,65
1,CH1780,5,五区,陕西省,610000,西安市,610100,xian,西安市凤城四路C5区,陕西华兴乾通汽车贸易有限公司,陕西华兴乾通,13991140252,029-86538222,710016,1,108.934722,34.327222,5,sxhxqt,626
1,CH1781,5,五区,陕西省,610000,咸阳市,610400,xianyang,咸阳市秦都区北上召汽车商贸物流园,陕西华兴世通汽车贸易有限公司,陕西华兴世通,15129623120,029-38018555,712000,1,108.6725,34.375278,0,sxhxst,625
1,CH1782,5,五区,陕西省,610000,汉中市,610700,hanzhong,汉中市西汉高速汉中东出口引线中段,汉中市汉台唐龙汽车销售服务有限责任公司,汉中汉台唐龙,13572609578,0916-2605006,175229997@qq.com,723000,1,107.055556,33.078333,19,hzhttl,621
2,CH1786,5,五区,陕西省,610000,西安市,610100,xian,西安市西沣公路58号,西安泛想汽车实业有限公司,西安泛想,13991112330,029-88580861,710065,1,108.888889,34.186111,5,XAFX,629
1,CH1787,5,五区,陕西省,610000,渭南市,610500,weinan,渭南市华山大街东段尤河桥东80米,渭南宏远朝阳汽车销售服务有限公司,渭南宏远朝阳,18992311188,0913-2092388,714000,1,109.5175,34.493056,4,hycy,628
1,CH1789,5,五区,陕西省,610000,榆林市,610800,yulin2,榆林市经济开发区汽贸路北侧,陕西华兴盛誉汽车贸易有限公司,陕西华兴盛誉,13209126180,0912-6088101,719000,1,109.736389,38.241111,3,sxhxsy,623
1,CH1793,8,八区,安徽省,340000,阜阳市,341200,fuyang,阜阳经济技术开发区105国道南侧,阜阳申源汽车销售服务有限公司,阜阳申源,15399698777,0558-2539888,236000,1,115.867222,32.848611,4,fysy,289
1,CH1794,8,八区,安徽省,340000,合肥市,340100,hefei,安徽省合肥市长江西路1018号蜀山新产业园,安徽泽通汽车销售服务有限公司,安徽泽通,13866123780,0551-65389303,230088,1,117.173056,31.851944,5,ahzt,287
2,CH1795,8,八区,安徽省,340000,合肥市,340100,hefei,安徽省合肥市双七路与当涂路交叉口国际汽车城东首,安徽惠和汽车服务有限公司,安徽惠和,13955186564,0551-64288789,230011,1,117.34,31.886389,5,ahhh,302
1,CH1797,8,八区,安徽省,340000,黄山市,341000,huangshan,黄山经济开发区梅林大道东侧50号汽车贸易中心,黄山惠和汽车服务有限公司,黄山惠和,13395599548,0559-2587758,245000,1,118.265833,29.767778,3,hshh,751
1,CH1798,8,八区,安徽省,340000,滁州市,341100,chuzhou,滁州市环城东路60号（城东工业园内）,滁州市明恒汽车销售服务有限公司,滁州明恒,15715509803,0550-3727555,239000,1,118.365833,32.318611,0,czmh,296
3,CH1799,8,八区,安徽省,340000,合肥市,340100,hefei,安徽省合肥市包河区繁华大道（纬二路）28号,安徽省易和福来汽车销售服务有限公司,安徽省易和福来,13966779574,0551-64859555,230051,1,117.318056,31.793889,5,ahyhfl,300
1,CH1800,8,八区,安徽省,340000,六安市,341500,liuan,安徽省六安市皖西大道六安国际汽车城B6-B7座,六安凯迪汽车销售服务有限公司,六安凯迪,13733007990,0564-3238222,237000,1,116.566944,31.758333,4,lakd,304
1,CH1801,8,八区,安徽省,340000,淮南市,340400,huainan,淮南经济开发区管委会斜对面,淮南市盛世通汽车销售服务有限公司,淮南盛世通,,0554-3315577,232000,1,117.061389,32.657778,0,hnsst,292
1,CH1803,8,八区,安徽省,340000,淮北市,340600,huaibbei,淮北市相阳路东寇湾村北,淮北市恒昌汽车销售服务有限公司,淮北恒昌,18256166520,0561-3862666,235000,1,116.798056,33.9225,0,hbhc,299
1,CH1805,8,八区,安徽省,340000,安庆市,340800,anqing,安庆市中兴大街207号,安庆环雪汽车销售服务有限公司,安庆环雪,13866005770,0556-5305500,246005,1,117.056111,30.556389,0,aqhx,301
1,CH1806,8,八区,安徽省,340000,马鞍山市,340500,maanshan,马鞍山市湖西南路1-068号,马鞍山市弘达汽车销售服务有限公司,马鞍山弘达,15955510230,0555-2109280,243000,1,118.496667,31.633889,4,mashd,303
2,CH1808,8,八区,安徽省,340000,阜阳市,341200,fuyang,阜阳市一道河中路63号,阜阳市乐源汽车销售服务有限公司,阜阳乐源,15255825200,0558-2188999,236000,1,115.812222,32.881944,3,fyly,293
1,CH1809,8,八区,安徽省,340000,蚌埠市,340300,bangbu,蚌埠市高新区迎宾大道小顾家北侧国际汽车城,蚌埠尚通汽车销售服务有限公司,蚌埠尚通,13865076501,0552-3714333,233000,1,117.309722,32.859722,4,bbst,291
1,CH1810,6,六区,云南省,530000,昆明市,530100,kunming,云南省昆明市经开区玉缘东路国际汽车城F-07地块,云南立华云行汽车销售有限公司,云南立华云行,13888095050,0871-68115888,650217,1,102.798889,25.008333,5,ynlhyh,600
1,CH1812,6,六区,云南省,530000,文山壮族苗族自治州,532600,wenshanzhuangzu,云南省文山州文山市泰康中路亚太汽车城Z-18号,文山博用汽车销售服务有限公司,文山博用,13577632330,0876-2818685,663000,1,104.223333,23.377778,0,wsby,610
2,CH1813,6,六区,云南省,530000,昆明市,530100,kunming,昆明市盘龙区呼马山东三环西侧雪佛兰4S店,云南自由行程汽车服务有限公司,云南自由行程,15812006828,0871-63806777,650000,1,102.766667,25.054722,4,ynzyxc,612
1,CH1818,6,六区,云南省,530000,西双版纳傣族自治州,532800,xishuangbanna,云南省西双版纳州景洪市澜沧江路31号,西双版纳立华汽车销售服务有限公司,西双版纳立华,13618816002,0691-2292211,666100,1,100.8025,21.983611,4,xsbnlh,609
1,CH1819,6,六区,云南省,530000,曲靖市,530300,qujing,云南省曲靖市紫云路（珠街路口）,曲靖合力汽车销售服务有限公司,曲靖合力,18687455819,0874-3144111,655000,1,103.810278,25.513611,4,qjhl,604
1,CH1821,6,六区,云南省,530000,大理白族自治州,532900,dalibaizu,大理市经济开发区苍山路424号,大理上通汽车销售服务有限公司,大理上通,,0872-3106811,671000,1,100.258889,25.599722,0,dlst,605
1,CH1823,6,六区,云南省,530000,玉溪市,530400,yuxi,玉溪市高新区腾霄路4号,玉溪立华汽车销售有限公司,玉溪立华,18687759911,0877-2065432,653100,1,102.523611,24.324444,5,yxlh,603
1,CH1825,4,四区,广西壮族自治区,450000,南宁市,450100,nanning,广西南宁市民乐路14号,广西荣通汽车销售服务有限公司,广西荣通,13077788845,0771-2837182,530012,1,108.325,22.817222,3,gxrt,542
2,CH1826,4,四区,广西壮族自治区,450000,南宁市,450100,nanning,广西壮族自治区南宁市江南区南站大道北侧,广西弘泽汽车销售服务有限公司,广西弘泽,13878605011,077-14866008,530000,1,108.265,22.7775,8,gxhz,541
1,CH1827,4,四区,广西壮族自治区,450000,北海市,450500,beihai,广西北海市北部湾东路与南珠大道交汇处（南航宿舍正对面）,北海中太汽车销售有限公司,北海中太,18607795573,0779-2232860,536000,1,109.169444,21.501111,4,bhzt,543
3,CH1828,4,四区,广西壮族自治区,450000,南宁市,450100,nanning,广西壮族自治区南宁市秀厢大道199号金源汽车城内（桂海汽车园内）,广西桂海富达汽车销售服务有限公司,广西桂海富达,18589910291,077-13119990,530023,1,108.357778,22.865278,0,gxghfd,539
1,CH1829,4,四区,广西壮族自治区,450000,百色市,451000,baise,广西壮族自治区百色市进城大道与东环路交汇处（百色市联润汽贸园）,广西联达汽车销售服务有限公司,广西联达,18978609823,077-62222668,533000,1,106.627778,23.9,0,gxld,715
1,CH1830,4,四区,广西壮族自治区,450000,柳州市,450200,liuzhou,广西壮族自治区柳州市西江路26号综合楼,柳州市五亿汽车销售有限公司,柳州五亿,18277210093,0772-3161866,545006,1,109.448333,24.306389,0,lzwy,540
1,CH1831,4,四区,广西壮族自治区,450000,桂林市,450300,guilin,广西壮族自治区桂林市临桂新区西城大道南段,桂林桂海富达汽车销售服务有限公司,桂林桂海富达,18377316366,077-33568118,541199,1,110.167222,25.218611,0,glghfd,535
1,CH1832,4,四区,广西壮族自治区,450000,河池市,451200,hechi,河池市百旺开发区金水二级公路南侧,河池通盛汽车贸易服务有限公司,河池通盛,13578877911,0778-2666222,547000,1,108.094444,24.685556,0,hcts,533
4,CH1833,4,四区,广西壮族自治区,450000,南宁市,450100,nanning,广西壮族自治区南宁市高新区秀厢大道西段9号（科园立交往清川桥方向1000米）,南宁建成汽车销售服务有限公司,南宁建成,13977188343,077-13395051,530001,1,108.254444,22.849444,1,nnjc,878
2,CH1835,4,四区,广西壮族自治区,450000,桂林市,450300,guilin,广西灵川八里街工业园区29-2号,桂林弘帆桂成汽车销售服务有限公司,桂林弘帆桂成,18977352500,077-32636188,541213,1,110.306944,25.353056,3,glgc,544
1,CH1836,4,四区,广西壮族自治区,450000,贵港市,450800,guigang,贵港市迎宾大道过铁路桥50米处,贵港中太汽车销售服务有限公司,贵港中太,18078003221,0775-4270521,537100,1,109.567778,23.094167,4,zgzt,537
1,CH1837,4,四区,广西壮族自治区,450000,梧州市,450400,wuzhou,广西壮族自治区梧州市万秀区西江四路56号(车管所旁),梧州中驰汽车有限公司,梧州中驰,18078073868,077-45827777,543002,1,111.406389,23.475,0,wzzc,536
1,CH1838,4,四区,广西壮族自治区,450000,玉林市,450900,yulin1,玉林市二环东路21号（经济开发区二环东路东侧）,玉林市铂利汽车销售服务有限公司,玉林铂利,15977502321,077-52305000,537000,1,110.200253,22.638729,0,ylbl,538
1,CH1839,4,四区,广西壮族自治区,450000,钦州市,450700,qinzhou,钦州市钦南区金海湾大道与安州大道交汇处第三中学南面,钦州中太汽车销售服务有限公司,钦州中太,18677781300,0777-5650999,535000,1,108.632778,21.939167,5,qzzt,534
1,CH1840,3,三区,江西省,360000,南昌市,360100,nanchang,南昌市青云谱区三店西路319号,江西新运通销售服务有限公司,江西新运通,15170494252,0791-82205220,330001,1,115.903611,28.630278,5,jxxyt,332
1,CH1841,3,三区,江西省,360000,抚州市,361000,fuzhou2,抚州市金巢大道838号,抚州运通汽车销售服务有限公司,抚州运通,18279445689,0794-2153377,344100,1,116.365833,27.952778,0,fzyt,336
1,CH1842,3,三区,江西省,360000,吉安市,360800,jian,江西省吉安市吉州区工业园联创路,吉安新运通汽车销售服务有限公司,吉安新运通,18079660053,0796-2119977,343000,1,115.004444,27.150833,3,jaxyt,334
1,CH1843,3,三区,江西省,360000,新余市,360500,xinyu,新余市九鼎汽车大市场6号楼,新余运通汽车销售服务有限公司,新余运通,15579100726,0790-6666955,338000,1,114.945833,27.842222,3,xyyt,333
1,CH1844,3,三区,江西省,360000,九江市,360400,jiujiang,九江市九瑞大道183号,九江新运通汽车技术服务有限公司,九江新运通,15579120933,0792-2131122,332000,1,115.944722,29.7025,5,jjxyt,327
2,CH1845,3,三区,江西省,360000,南昌市,360100,nanchang,江西省南昌市红谷滩新区碟子湖大道900号,江西运通汽车城西销售服务有限公司,江西运通城西,15079003601,0791-82205118,330034,1,115.843333,28.689444,3,jxyccx,330
1,CH1847,3,三区,江西省,360000,上饶市,361100,shangrao,上饶市三清山西大道58号月亮湾汽车城,上饶新运通汽车技术服务有限公司,上饶新运通,13576319277,0793-6175981,334100,1,117.902222,28.455278,0,srxyt,331
1,CH1848,3,三区,江西省,360000,赣州市,360700,ganzhou,江西省赣州市章贡区经济技术开发区迎宾大道49号与金门路交汇处,赣州运通汽车贸易有限公司,赣州运通,13247901530,0797-2138279,341000,1,114.880278,25.846667,0,gzyt,335
1,CH1849,3,三区,江西省,360000,宜春市,360900,yichun2,江西省宜春市袁州区经济开发区宜商大道1号,宜春运通汽车销售服务有限公司,宜春运通,,0795-2196622,336000,1,114.402222,27.845,0,ycyt,328
1,CH1850,3,三区,江西省,360000,景德镇市,360200,jingdezhen,江西省景德镇市陶玉南路路108号,景德镇运通汽车销售服务有限公司,景德镇运通,13697982328,0798-2190333,330034,1,117.2375,29.284167,0,jdzyt,329
1,CH1851,3,三区,江西省,360000,萍乡市,360300,pingxiang,江西省萍乡市安源区象形湾小区斜对面,萍乡运通汽车技术服务有限公司,萍乡运通,18770059942,0799-2189998,337000,1,113.881667,27.621111,3,pxyt,326
3,CH1853,3,三区,江西省,360000,南昌市,360100,nanchang,江西省南昌市高新开发区火炬三路198号,江西运通致恒汽车服务有限公司,江西运通致恒,18070052286,0791-82228111,330046,1,115.962778,28.700833,5,jxytzh,777
1,CH1855,6,六区,贵州省,520000,贵阳市,520100,guiyang,贵州省贵阳市花溪区孟关乡孟关国际汽车贸易城内,贵州乾通汽车进出口销售有限责任公司,贵州乾通,18085020191,0851-83817333,550006,1,106.745833,26.413611,5,gzqt,593
2,CH1856,6,六区,贵州省,520000,贵阳市,520100,guiyang,贵州省贵阳市乌当区新添大道北段18号（市公安局斜对面）,贵州通源金雪汽车销售服务有限公司,贵州通源金雪,15086007233,0851-8515888,550081,1,106.741667,26.620833,4,gztyjx,591
1,CH1857,6,六区,贵州省,520000,安顺市,520400,anshun,贵州省安顺市西秀工业园区后山村（清黄高速东出口两六路路口1公里处）,安顺东冠瑞通汽车销售服务有限公司,安顺东冠瑞通,18334015299,0851-33838555,561000,1,106.000556,26.269722,4,asdgrt,733
1,CH1859,6,六区,贵州省,520000,毕节地区,522400,bijie,毕节双山开发区小瓦路8号双山国际汽车城1-1号,毕节市新荣贵汽车贸易有限公司,毕节新荣贵,,0857-7111555,551700,1,105.442222,27.268611,,bjxrg,761
1,CH1860,6,六区,贵州省,520000,遵义市,520300,zunyi,贵州省遵义市汇川区董公寺和平村汽博中心乾通汽车雪佛兰专营店,贵州遵义乾通沪华汽车销售服务有限公司,遵义乾通沪华,18985217290,0851-28684311,563000,1,106.939444,27.7125,0,zyqthh,594
1,CH1861,6,六区,贵州省,520000,六盘水市,520200,liupanshui,六盘水市钟山西路白鹤高架桥北侧康达汽车城内,六盘水通源金雪汽车销售服务有限公司,六盘水通源金雪,,0858-8195222,550001,1,104.830278,26.5925,0,lpstyjx,592
2,CH1864,6,六区,贵州省,520000,遵义市,520300,zunyi,贵州省遵义市红花岗区忠庄镇遵南大道东侧铭泰利达汽车产业园内,遵义宝通汽车贸易有限责任公司,遵义宝通,18076220208,0851-28474888,563000,1,106.903056,27.659167,4,zybt,588
1,CH1865,6,六区,贵州省,520000,铜仁地区,522200,tongren,贵州省铜仁市碧江区灯塔工业园13号公路旁,铜仁德和汽车销售服务有限公司,铜仁德和,15185817656,0856-8678999,418000,1,109.223333,27.739444,0,trdh,587
2,CH1867,3,三区,江西省,360000,九江市,360400,jiujiang,江西省九江市庐山区新港镇太平桥村13组（新九湖路旁）,九江华宏名瑞汽车有限公司,九江华宏,18879213799,0792-2397777,332000,1,116.091111,29.737222,5,jjhhmr,865
1,CH1868,6,六区,云南省,530000,楚雄彝族自治州,532300,chuxiongyizu,云南省楚雄市滇中大商汇二期110号（车管所对面）,楚雄易达汽车销售有限公司,楚雄易达,14787858909,0878-6990588,675000,1,101.488889,25.066944,,cxyd,847
1,CH1870,5,五区,新疆维吾尔自治区,650000,乌鲁木齐市,650100,wulumuqi,新疆乌鲁木齐市米东区永顺街1649号,新疆天邑汽车销售服务有限公司,新疆天邑,13394918526,0991-3858888,830011,1,87.634444,43.928056,3,xjty,646
2,CH1872,5,五区,新疆维吾尔自治区,650000,乌鲁木齐市,650100,wulumuqi,新疆乌鲁木齐市水磨沟区南湖北路618号,新疆和路神驰汽车销售服务有限公司,新疆和路神驰,18199169331,0991-4657111,830063,1,87.606676,43.846552,4,xjhlsc,645
1,CH1873,5,五区,新疆维吾尔自治区,650000,喀什地区,653100,kashi,疏勒县齐鲁工业园（315国道旁）,喀什永祥美通汽车销售服务有限公司,喀什永祥美通,15109981380,0998-6539000,844000,1,76.013333,39.428333,5,ksyxmt,642
1,CH1876,5,五区,新疆维吾尔自治区,650000,哈密地区,652200,hami,哈密市广东工业园区,哈密市中盈汽车销售服务有限公司,哈密中盈,,0902-2503666,839000,1,93.568333,42.863889,0,hmzy,640
1,CH1877,5,五区,新疆维吾尔自治区,650000,昌吉回族自治州,652300,changji,新疆昌吉市大西梁镇夹滩村1栋W号,新疆中惠军利汽车销售服务有限公司,新疆中惠军利,18082801620,0994-6531777,831100,1,87.260556,44.024444,3,xjzhjl,641
1,CH1878,5,五区,新疆维吾尔自治区,650000,克拉玛依市,650200,kelamayi,新疆克拉玛依市西环路10号（迎宾路汽车城内）,克拉玛依腾辉汽车销售服务有限公司,克拉玛依腾辉,13609938683,0990-6611555,834000,1,84.899722,45.558333,0,klmyth,721
1,CH1879,5,五区,新疆维吾尔自治区,650000,阿克苏地区,652900,akesu,新疆阿克苏地区温宿县老阿温路大欣汽车城,阿克苏天宇信诚汽车销售服务有限公司,阿克苏天宇信诚,18095913332,0997-4561111,843000,1,80.263333,41.275278,0,akstyxc,675
3,CH1880,6,六区,云南省,530000,昆明市,530100,kunming,云南省昆明经济技术开发区小石坝街道办事处阿拉收费站旁,昆明金美克汽车销售服务有限公司,昆明金美克,,13000000000,,650000,1,102.818056,24.994167,,kmjmk,959
4,CH1881,3,三区,江西省,360000,南昌市,360100,nanchang,江西省南昌市青山湖区昌南大道与高新南大道交汇处恒信汽车城内,南昌恒信天安汽车销售服务有限公司,南昌恒信天安,18627777316,0791-88312088,330000,1,115.953056,28.601389,5,nchxta,898
1,CH1887,1,一区,吉林省,220000,长春市,220100,changchun,长春市经济开发区东南湖大路1221号,长春金达洲瑞临汽车销售服务有限公司,长春金达洲瑞临,17790008818,0475-6380939,130031,1,125.374444,43.851944,0,ccjdzrl,119
1,CH1888,1,一区,吉林省,220000,吉林市,220200,jilin,吉林市船营区越山路398-1号,吉林市前盛通汽车销售有限责任公司,吉林前盛通,15543022559,0432-62268999,132011,1,126.530278,43.853333,3,jlqst,118
2,CH1890,3,三区,江西省,360000,宜春市,360900,yichun2,江西省樟树市仁和大道1号,樟树市融合汽车贸易有限公司,樟树融合,15170535633,0795-7326666,331200,1,115.878056,28.155833,3,zssrh,914
1,CH1891,1,一区,吉林省,220000,松原市,220700,songyuan,吉林省松原市长宁北街599号,吉林省通原汽车销售维修服务有限公司,吉林省通原,13394384838,-,138000,1,124.800833,45.122778,0,jlsty,965
3,CH1899,5,五区,新疆维吾尔自治区,650000,乌鲁木齐市,650100,wulumuqi,新疆乌鲁木齐市新市区鲤鱼山北路1号赛博特汽车城A区3号-1号,新疆万通华盛汽车销售服务有限公司,新疆万通华盛,13699356650,0991-6656788,841000,1,87.590556,43.880556,0,xjwths,841
1,CH1900,2,二区,内蒙古自治区,150000,呼和浩特市,150100,huhehaote,呼和浩特市回民区攸攸板村金海路南利丰汽车贸易服务园区,内蒙古利丰泰莱汽车服务有限公司,内蒙古利丰泰莱,18047153807,0471-3388248,010050,1,111.608333,40.820556,5,nmgtl,84
1,CH1901,2,二区,内蒙古自治区,150000,赤峰市,150400,chifeng,内蒙古自治区赤峰市红山区桥北大街188号,赤峰市利丰泰莱汽车销售服务有限公司,赤峰利丰泰莱,18648100170,0476-8773913,240000,1,118.963889,42.297222,4,cflftl,82
1,CH1902,2,二区,内蒙古自治区,150000,呼伦贝尔市,150700,hulunbeier,内蒙古自治区呼伦贝尔市鄂温克旗（南屯）南出口利丰汽车园区,呼伦贝尔市利丰泰莱汽车服务有限公司,呼伦贝尔利丰泰莱,18047005161,0470-8989555,021100,1,119.753889,49.143056,0,hlbelftl,78
1,CH1903,2,二区,内蒙古自治区,150000,兴安盟,152200,xingan,内蒙古兴安盟乌兰浩特市经济开发区利丰园区,兴安盟利丰泰莱汽车服务有限公司,兴安盟利丰泰莱,15274912543,0482-8316666,137400,1,122.051111,46.116667,0,xalftl,79
1,CH1905,2,二区,内蒙古自治区,150000,鄂尔多斯市,150600,eerduosi,内蒙古自治区鄂尔多斯市东胜区北出口天意汽车城A区,鄂尔多斯市天驰汽车销售服务有限公司,鄂尔多斯天驰,18947786858,0477-8561818,017000,1,109.962222,39.856667,3,eedstc,83
1,CH1906,2,二区,内蒙古自治区,150000,通辽市,150500,tongliao,内蒙古自治区通辽市霍林河大街东段通郑公路1公里处,通辽市利丰泰莱汽车服务有限公司,通辽利丰泰莱,15847501015,0475-6380939,028000,1,122.31,43.6375,3,tllftl,81
1,CH1907,2,二区,内蒙古自治区,150000,锡林郭勒盟,152500,xilinguolemeng,锡林郭勒盟锡林浩特市经济开发区火车站向北300米处利丰汽车园区,锡林郭勒盟利丰泰莱汽车服务有限公司,锡林郭勒利丰泰莱,13948797112,0479-6959111,026000,1,116.026389,43.923889,0,xlgllftl,80
1,CH1908,2,二区,内蒙古自治区,150000,巴彦淖尔市,150800,bayannaoer,巴彦淖尔市临河区物流保税园区,巴彦淖尔市川海汽车销售服务有限公司,巴彦卓尔川海,18547819588,0478-8616622,015000,1,107.441111,40.7875,3,byzech,87
1,CH1910,2,二区,内蒙古自治区,150000,包头市,150200,baotou,内蒙古包头市高新区稀土路恒通汽车城第三排内蒙古包头市钢铁大街38号,包头市蒙骏汽车销售服务有限责任公司,包头蒙骏,13142447690,0472-2218598,014030,1,109.849167,40.653889,5,btmj,89
2,CH1911,2,二区,内蒙古自治区,150000,鄂尔多斯市,150600,eerduosi,东胜区铜川镇汽贸街和兴汽车城院内,鄂尔多斯市鼎兴汽车销售服务有限公司,鄂尔多斯鼎兴,18504773828,0477-8101233,017000,1,110.098333,39.790833,4,eedsdx,88
1,CH1912,2,二区,内蒙古自治区,150000,乌海市,150300,wuhai,内蒙古自治区乌海市海勃湾区林荫大道南沃野路东雪佛兰4S店,乌海市宏通汽车销售服务有限公司,乌海宏通,18204731171,0473-2080005,016000,1,106.855,39.585833,0,whht,85
2,CH1913,2,二区,内蒙古自治区,150000,包头市,150200,baotou,包头稀土高新区希望工业园区白云路以东、南绕城以北,包头市中晟京港汽车销售服务有限公司,包头中晟京港,18647989778,0472-6166816,014040,1,109.811111,40.588333,0,btzcjg,76
1,CH1914,5,五区,甘肃省,620000,兰州市,620100,lanzhou,兰州市七里河区南滨河中路1349号,甘肃同利达汽车销售服务有限公司,甘肃同利达,13993114323,0931-2502555,730050,1,103.678889,36.096667,5,gstld,633
2,CH1915,5,五区,甘肃省,620000,兰州市,620100,lanzhou,甘肃省兰州市城关区370号,甘肃赛亚华通汽车销售服务有限公司,甘肃赛亚华通,13893306862,0931-8388567,730010,1,103.885278,36.061389,3,gssyht,634
1,CH1916,5,五区,甘肃省,620000,天水市,620500,tianshui,甘肃省天水市麦积区华世汽贸城（天水机场东200米）,天水天合华岳汽车销售服务有限公司,天水天合华岳,15869114895,0938-2088688,741000,1,105.788333,34.569722,3,tsthhy,632
1,CH1917,5,五区,甘肃省,620000,平凉市,620800,pingliang,甘肃省平凉市崆峒区柳湖乡八里村,平凉昌达汽车销售有限公司,平凉昌达,13993396166,0933-8886222,13993396166@163.com,744000,1,106.628333,35.563056,3,plcd,630
1,CH1919,5,五区,甘肃省,620000,张掖市,620700,zhangye,甘肃省张掖市甘州区昆仑大道与屋兰路交汇处,张掖天合嘉悦汽车销售服务有限公司,张掖天合嘉悦,18009388058,0936-8766999,734000,1,100.478056,38.962222,4,zythjy,749
1,CH1920,5,五区,甘肃省,620000,嘉峪关市,620200,jiayuguan,嘉峪关市东体育大道2333号,嘉峪关赛亚华通汽车销售服务有限公司,嘉峪关赛亚华通,15293471780,0937-6391299,735100,1,98.312222,39.779444,4,jygsyht,631
1,CH1922,5,五区,甘肃省,620000,武威市,620600,weiwu,甘肃省武威市凉州区城西沿金色大道城市连接线金沙社区西侧,武威万霖汽车销售服务有限公司,武威万霖,18093129696,0935-2356008,733000,1,102.601667,37.943333,0,wwwl,801
1,CH1923,5,五区,甘肃省,620000,定西市,621100,dingxi,甘肃省定西市安定区南川开发区,定西恒信天安汽车销售服务有限公司,定西恒信天安,18993254729,0932-8325222,743000,1,104.614444,35.511389,4,dxhxta,769
1,CH1945,5,五区,青海省,630000,西宁市,630100,xining,东川工业园区昆仑东路22号,青海赛亚华森汽车销售服务有限公司,青海赛亚华森,13519714674,0971-8867888,810007,1,101.823889,36.585556,3,qhsyhs,636
2,CH1946,5,五区,青海省,630000,西宁市,630100,xining,西宁经济技术开发区昆仑东路6号,青海金岛振通汽车销售有限公司,青海金岛振通,18697112387,0971-4319688,730030,1,101.893889,36.558611,3,qhjdzt,635
1,CH1960,5,五区,宁夏回族自治区,640000,银川市,640100,yinchuan,银川德胜工业园区德鑫路宁夏大世界汽车市场10号楼1段,宁夏新世界汽车销售服务有限公司,宁夏新世界,15719581901,0951-8989693,750200,1,106.325556,38.5375,5,nxxsj,638
1,CH2200,4,四区,广东省,440000,潮州市,445100,chaozhou,潮州市潮安县浮洋镇潮汕公路洪巷路段东侧,潮州市合康汽车销售服务有限公司,潮州合康,18666608404,0768-6800800,515600,1,116.598056,23.590556,5,czhk,500
2,CH2202,4,四区,广东省,440000,中山市,442000,zhongshan,中山市西区彩虹大道44号,中山市创志汽车有限公司,中山创志,13680211794,0760-85758999,528400,1,113.351944,22.548056,0,zscz,492
1,CH2203,4,四区,广东省,440000,梅州市,441400,meizhou,广东省梅州市梅县区政府斜对面200米梅县汽车文化城内,梅州市梅县区俊诚汽车贸易有限公司,梅县俊诚,13923020200,0753-2591188,514071,1,116.073611,24.258889,0,mxjc,726
2,CH2204,4,四区,广东省,440000,汕头市,440500,shantou,广东省汕头市潮汕路月浦路段黄腾线A座,汕头市粤胜汽车销售服务有限公司,汕头粤胜,,0754-88111233,515000,1,116.683889,23.405833,,scys,755
9,CH2300,8,八区,江苏省,320000,苏州市,320500,suzhou1,苏州市相城区元和街道太阳路2250号,苏州东昌雪莱汽车销售服务有限公司,苏州东昌雪莱,18115562220,0512-66106666,215133,1,120.634722,31.409722,4,szdcxl,178
7,CH2308,8,八区,江苏省,320000,无锡市,320200,wuxi,宜兴市宜兴经济开发区赛特大道,宜兴市天予汽车销售服务有限公司,宜兴天予,13906159519,0510-80785555,214201,1,119.810833,31.409444,2,yxty,172
10,CH2309,8,八区,江苏省,320000,苏州市,320500,suzhou1,昆山市周市镇珠泾路77号,昆山华峻汽车贸易服务有限公司,昆山华峻,18112631608,0512-36882222,215300,1,121.018889,31.405556,0,kshj,685
6,CH2310,8,八区,江苏省,320000,南京市,320100,nanjing,南京市浦口区浦珠北路36号,江苏冠松汽车销售有限公司,江苏冠松,18061763750,025-58588558,210032,1,118.721856,32.121509,0,jsgs,173
3,CH2311,8,八区,江苏省,320000,徐州市,320300,xuzhou,江苏省徐州市104国道两山口西侧-欣欣路北侧,徐州润东瑞辰汽车销售服务有限公司,徐州润东瑞辰,18552889982,0516-83264666,221000,1,117.238333,34.206667,0,xzrdrc,686
3,CH2312,8,八区,江苏省,320000,镇江市,321100,zhenjiang,江苏省句容市宁杭南路86号,句容圆鼎汽车销售服务有限公司,句容圆鼎,18105299792,0511-87318333,212400,1,119.175833,31.939444,5,jryd,687
11,CH2313,8,八区,江苏省,320000,苏州市,320500,suzhou1,苏州市吴中区f直镇机场路108号,苏州f直东昌雪莱汽车销售服务有限公司,苏州f直东昌雪莱,15152671011,0512-65022988,215127,1,120.831944,31.282222,0,szlzdcxl,688
2,CH2314,8,八区,江苏省,320000,连云港市,320700,lianyungang,连云港市新浦区解放东路318号振兴汽车城,连云港翔盛仁通汽车销售有限公司,连云港翔盛仁通,15896198567,0518-81588777,178574555@qq.com,222000,1,119.193611,34.641111,5,lygxsrt,689
3,CH2315,8,八区,江苏省,320000,宿迁市,321300,suqian,宿迁市宿豫区洪泽湖东路与扬子江路交汇处,宿迁盛辉腾跃汽车销售服务有限公司,宿迁盛辉腾跃,18151361832,0527-84288111,223800,1,118.362778,33.952778,4,sqshty,741
3,CH2401,1,一区,山东省,370000,泰安市,370900,taian,山东省新泰市经济开发区205国道东、国贸路中段,新泰岳海新兰汽车销售服务有限公司,新泰岳海新兰,15163808772,0538-7779995,271200,1,117.703889,35.868333,0,xtyhxl,340
2,CH2402,1,一区,山东省,370000,滨州市,371600,binzhou,山东省滨州市惠民转盘往北300米路西丰驰汽车广场,山东惠民创沃汽车销售有限公司,惠民创沃,13954367722,0543-5052123,251700,1,117.54154,37.497111,0,hmcw,339
7,CH2403,1,一区,山东省,370000,青岛市,370200,qingdao,山东省胶州市海尔大道69号,青岛朗巍宇弘汽车销售服务有限公司,青岛朗巍宇弘,15588685578,0532-83237111,266300,1,120.048611,36.281667,4,qdlwyh,342
8,CH2405,1,一区,山东省,370000,青岛市,370200,qingdao,山东省莱西市青岛路北段（神龙潮汽车城）,青岛神龙华泰汽车服务有限公司,青岛神龙华泰,13310673288,0532-87412798,266600,1,120.498611,36.907778,0,qdslht,337
1,CH2406,1,一区,山东省,370000,东营市,370500,dongying,山东省东营市东营区西四路五干桥南800米路东,东营北辰汽车销售服务有限公司,东营北辰,18905461998,0546-8658888,257000,1,118.806389,37.702778,4,dybc,338
4,CH2407,1,一区,山东省,370000,济南市,370100,jinan,山东省章丘市明水街道办事处明水济青路柳沟村男（明星汽车城）,章丘明鸿汽车销售服务有限公司,章丘明鸿,13805411567,0531-80957000,250200,1,117.514722,36.726667,5,zqmh,718
6,CH2410,1,一区,山东省,370000,临沂市,371300,linyi,莒南县县城岚济路西段南侧,平邑凯华汽车销售服务有限公司,平邑凯华,18706371557,0539-5251727,273300,1,117.620556,35.478056,0,pykh,783
1,CH2603,5,五区,河南省,410000,濮阳市,410900,puyang,濮阳市中原路与106国道交叉口北300米路东,濮阳市通达龙耀汽车销售服务有限公司,濮阳通达龙耀,18339380301,-,457000,1,115.114167,35.773611,5,pystdly,941
1,CH2608,5,五区,河南省,410000,南阳市,411300,nanyang,南阳市卧龙区七里园乡边庄村,南阳新美浩汽车销售服务有限公司,南阳新美浩,,0377-67075666,473000,1,112.558333,33.053056,,nyxmh,984
1,CH2621,5,五区,河南省,410000,三门峡市,411200,sanmenxia,三门峡市湖滨区连霍高速东出口瑞通汽车城西门北侧,三门峡新未来汽车销售服务有限公司,三门峡新未来,15139886404,0398-2283777,472000,1,111.247778,34.731389,0,smxxwl,999
1,CH2630,1,一区,辽宁省,210000,丹东市,210600,dandong,丹东市振兴区花园路186号,丹东上通汽车销售服务有限公司,丹东上通,13904252512,0415-2265000,118000,1,124.351111,40.121111,3,ddst,91
1,CH2650,5,五区,河南省,410000,驻马店市,411700,zhumadian,驻马店市文明路北段翡翠城A区01号,驻马店市新希望汽车销售服务有限公司,驻马店新希望,13513978134,0396-2709999,463000,1,114.058333,33.013889,4,zmdxxw,428
2,CH2651,5,五区,河南省,410000,濮阳市,410900,puyang,河南省濮阳市中原路与濮水路交叉口南100米路东,濮阳众通汽车服务有限公司,濮阳众通,18203938283,0393-6113333,457000,1,114.978056,35.780556,5,pyzt,435
1,CH2654,5,五区,河南省,410000,开封市,410200,kaifeng,河南省开封市魏都路以南、翠柳街以西,开封市未来汽车贸易有限公司,开封未来,15039025087,0371-23668366,475000,1,114.296389,34.777778,4,kfwl,439
1,CH2655,5,五区,河南省,410000,漯河市,411100,luohe,河南省漯河市源汇区107国道与桂江路交叉口,漯河市新希望汽车销售服务有限公司,漯河新希望,18639981827,0395-3398899,462000,1,113.9975,33.5525,4,lhxxw,434
1,CH2656,5,五区,河南省,410000,鹤壁市,410600,hebi,鹤壁市海河路与泰山路交叉口西北角,鹤壁市新纪元汽车销售服务有限公司,鹤壁新纪元,18530039993,0392-2208777,458000,1,114.313667,35.764622,0,hbxjy,424
3,CH2657,5,五区,河南省,410000,郑州市,410100,zhengzhou,河南省郑州市管城区商都路与博学路交叉口向北100米华丰汽车园,河南未来汽车贸易有限公司,河南未来,15515601849,0371-55556669,450000,1,113.7875,34.747222,5,hnwl,437
1,CH2659,5,五区,河南省,410000,新乡市,410700,xinxiang,新乡市南环路与振中路交叉口东南角,新乡市天虹汽车销售服务有限公司,新乡天虹,15936513522,0373-3531666,453002,1,113.896111,35.258333,4,xxth,421
1,CH2660,4,四区,福建省,350000,南平市,350700,nanping,福建省南平市西芹镇水溪口交通枢纽中心（新长途汽车站）,南平联大汽车有限公司,南平联大,15759990000,0599-8501777,353000,1,118.118333,26.581944,0,npld,312
3,CH2666,4,四区,福建省,350000,福州市,350100,fuzhou1,福州市马尾区快安兴业路160号,福建华骏天元汽车销售服务有限公司,福建华骏天元,18106073322,0591-88621999,350015,1,119.422778,26.025,0,fzhj,307
2,CH2669,6,六区,四川省,510000,绵阳市,510700,mianyang,绵阳高新区绵兴西路27号,绵阳市艾潇经贸有限公司,绵阳艾潇,13981125725,0816-2589912,621000,1,104.632778,31.457778,3,myax,556
1,CH2673,4,四区,福建省,350000,莆田市,350300,futian,莆田市涵江区白塘镇埭里村新涵工业园区,莆田市中机中泰汽车贸易有限公司,莆田中机中泰,13859887385,0594-3609117,351111,1,119.104722,25.452222,0,pttjzt,310
1,CH2674,4,四区,福建省,350000,宁德市,350900,ningde,宁德市东侨开发区国宝路北侧,宁德市昌泰工贸有限公司,宁德昌泰工贸,13055593055,0593-2535777,352100,1,119.548056,26.665556,0,ndctgm,309
2,CH2677,6,六区,四川省,510000,宜宾市,511500,yibin,四川省宜宾市临港经济技术开发区飞云路北段72号,宜宾申蓉裕祥汽车销售服务有限公司,宜宾申蓉裕祥,15884106657,0831-2402133,644000,1,104.708056,28.781111,4,ybsryx,575
1,CH2682,6,六区,四川省,510000,眉山市,511400,meishan,眉山市东坡区尚义镇乐象村,眉山建国天佛汽车销售有限公司,眉山建国天佛,13350525320,028-38281212,620010,1,103.805556,30.078611,0,msjgtf,569
6,CH2685,6,六区,四川省,510000,成都市,510100,chengdu,四川省成都市锦江区锦江大道1686号,成都嘉和品信汽车销售服务有限公司,成都嘉和品信,18681382123,028-66898988,610023,1,104.111111,30.589444,4,cdjhpx,563
7,CH2686,6,六区,四川省,510000,成都市,510100,chengdu,成都市新都区竹园大道701号,四川申蓉泓嘉汽车销售服务有限公司,四川申蓉泓嘉,13880324355,028-68619999,610506,1,104.078611,30.815278,5,scsrhj,559
1,CH2687,6,六区,四川省,510000,自贡市,510300,zigong,四川省自贡市贡井区南环路建国汽车园区,自贡天骄车业有限公司,自贡天骄,18111048101,0813-3319999,643000,1,104.715,29.345556,3,zgtj,557
8,CH2689,6,六区,四川省,510000,成都市,510100,chengdu,四川省成都市金堂县成金大道1899号,金堂天汇汽车销售服务有限公司,金堂天汇,18180008973,028-67931777,610041,1,104.419444,30.850278,0,jtth,560
2,CH2690,3,三区,湖北省,420000,襄阳市,420600,xiangyang,湖北省襄阳市钻石大道与富康大道深圳工业园国际名车城,襄阳恒信永安汽车销售服务有限公司,襄阳恒信永安,18972266581,0710-2865666,430051,1,112.256667,32.119444,0,xyhxya,440
1,CH2696,3,三区,湖北省,420000,咸宁市,421200,xianning,湖北省咸宁市咸安区桂乡大道特9号（恒信德龙汽车城）,咸宁恒信天安汽车销售服务有限公司,咸宁恒信天安,18995821817,0715-8828588,437000,1,114.313889,29.888056,0,xnhxta,454
2,CH2697,3,三区,湖北省,420000,宜昌市,420500,yichang,湖北省宜昌市夷陵区发展大道（博大家私旁）,宜昌恒信天安汽车销售服务有限公司,宜昌恒信天安,13545746669,0717-7716222,443100,1,111.345,30.773889,4,ychxta,457
1,CH2700,3,三区,湖北省,420000,孝感市,420900,xiaogan,湖北省孝感市孝南区孝汉大道8号,孝感恒信德龙汽车销售服务有限公司,孝感恒信德龙,13477728197,0712-2336666,432000,1,113.956944,30.931111,0,xghxdl,463
3,CH2701,3,三区,湖南省,430000,长沙市,430100,changsha,湖南省长沙市天心区雀园路往东500米（省政府往南2公里）,湖南九通汽车销售服务有限公司,湖南九通,18684780211,0731-85887333,410002,1,112.988333,28.092222,4,hnjt,468
1,CH2705,3,三区,湖南省,430000,怀化市,431200,huaihua,湖南省怀化市鹤城区南环路雪佛兰4S店,怀化德程汽车销售服务有限公司,怀化德程,18974566971,0745-2388080,418000,1,109.975556,27.520556,0,hhdc,483
1,CH2708,3,三区,湖南省,430000,永州市,431100,yongzhou,湖南省永州市冷水滩区零陵大道岚角山段,湖南申湘汽车永州天润有限公司,永州天润,15226343750,0746-8713999,425042,1,111.630278,26.355833,0,yztr,466
4,CH2709,3,三区,湖南省,430000,长沙市,430100,changsha,湖南省长沙市岳麓区云栖路与含浦大道路口,湖南兰天河西汽车销售有限公司,湖南兰天河西,13677334032,0731-88447788,410003,1,112.915,28.141944,3,hnlthx,467
2,CH2710,3,三区,湖南省,430000,岳阳市,430600,yueyang,湖南省岳阳市岳阳楼区湖南理工学院南院往南1000米郭镇汽车城,岳阳华盛通达汽车销售服务有限公司,岳阳华盛通达,17711601509,0730-2288111,414000,1,113.151944,29.286389,5,yyhstd,465
5,CH2711,3,三区,湖北省,420000,武汉市,420100,wuhan,洪山区狮子山街华中农业大学西门1-1-6号,武汉恒信天安汽车销售服务有限公司,武汉恒信天安,13554193401,027-87665999,430000,1,114.348056,30.47,5,whhxta,441
1,CH2712,3,三区,湖南省,430000,湘西土家族苗族自治州,433100,xiangxitujia,湖南省湘西州吉首市大田湾96号,湘西自治州车博士汽车销售服务有限公司,湘西车博士,18074314866,0743-8666166,416000,1,109.751389,28.303611,0,xxcbs,464
2,CH2713,3,三区,湖南省,430000,常德市,430700,changde,湖南省常德市武陵区火车站往西1500米(龙港路与常德大道交汇处),湖南恒春汽贸有限公司,湖南恒春,18173620309,0736-7235888,415000,1,111.674722,29.069167,5,hnhc,739
2,CH2718,3,三区,湖南省,430000,怀化市,431200,huaihua,怀化工业园鹤城分园鸭嘴岩物流产业区,怀化德鸿汽车销售服务有限公司,怀化德鸿,,0745-7860333,,418000,1,109.952888,27.482994,,hhdh,969
2,CH2735,2,二区,河北省,130000,保定市,130600,baoding,河北省保定市定州市定曲路长安工业园区（原1054医院西行800米路南）,保定轩宇鸿鹭汽车销售服务有限公司,保定轩宇鸿鹭,,0312-2341333,073000,1,114.995833,38.513056,0,bdxyhl,31
3,CH2736,2,二区,河北省,130000,保定市,130600,baoding,高碑店市盛世北大街16号,保定轩宇陆威汽车销售服务有限公司,保定轩宇陆威,15933549879,0312-2901222,074000,1,115.904722,39.333611,4,bdxylw,25
4,CH2739,2,二区,河北省,130000,石家庄市,130100,shijiazhuang,河北省石家庄市长安区北二环东路86号河北国际汽车贸易园区,河北宸和美通汽车销售服务有限公司,河北宸和美通,18631105375,0311-85666887,500001,1,114.541111,38.076111,5,hbchmt,49
1,CH2740,2,二区,河北省,130000,张家口市,130700,zhangjiakou,河北省张家口市高新区胜利南路70号,张家口欣华汽车销售服务有限公司,张家口欣华,18034326205,0313-4561088,750000,1,114.913056,40.738889,5,zjkxh,45
3,CH2743,2,二区,河北省,130000,沧州市,130900,cangzhou,任丘市建设东路雁翎公园东侧,任丘市益盛汽车销售服务有限公司,任丘益盛,18134189580,0317-2988856,625500,1,116.131667,38.695,3,rqys,40
1,CH2747,2,二区,河北省,130000,邯郸市,130400,handan,邯郸市人民路与东环路交叉口南行200米路东（东辛庄路南、规划路以西）,邯郸市发兴汽车贸易有限公司,邯郸市发兴,13739602500,031-08021990,056001,1,114.540278,36.6025,4,HDFX,27
2,CH2748,2,二区,河北省,130000,衡水市,131100,hengshui,河北省衡水市榕花大街北高速口南行500米路东,衡水盛越汽车销售有限公司,衡水盛越,18203330016,031-82969996,053000,1,115.695,37.793333,5,hssy,20
4,CH2749,2,二区,河北省,130000,保定市,130600,baoding,河北省保定市复兴东路金昌汽车城,保定市金昌弘瑞汽车销售服务有限公司,保定金昌弘瑞,15931890315,0312-6783666,071000,1,115.543611,38.8925,4,bdjchr,24
1,CH2760,2,二区,山西省,140000,朔州市,140600,shuozhou,朔州市开发区振华东街振华车城东5号,朔州市芦笛汽车销售服务有限公司,朔州芦笛,15503497520,0349-8803666,037010,1,112.439444,39.349444,4,szld,53
3,CH2766,2,二区,山西省,140000,太原市,140100,taiyuan,山西省太原市长凤桥西丽华大酒店路口往北300米,山西汇友汽车销售服务有限公司,山西汇友,18636169688,0351-7770555,030031,1,112.528611,37.825833,4,tysxhy,59
1,CH2768,2,二区,山西省,140000,晋中市,140700,jinzhong,山西省晋中市汇通北路鸣李段汽贸园,山西香山通瑞汽贸有限公司,山西香山通瑞,15835430933,0354-2460210,030600,1,112.687778,37.731389,4,sxxstr,57
2,CH2769,2,二区,山西省,140000,长治市,140400,changzhi,山西省长治市北外环路金伯乐汽贸园,长治市华美通汽车销售服务有限公司,长治华美通,,0355-2257111,046000,1,113.171667,36.249444,0,czhmt,56
2,CH2770,2,二区,山西省,140000,大同市,140200,datong,大同市南郊区南环路西延伸段十里河西侧庞大汽车园林广场,山西必高融通汽车销售服务有限公司,山西必高融通,18603524010,0352-5026655,037003,1,113.240556,40.0525,5,sxbgrt,55
1,CH2780,5,五区,陕西省,610000,宝鸡市,610300,baoji,宝鸡市高新东区高新十二路18号,陕西尚德通宝汽车销售服务有限公司,陕西尚德通宝,18609179513,0917-3360000,721000,1,107.286944,34.3425,4,sxsdtb,627
1,CH2783,5,五区,陕西省,610000,延安市,610600,yanan,延安市河庄坪镇小沟村,延安弘丰泛想汽车服务有限公司,延安弘丰泛想,13669214731,0911-2321111,716000,1,109.463611,36.665556,4,yahffx,618
1,CH2786,5,五区,陕西省,610000,商洛市,611000,shangluo,商洛市商州区杨峪河镇谢塬村,商洛泽泰汽车销售服务有限公司,商洛泽泰,18991566516,0914-2283333,726000,1,109.880278,33.864722,2,slzt,615
1,CH2787,5,五区,陕西省,610000,铜川市,610200,tongchuan,铜川市王益区王家河工业园区赵家塬,铜川泽泰汇通汽车销售服务有限公司,铜川泽泰汇通,18991597209,0919-2892888,727000,1,109.041667,35.089722,2,tcztht,616
3,CH2789,5,五区,陕西省,610000,西安市,610100,xian,西安市长安区航天汽车城内雪佛兰4S店（航天东路与神州八路交汇处）,陕西天锐嘉航汽车销售服务有限公司,陕西天锐嘉航,18992557239,029-89690388,252682159@qq.com,710199,1,108.992778,34.156667,5,sxtrjh,673
1,CH2794,8,八区,安徽省,340000,铜陵市,340700,tongling,铜陵市狮子山国际汽车城内,铜陵惠和汽车销售有限公司,铜陵惠和,18705628855,0562-6828111,244000,1,117.8975,30.939167,0,tlhh,286
1,CH2795,8,八区,安徽省,340000,池州市,341700,chizhou,安徽省池州市站前区物流园汽车4S店集中区,池州市明恒汽车销售服务有限公司,池州明恒,13856632205,0566-2719333,247000,1,117.528889,30.622222,0,czmhxfl,305
1,CH2796,8,八区,安徽省,340000,芜湖市,340200,wuhu,芜湖市弋江区繁纬路2号,芜湖易和福来汽车销售服务有限公司,芜湖易和福来,18900530877,0553-3025858,241000,1,118.3575,31.273611,3,whyhfl,288
1,CH2798,8,八区,安徽省,340000,宣城市,341800,xuancheng,安徽省宣城市宣州区奉公路与松泉路交叉口（司尔特对面300米）,宣城易和汽车服务有限公司,宣城易和,18656367007,0563-2530555,242000,1,118.725,31.014722,0,xcyh,285
4,CH2800,8,八区,安徽省,340000,合肥市,340100,hefei,安徽省合肥市蒙城北路与北二环交叉口向北1公里,合肥恒信德龙永安汽车销售服务有限公司,合肥恒信永安,18155172627,0551-66019888,230000,1,117.257222,31.921389,0,hfhxdlya,682
4,CH2811,6,六区,云南省,530000,昆明市,530100,kunming,昆明市官渡区矣六街道办事处普自社区居委会第二居民小组,云南合顺汽车销售服务有限公司,云南合顺,13888191990,0871-6727922,650224,1,102.757778,24.939444,0,ynhs,599
2,CH2812,6,六区,云南省,530000,曲靖市,530300,qujing,云南省曲靖市沾益县西平镇龙华村委会龙华大道西侧,曲靖嘉通汽车销售服务有限公司,曲靖嘉通,,0874-3016066,650028,1,103.803056,25.565,0,qjjt,598
1,CH2813,6,六区,云南省,530000,丽江市,530700,lijiang,丽江市古城区祥和路71号,丽江金鸿信汽车销售服务有限公司,丽江金鸿信,18708889539,0888-3197888,674100,1,100.248611,26.866667,0,ljjhx,679
2,CH2825,4,四区,广西壮族自治区,450000,柳州市,450200,liuzhou,广西柳州市柳南区柳工大道汽贸园区,柳州建沃汽车销售服务有限公司,柳州建沃,15907725853,0772-2398908,549657730@qq.com,545000,1,109.365278,24.305833,0,lzjw,716
1,CH2886,1,一区,吉林省,220000,延边朝鲜族自治州,222400,yanbian,吉林省延吉市开发区长白山东路4088号,延吉瑞临汽车销售服务有限公司,延吉瑞临,18404332999,0433-8324777,133000,1,129.573333,42.895556,0,yjrl,114
1,CH2887,1,一区,吉林省,220000,通化市,220500,tonghua,吉林省通化市新胜北路5838号长流收费站300米处,通化市融展汽车销售有限公司,通化融展,18043170095,0435-3302888,134001,1,125.9125,41.777222,0,thrz,115
2,CH2901,2,二区,内蒙古自治区,150000,通辽市,150500,tongliao,内蒙古自治区通辽市河西瑞丰汽贸园川达一汽丰田西侧,通辽市川达汽车销售服务有限公司,通辽川达,15924541314,0475-8807111,028000,1,122.215278,43.642222,3,tlcd,735
2,CH3650,5,五区,河南省,410000,洛阳市,410300,luoyang,洛阳市启明南路与九都东路交叉口向南100米,洛阳盈众汽车有限公司,洛阳盈众,13673792665,0379-60688866,471000,1,112.505833,34.679722,3,lyyz,418
2,CH3651,5,五区,河南省,410000,商丘市,411400,shangqiu,永城汽车城院内,永城市裕达汽车销售有限公司,永城裕达,15090671270,0370-5059027,476600,1,116.395833,33.9375,4,ycyd,415
2,CH3652,5,五区,河南省,410000,安阳市,410500,anyang,河南省安阳市文峰区光明路南段豫北汽车市场内,安阳市鼎恒汽车销售服务有限公司,安阳鼎恒,13140404401,0372-3925000,455000,1,114.331667,36.074167,3,aydh,417
2,CH3653,5,五区,河南省,410000,南阳市,411300,nanyang,河南省南阳市张衡西路与北京路交叉口向东200米路北,南阳市政和汽车贸易有限公司,南阳政和雪佛兰4S店,18625607557,0377-61668666,nyzhenghe@163.com,473000,1,112.501944,33.022778,3,nyzh,419
4,CH3654,5,五区,河南省,410000,郑州市,410100,zhengzhou,郑州市高新区合欢街与银屏路交叉口向东130米路北,河南威佳福盛汽车销售服务有限公司,河南威佳福盛,13298428362,0371-55021888,450045,1,113.524733,34.798792,5,hnwjfs,413
5,CH3655,5,五区,河南省,410000,郑州市,410100,zhengzhou,郑州市中牟县绿博大道康庄路口庞大汽车城,河南锦荣汽车销售服务有限公司,河南锦荣,13837110376,0371-55912448,450000,1,113.855385,34.756595,3,hnjr,414
1,CH3656,5,五区,河南省,410000,济源市,419001,jiyuan,济源市新济路苗店村,济源威佳福来汽车销售服务有限公司,济源威佳福来,15939180662,0391-6260222,454650,1,113.124444,35.155,0,jywjfl,416
2,CH3657,5,五区,河南省,410000,许昌市,411000,xuchang,河南省许昌市许由路中段,许昌市骏达汽车销售服务有限公司,许昌骏达,15937465531,0374-2551111,461000,1,113.868889,33.985556,5,xcjd,412
2,CH3658,5,五区,河南省,410000,新乡市,410700,xinxiang,河南省新乡市新中大道与晋新高速交叉口北200米路西,新乡威佳福兴汽车销售服务有限公司,新乡威佳,13569808142,0373-5278888,453000,1,113.93,35.363333,5,xxwj,704
2,CH3659,5,五区,河南省,410000,焦作市,410800,jiaozuo,焦作市新区迎宾路鑫博大汽贸城内,焦作市裕正汽车销售有限公司,焦作裕正,15138018645,0391-3755222,454000,1,113.258409,35.171467,0,jzyz,719
2,CH3660,4,四区,福建省,350000,泉州市,350500,quanzhou,福建省泉州市晋江新塘后洋1区6号（晋江SM往石狮方向3公里）,泉州福林汽车销售服务有限公司,泉州福林,15750915905,0595-26780000,362200,1,118.588889,24.771944,0,qzfl,306
9,CH3676,6,六区,四川省,510000,成都市,510100,chengdu,四川省成都市都江堰市四川都江堰经济开发区堰华路605号,都江堰金鸿信汽车销售服务有限公司,都江堰金鸿信,13730667019,028-67667888,674100,1,103.655556,31.025833,0,djyhx,677
10,CH3677,6,六区,四川省,510000,成都市,510100,chengdu,四川省成都市郫县红光镇高店路西段358号,四川恒信源汽车销售有限公司,四川恒信源,13699482004,028-69515777,610091,1,103.930556,30.783056,0,schxy,771
3,CH3735,2,二区,河北省,130000,邢台市,130500,xingtai,任县河头开发区,邢台宝蓝汽车贸易有限公司,邢台宝蓝,13463075111,0319-7530808,056001,1,114.6175,37.102778,3,xtbl,22
3,CH3736,2,二区,河北省,130000,廊坊市,131000,langfang,河北省廊坊市三河市,河北怡和茂峰汽车销售服务有限公司,河北怡和茂峰,18031682810,0316-5856616,065201,1,116.825833,39.915278,0,hbyhmf,23
5,CH3737,2,二区,河北省,130000,石家庄市,130100,shijiazhuang,石家庄市裕华区青园街357号,石家庄拓翔汽车销售服务有限公司,石家庄拓翔,18231137786,0311-85691001,050000,1,114.55,37.999722,5,sjztx,21
2,CH3740,2,二区,河北省,130000,张家口市,130700,zhangjiakou,河北省张家口市沙岭子镇电厂北500米,张家口宝华汽车销售服务有限公司,张家口宝华,18731353699,0313-5020777,075100,1,114.929722,40.669444,0,zjkbh,727
6,CH4650,5,五区,河南省,410000,郑州市,410100,zhengzhou,河南省郑州市惠济区郑花路河南汽贸中心,郑州市凯林汽车销售服务有限公司,郑州凯林,18703686628,0371-55935599,450000,1,113.666389,34.865556,5,zzkl,717
7,CH4651,5,五区,河南省,410000,郑州市,410100,zhengzhou,巩义市站街镇集沟村,巩义市威佳福瑞汽车销售服务有限公司,巩义威佳福瑞,18639133555,0371-60322111,451200,1,113.043889,34.790556,5,gywjfr,743
3,CH4655,5,五区,河南省,410000,新乡市,410700,xinxiang,长垣县山海大道与德邻大道交叉口西南角大地亚飞汽车城内,长垣县大诚汽车销售服务有限公司,长垣大诚,13598711200,0373-8106555,453400,1,114.641111,35.180833,1,dhdc,795
18,CH8090,7,七区,上海市,310000,上海市,310100,shanghai,上海市宝山区宝安公路839号,上海逸隆宝鸿汽车销售服务有限公司,上海逸隆宝鸿,18616672035,021-33856288,201906,1,121.412222,31.364167,0,shylbh,130
7,CH8609,6,六区,重庆市,500000,重庆市,500100,chongqing,重庆市开州区文峰街道文峰社区南山东路568号,重庆市开州区瑞通汽车销售服务有限公司,重庆开州瑞通,,023-52686666,405499,1,108.436111,31.173889,,cqskzrt,953
5,CH1025,8,八区,江苏省,320000,泰州市,321200,taizhou1,兴化市科技工业园区（兴化大道东侧临城加油站对面）,兴化市海通汽车销售服务有限公司,兴化海通,,0523-83456900,225700,0,119.848056,32.894167,,,815
7,CH1224,4,四区,广东省,440000,深圳市,440300,shenzhen,深圳市宝安区沙井街道新二社区南岭路第三工业区138号1楼-2号,深圳市标域上通汽车有限公司,深圳标域上通,,0755-27415333,518104,0,113.845,22.73,0,,515
8,CH1227,4,四区,广东省,440000,深圳市,440300,shenzhen,深圳市宝安区民治街道工业西路与中环路交汇处综合楼（101-102铺）,深圳市安骅骅盛汽车销售服务有限公司,深圳安骅骅盛,,0755-28112210,518109,0,114.023889,22.643611,0,,520
7,CH1309,8,八区,江苏省,320000,南京市,320100,nanjing,江苏省高淳县淳溪镇汶溪水路163号-3,南京华海雪莱汽车销售服务有限公司,南京华海雪莱,,025-57303699,211300,0,118.871944,31.3375,0,,186
3,CH1324,8,八区,江苏省,320000,淮安市,320800,huaian,盱眙县经济开发区东方大道9号,盱眙舜天元泰汽车销售服务有限公司,盱眙舜天元泰,,0517-88285288,211700,0,118.551667,32.953333,0,,215
4,CH1328,8,八区,江苏省,320000,淮安市,320800,huaian,金湖县衡阳南路191号,金湖舜天元泰汽车销售服务有限公司,金湖舜天元泰,,0517-86931808,211600,0,119.003889,32.998611,0,,163
4,CH1356,8,八区,江苏省,320000,宿迁市,321300,suqian,江苏省宿迁市泗阳城南汽车产业园（城南车管所向西150米）,泗阳亚非中锦汽车销售服务有限公司,泗阳亚非,,0527-81986888,223600,0,118.630833,33.7,,,924
3,CH1427,1,一区,山东省,370000,滨州市,371600,binzhou,山东省滨州市邹平县北外环新汽车站对面（邹平汽车站北200米路西）,滨州市岳海滨兰汽车销售服务有限公司,滨州岳海滨兰,,0543-2189777,256200,0,117.7175,36.927222,0,,364
2,CH1437,1,一区,山东省,370000,枣庄市,370400,zaozhuang,山东省枣庄市滕州市龙泉南路东侧（王开一居）,滕州N辉汽车销售服务有限公司,滕州N辉,,0632-8255555,277500,0,117.340556,35.077778,,,972
3,CH1466,null,山东省,370000,聊城市,371500,liaocheng,聊城市经济技术开发区东昌东路235号,聊城北斗泰通汽车销售有限公司,聊城北斗雪佛兰,,0635-8359999,252000,0,116.059167,36.459444,,1003
5,CH1553,7,七区,浙江省,330000,台州市,331000,taizhou2,浙江省台州市仙居县城关镇安洲街道环城南路888号,台州德铭汽车销售有限公司,台州德铭,,-,317300,0,120.723333,28.845278,0,,832
5,CH1568,7,七区,浙江省,330000,宁波市,330200,ningbo,浙江省慈溪市逍林镇新园村汽车商城五星路108号,慈溪市鑫顺汽车销售服务有限公司,慈溪鑫顺,,-,315300,0,121.518611,30.310278,,,968
8,CH1609,6,六区,重庆市,500000,重庆市,500100,chongqing,重庆市璧山县璧泉街道璧青北路989号1幢第一层,重庆百事达天威华睿汽车销售服务有限公司璧山分公司,璧山百事达雪佛兰,,023-85298111,402760,0,106.241667,29.570278,,,773
1,CH1638,1,一区,辽宁省,210000,本溪市,210500,benxi,辽宁省本溪市明山区唐家路41幢,本溪上通汽车销售服务有限公司,本溪上通,,-,117000,0,123.793889,41.295556,0,,110
1,CH1693,3,三区,湖北省,420000,仙桃市,429004,xiantao,湖北省仙桃市工业园区纺织大道6号,仙桃市三环瑞通汽车销售服务有限公司,仙桃三环瑞通,,0728-3311711,433000,0,113.427778,30.343333,0,,446
1,CH1721,4,四区,海南省,460000,儋州市,469003,danzhou,海南省儋州市中兴大道西部汽车城,儋州安骅汽车销售服务有限公司,儋州安骅,,-,571700,0,109.612222,19.521111,0,,546
5,CH1730,2,二区,河北省,130000,保定市,130600,baoding,河北省涿州市107国道桃源路西口,涿州市朝阳辉腾汽车销售服务有限公司,涿州市朝阳辉腾,,-,072750,0,115.118333,39.435556,,,937
1,CH1733,null,湖南省,430000,娄底市,431300,loudi,湖南省娄底市娄星区汽车南站往南800米,娄底市高通汽车销售有限公司,娄底市高通,,0738-8289777,417000,0,112.321944,28.124722,,987
2,CH1761,null,湖南省,430000,邵阳市,430500,shaoyang,湖南省邵阳市邵东县两市塘办事处两塘路和新亭路交汇处,邵东县宝泰汽车销售有限公司,邵东宝泰,,0739-8915666,200502,0,111.608611,40.819722,,991
1,CH1796,8,八区,安徽省,340000,亳州市,341600,bozhou,安徽省亳州市蒙城县汽车产业园区庄子大道西侧,安徽瑞利丰汽车销售有限公司,安徽瑞利丰,,0558-7610000,233500,0,116.565278,33.245833,0,,298
2,CH1804,8,八区,安徽省,340000,滁州市,341100,chuzhou,安徽省天长市经济开发区天康大道355号,天长市明恒汽车销售服务有限公司,天长明恒,,-,239300,0,118.941667,32.6825,0,,295
5,CH1807,8,八区,安徽省,340000,合肥市,340100,hefei,安徽省巢湖市半汤路经济开发区亚夏汽车城,巢湖亚景汽车销售服务有限公司,巢湖亚景,,0551-82356677,238000,0,117.9225,31.6375,0,,297
1,CH1811,6,六区,云南省,530000,普洱市,530800,puer,普洱市思茅区北郊普洱路,普洱立华汽车销售服务有限公司,普洱立华,,0879-2823111,665000,0,100.976389,22.799444,0,611
3,CH1858,6,六区,贵州省,520000,贵阳市,520100,guiyang,贵州省贵阳市金马大道（贵州省贵阳清镇汽车贸易城）,贵州睿辉汽车销售服务有限公司,贵州睿辉,,0851-82604111,551400,0,106.505278,26.565278,,,737
1,CH1862,6,六区,贵州省,520000,黔东南苗族侗族自治州,522600,qindongnanmiaozu,凯里经济开发区开元大道33号,贵州省凯里经济开发区通源金雪汽车销售服务有限公司,凯里通源金雪,,0855-8583666,550004,0,107.966944,26.583056,0,,589
1,CH1863,6,六区,贵州省,520000,黔西南布依族苗族自治州,522300,qinxinanbuyizu,贵州省兴义市木贾办物流园区,贵州林晶汽车销售服务有限公司,贵州林晶,,0859-3379688,562400,0,104.8575,25.124722,0,,590
1,CH1866,3,三区,江西省,360000,鹰潭市,360600,yingtan,江西省鹰潭市天洁西路28号,江西天烨实业有限公司,江西天烨,13387013331,0701-6669111,335000,0,116.997222,28.230556,0,,902
2,CH1869,3,三区,江西省,360000,赣州市,360700,ganzhou,江西省赣州市南康区龙岭镇赣南汽车城内,赣州祥荣汽车销售服务有限公司,赣州祥荣,,-,341410,0,114.813333,25.738333,,,934
2,CH1883,null,吉林省,220000,长春市,220100,changchun,长春市高新区永新路168号一号厂房,长春市新北方汽车销售有限公司,长春市新北方,,0431-88947999,130000,0,125.228611,43.805278,,992
1,CH1930,6,六区,西藏自治区,540000,拉萨市,540100,lasa,拉萨市金珠西路158号附3号,拉萨康达汽车销售服务有限公司,拉萨康达,,0891-6861895,851400,0,91.112778,29.652222,0,,614
1,CH2631,1,一区,辽宁省,210000,抚顺市,210400,fushun,辽宁省抚顺市新抚区浑河南路东段16-9号,抚顺汇鼎汽车销售服务有限公司,抚顺汇鼎,,024-52447676,110042,0,123.979722,41.875833,0,,90
8,CH2658,5,五区,河南省,410000,郑州市,410100,zhengzhou,新郑市郑新路北段东侧（交警队北）,新郑市政和汽车贸易有限公司,新郑政和,,0371-62628080,451100,0,113.711944,34.413611,0,420
1,CH2675,6,六区,四川省,510000,雅安市,511800,yaan,雅安市雨城区多营镇长安路57号,雅安天佛汽车销售有限公司,雅安天佛,,0835-2825226,625000,0,102.949722,29.985833,0,,565
3,CH2683,6,六区,四川省,510000,绵阳市,510700,mianyang,四川省江油市会昌村7组,江油天虹汽车销售服务有限公司,江油天虹,,0816-3322012,621700,0,104.713611,31.748056,0,,562
1,CH2714,3,三区,湖北省,420000,十堰市,420300,shiyan,湖北省十堰市郧阳区经济开发区汉江大道东侧茶店村七组,十堰泰亚汽车销售服务有限公司,十堰泰亚,,0719-7602888,442000,0,110.808333,32.754167,,,781
1,CH2797,8,八区,安徽省,340000,宿州市,341300,suzhou2,宿州市经济开发区西昌南路东侧,安徽省星光大道汽车销售有限公司,安徽星光大道,,0557-2602222,234000,0,116.969722,33.602222,0,,290
2,CH2802,8,八区,安徽省,340000,芜湖市,340200,wuhu,芜湖汽车服务中心（芜宣高速北侧，纬次路南端）1号地块,芜湖易和来福汽车销售服务有限公司,芜湖易和来福,,0553-3905666,241000,0,118.418333,31.367778,0,,722
2,CH2889,1,一区,吉林省,220000,吉林市,220200,jilin,吉林市龙潭区华丹大街268号,吉林市永通万骏汽车销售有限责任公司,吉林永通万骏,,0432-63302903,132011,0,126.558611,43.936389,0,,113
9,CH8200,4,四区,广东省,440000,广州市,440100,guangzhou,广州科学城南云五路8号,广州安骅骅通汽车销售服务有限公司赛马场分公司,广州安骅骅通赛马场分公司,,无,510000,0,113.455,23.144722,0,,498
8,CH8310,8,八区,江苏省,320000,南京市,320100,nanjing,南京市玄武区十字街3号,江苏天泓雪莱汽车服务有限公司红山路店,江苏天泓雪莱红山路店,,025-86303308,210028,0,118.807222,32.0925,0,,690
