id,name,lng,lat,province,city,address,phone_service,phone_seal,website,phone
294,北京三元桥,116.456547,39.962357,北京,北京,北京市朝阳区左家庄路2号,010-84541072|010-84541073,010-84541077|010-84541078,bjsyq,
295,北京花乡桥,116.320340,39.834984,北京,北京,北京市大兴区海鑫北路9号,010-61260799,010-61260988,bjhxq,
296,北京方庄,116.428819,39.865877,北京,北京,北京市丰台区蒲黄榆路48号,010-67630606,010-87610750|010-87610751,bjfz,
297,北京首汽,116.495005,39.965054,北京,北京,北京市朝阳区亮马桥路9号,010-64374008,010-64365852,jbsq,
298,北京金冠兴业,116.264481,39.978825,北京,北京,北京市海淀区闵庄路6号(西北四环“香山、玉泉山”出口西行1公里红绿灯左转路南),010-88890606,010-88890601|010-88890602,bjjgxy,
299,北京奥德行,116.361079,39.858293,北京,北京,丰台区南三环西路39号,010-83520100,010-83520100,bjadh,
300,北京广通,116.367108,40.021562,北京,北京,北京市朝阳区德外花虎沟20号,010-62916666,010-62916666,bjgt,
301,北京凯百隆,116.259723,40.058315,北京,北京,北京市海淀区西北旺镇永丰路百旺绿谷汽车园,010-82402677,010-82402662,bjkbl,
302,北京五方桥,116.553052,39.870478,北京,北京,北京市朝阳区京沈高速五方桥西南侧,010-87390099,010-87390011,bjwfq,
303,北京中业,116.353758,39.833822,北京,北京,北京市丰台区南四环中路260号(马家楼桥东南角),010-87504020,010-87500088,bjzy,
304,北京苹果园,116.188917,39.930835,北京,北京,北京市石景山区阜石路175号,010-68829886转8105/6/7/15,010-68888200|010-68829886转8101|0,bjpgy,
305,北京东仁天宇,116.579403,39.944862,北京,北京,北京市朝阳区平房乡石各庄村甲1号,010-65469600<br>010-65469630,010-65469090|010-65469191,bjdrty,
306,北京花园桥,116.317117,39.937244,北京,北京,北京市海淀区车公庄西路38号(花园桥东南角),010-68713131,010-68728888-销售部,bjhyq,
310,北京运通博裕,116.512318,39.818854,北京,北京,北京经济技术开发区文化园东路乙6号,010-67862966|010-67865102,010-67862866|010-67864866,bjytby,
311,北京华通,116.661334,39.896172,北京,北京,北京市通州区梨园九棵树西路11号,010-81521020|010-81521622,010-81520315|010-81520915,bjht,
312,北京迎宾中升,116.243307,39.931795,北京,北京,北京市海淀区阜石路63号,010-88208080|转605/609|010-68179915,010-88208080转601|603,bjsh,
315,北京北苑,116.442338,40.028313,北京,北京,北京市朝阳区来广营西路95号,010-84921026|010-84922303,010-84928566|010-84921325,bjby,
466,北京博丰长久,116.601311,40.130502,北京,北京,北京市顺义区空港物流基地顺航路18号(顺航路东侧)一汽丰田4S店,010-69450695,010-69479998,bjbfcj,
736,北京北苑怀柔分店,116.647759,40.295007,北京,北京,怀柔区庙城镇高两河村346号,010-60699306,010-60699302,bjby_hr,
737,北京凯百隆昌平分店,116.259823,40.058116,北京,北京,北京市海淀区西北旺永丰路百旺绿谷汽车园北京凯百隆丰田,010-82402680,010-82402680,kbl_cp,
231,天津柳林,117.300274,39.069745,天津,天津,天津市河西区大沽南路南头,022-88180123/88180666,022-88180808|88288772,tjll,
232,天津东联,117.374550,39.166917,天津,天津,天津市东丽区空港物流经济区环河北路18号,022-84905518,022-84905522,tjdl,
233,天津中乒,117.214235,39.211665,天津,天津,天津市北辰区普济河东路/道20号(万科新城旁),26727243   26727245,26727246 26727247,tjzp,
234,天津华苑,117.133815,39.097851,天津,天津,天津市华苑产业区梅苑路10号,022-83715888 022-83715222,022-83715666,tjhuayuan,
236,天津浩物,117.661390,39.000938,天津,天津,天津市塘沽区河南路1376号,022-25380000,022-25380777|022-25380555,tjhw,
237,天津和裕,117.202311,39.047925,天津,天津,天津市卫津南路299号(外环线内200米),022-24033699,022-24033543,tjhy,
344,天津柳林金海,117.007259,38.953647,天津,天津,天津市静海经济开发区金海道与津文公路交口,022-68608111,022-68608111,tjlljh,
373,天津奥嘉,117.093562,39.338272,天津,天津,天津市武清区下朱庄街京津公路东侧,022-59691566|022-59691577,022-59692266|022-59692288,tjaj,
494,天津奥德行津盛,117.384375,38.985947,天津,天津,天津市津南区咸水沽镇津歧路69号,022-28766000,022-28766588,tjadhjs,
540,天津庞大丰雅,117.122369,39.260762,天津,天津,天津市北辰区双街镇京津公路东侧双江道南,022-86907120,022-86907111,tjpdfy,
834,天津奥德行宝坻分店,117.348072,39.716530,天津,天津,天津市宝坻区南环东路南侧（机动车交易市场西区）,022-59950109,022-59210123 ,tjadhjs_bd,
966,天津凯达<em style='color:red;font-style:normal;'>【暂停服务】</em>,117.724367,39.045523,天津,天津,天津开发区第五大街63号,022-66293300,022-66298771,tjkd,
968,天津奥德行津盛蓟州分店,117.424214,40.035532,天津,天津,天津市蓟州区渔阳镇中昌北大道430号,,022-29185788 |022-29135788|022-29192828,tjadhjs_jz,
969,天津华苑中北镇分店,117.048693,39.124794,天津,天津,天津市西青区中北镇京福公路与营建支路交口西北侧50米,13803033377,13820755277,tjhy_zbz,
1021,天津庞大丰雅南开区分店,117.144743,39.137404,天津,天津,天津市南开区咸阳路74号,022-86907120,022-83577718,pdfy_nk,
1032,天津奥嘉王庆坨分店,117.075867,39.375140,天津,天津,天津市武清区王庆坨镇金威新天地1-1,022-59691587,022-59692266,aj_wqt,
1044,天津奥德行津盛西青分店,117.278448,39.003676,天津,天津,西青经济开发区大寺高新技术产业园储华道5号,,022-28766788,tjadhjs_xq,
241,石家庄新华,114.469225,38.091485,河北,石家庄,石家庄市北二环西路与泰华街交叉口西南角（水上公园东门北行1000米路西）,0311-87733688|13333385701,0311-87733888|13333385702,sjzxh,
242,石家庄裕华,114.631505,38.041829,河北,石家庄,石家庄市高新区长江大道与华山街交口北行50米路东（卓达星辰广场对面）,0311-85087000|,0311-85069999|13333385630,sjzyh,
243,石家庄纪元,114.521293,38.007525,河北,石家庄,石家庄市南二环东路3号付1号,0311-85219555,0311-85255566,sjzjy,
388,石家庄纪元辛集分店,115.223668,37.967987,河北,石家庄,辛集市北外环东段(庞大汽车超市院内),0311-83272001,0311-83272000,sjzjy_xj,
625,石家庄建华,114.558821,38.077697,河北,石家庄,河北省石家庄市长安区北二环东路86号（国际汽车园区）,0311-68096999,0311-68096888,jhft,
741,石家庄纪元鹿泉分店,114.324814,38.080862,河北,石家庄,河北省石家庄市鹿泉市龙泉路48号,0311-82205400,0311-82205400,sjzjy_lu,
909,石家庄纪元正定分店,114.552553,38.140179,河北,石家庄,石家庄市正定县车站南大街156号,0311-89190001,0311-89190006,sjzjy_zd,
239,唐山冀东,118.203929,39.621643,河北,唐山,唐山市路南区永红桥西侧路南,0315-2822066|       0315-2832999,0315-2829718|       0315-2829798,tsjd,
240,唐山弘德,118.207801,39.597512,河北,唐山,唐山市路南区南外环路汽车工业园区232号,0315-2969292,0315-2969788,tshd,
378,唐山冀东遵化分店,117.959244,40.148347,河北,唐山,遵化市西留村乡白方寺村,13373158119,13373158116,tsjd_zh,
521,唐山冀东唐海分店,118.429600,39.273940,河北,唐山,唐海路与沿海路交口庞大汽贸院内,0315-5079191|0315-5070099,0315-5079090,tsjd_th,
522,唐山弘德滦县分店,118.759700,39.755070,河北,唐山,唐山市滦县205国道立交桥段南侧庞大汽贸城,0315-5037799,0315-5037788,tshd_lx,
599,唐山冀东滦南分店,118.687204,39.519821,河北,唐山,唐山市滦南县城南大街南侧庞大汽贸西侧,0315-4165033,0315-4165003,tsjdln,
762,唐山冀东高新区分店,118.175562,39.729561,河北,唐山,高新区技术开发区郑庄子乡前白寺口村西(老唐丰路收费站北行1.2公里路东),0315-3162788|0315-3162788,0315-3162588,tsjdgxq,
863,唐山弘德迁西分店,118.338610,40.173396,河北,唐山,河北省唐山市迁西县彩虹桥北2公里路东,0315-5768088,0315-5766088 ,tshd_qx,
910,唐山弘德玉田分公司,117.717909,39.901457,河北,唐山,唐山市玉田县西外环银河中学东侧,0315-5053009,0315-5053008,tshd_yt,
912,唐山弘德乐亭分公司,118.266798,39.638522,河北,唐山,唐山市乐亭金融街与东外环交叉口庞大汽车园,0315-4081806,0315-4081000 ,tshd_lt,
1023,唐山冀东开平分店,118.207706,39.597549,河北,唐山,唐山市开平区开越路汽车工业园区,,,tsjd_kp,
1052,迁安润达<em style='color:red;font-style:normal;'>【暂停服务】</em>,118.592276,40.011381,河北,唐山,迁安市杨店子镇政府南行100米,0315-7856666,0315-5350688,qard,
249,秦皇岛龙之俊,119.536490,39.944578,河北,秦皇岛,秦皇岛经济技术开发区峨嵋山北路新管委会西侧,0335-5999996,0335-5955555,qhdlzj,
523,秦皇岛龙之俊青龙分店,118.915061,40.423161,河北,秦皇岛,秦皇岛市青龙满族自治县逃军山村南庞大汽博城,0335-7996868,0335-7996969,qhdlzj_ql,
624,秦皇岛东港,119.634824,39.974624,河北,秦皇岛,秦皇岛海港区东港北路东侧,0335-8938888,0335-3589999,qhddg,
743,秦皇岛龙之俊昌黎分店,119.232188,39.695551,河北,秦皇岛,秦皇岛市昌黎县葛条港乡解官营村昌黄公路南侧庞大汽车园内,0335-5965909,0335-5861555,qhdlzj_cl,
889,秦皇岛东港抚宁分店,119.275275,39.889523,河北,秦皇岛,秦皇岛市抚宁区抚宁镇钟庄村环城东路西侧,0335-8938888&lt;/br&gt;0335-8873333,0335-6010785,dgfnfd,
246,邯郸环东,114.543899,36.649888,河北,邯郸,邯郸市开发区东环路北首路东联华汽车广场,0310-7122599,0310-7122666,hdjh,
532,邯郸庞大龙盛,114.476424,36.654989,河北,邯郸,邯郸市复兴区北环路88号现代(邯郸)汽贸城内3-8号,0310-8198566,0310-8198558,hdpd,
248,邢台威龙,114.492259,37.110637,河北,邢台,邢台市桥西区郭守敬大道中段蓝池集团,0319-2616677,0319-2616666,xtwl,
626,邢台丰和,114.558343,37.127822,河北,邢台,邢台市北外环龙岗东大街邢台汽车城内（森林公园东行3.5公里路北）,0319-5907999,0319-5250001,xtfh,
760,邢台威龙邢台分公司,114.455760,37.105331,河北,邢台,邢台市邢州大道蓝池汽车物流园内,0319-2139977,0319-2139966,xtwl_xt,
913,邢台威龙宁晋分店 ,114.908823,37.634805,河北,邢台,河北省邢台市宁晋县西三环东侧、庆和街南侧,0319-5821636,0319-5512277,xtwl_nj,
1030,邢台丰和任县分店,114.769967,37.174630,河北,邢台,邢台市任县河头华海物流园区丰和丰田,0319-7551999,0319-7553111,xtfh_rx,
244,保定轩宇诗,115.474904,38.909528,河北,保定,保定市朝阳北大街1255号,0312-3187715<br>0312-3180452,0312-3187711|0312-3187712,bdxys,
421,保定通泰,115.500444,38.823008,河北,保定,保定市南二环路2118号（高保路口西行100米路南）,0312-2128222,0312-2128111,bdtt,
988,保定庞大丰煜,115.492168,38.758285,河北,保定,河北保定清苑区和平大街363号,0312-8090055,0312-8090058|0312-8090059,bdpd,
1053,涿州朝阳嘉和,115.970510,39.455293,河北,保定,河北省涿州市107国道长城桥南1000米路东朝阳嘉和丰田汽车,0312-3719880/3719887,0312-3719899,zzcyjh,
247,张家口华铃,114.930536,40.704413,河北,张家口,张家口市宣化县沙岭子镇屈家庄,0313-5910999,0313-5910888,zjkhl,
862,张家口华铃张北分店,114.708797,41.153311,河北,张家口,河北省张家口市张北县顺达汽配城院内1号楼,0313-5856009,0313-5856006,zjkhl_zb,
914,华铃赤城分公司,115.865958,40.885324,河北,张家口,张家口赤城县张家窑华铃丰田,0313-5609998,0313-5609996,zjkhl_cc,
915,张家口华铃宣化分店,115.037759,40.617048,河北,张家口,河北省张家口市宣化区柳川河东路柳泉公寓11号,0313-5969988,0313-5969966 ,zjkhl_xh,
916,张家口华铃蔚县分店,114.599257,39.837615,河北,张家口,张家口市蔚县建设南大街广场东华铃丰田,0313-5689998,0313-5689997,zjkhl_yx,
917,华铃市区分公司,114.906374,40.826967,河北,张家口,张家口市桥东区五一东大街东山招待所以东300米,0313-5869006,0313-5869056,zjkhl_sq,
1046,张家口华铃丰田怀来分店,115.504694,40.425977,河北,张家口,张家口市怀来县沙城镇西外环110国道顺成检测厂门口,0313-5939998,0313-5939996,zjkhl_hl,
370,承德弘冀行,117.990576,40.893421,河北,承德,承德市开发区大石庙镇太平庄庞大汽车城,0314-2208222|0314-2200808,0314-2208800|0314-2201100,cdhjh,
245,沧州运捷,116.902397,38.296131,河北,沧州,沧州市新华区东外环南路1号,0317-3520268,0317-3520266|0317-3507777,czyj,
627,沧州庞大丰致,116.827624,38.340626,河北,沧州,沧州市高新技术产业开发区西安路南侧25号,03172176699,03172176688,czpdfz,
742,沧州运捷任丘分店,116.126562,38.743176,河北,沧州,河北省沧州市任丘市燕山北道林业局路口,0317-2320002,0317-2320001,czyj_rq,
1050,沧州联盛丰田,116.905994,38.350828,河北,沧州,沧州市新华区小赵庄乡赵官屯村长芦北大道东侧（佳兴物流园对面）,0317-3091919,0317-3090909,czls,
1051,任丘市运诚丰田,116.127204,38.749245,河北,沧州,任丘市燕山北道中建七局南运诚丰田4S店,0317-2320002,0317-2320001,rqyc,
250,廊坊奥德行,116.769451,39.580317,河北,廊坊,廊坊市经济技术开发区四海路139号,0316-6085188,0316-6085188,lfadh,
238,衡水裕华,115.738451,37.728841,河北,衡水,衡水市桃城区胜利东路1898号,0318-6882333|,0318-6880688|13831895233  ,hsyh,
918,衡水裕华开发区分店,115.738422,37.728699,河北,衡水,衡水市胜利东路1898号,0318-6882333,15612800336,hsyh_cmdjzt,
285,太原大昌,112.604838,37.801030,山西,太原,太原市太榆路与南中环桥西北角,0351-8785888,0351-8785588,tydc,
287,太原金谷源,112.592805,37.843663,山西,太原,太原市建设南路365号（山姆士北侧）,0351-7047773|0351-7047771,0351-7047775|0351-8335227,tyjgy,
506,太原金谷源古交分店,112.164792,37.921502,山西,太原,古交市河口镇河口村南苑小区,0351-7047771,0351-5161611,tyjgy_gj,
604,太原庞大丰扬,112.556981,37.814507,山西,太原,太原市万柏林区新晋祠路汇豪新能源汽车城,0351-7782211|0351-7782233,0351-5687666,typdfy,
895,太原金谷源清徐分店,112.592422,37.843694,山西,太原,山西省太原市建设南路365号,0351-5965959,0351-5296788 ,tyjgy_qx,
964,太原东龙 <em style='color:red;font-style:normal;'>【暂停服务】</em>,112.568547,37.760073,山西,太原,太原市小店区平阳南路153号,0351-8296333,0351-8596555,tydl,
293,大同合远,113.263876,40.047674,山西,大同,大同市南环西延庞大汽车园区东侧,0352-7151999,0352-7183666,dthy,
756,大同合远南郊分店,113.323692,40.069951,山西,大同,大同市南环东1号（武警支队对面）,0352-7184666,0352-7183666,dthy_nj,
981,大同凯泰,113.322663,40.068937,山西,大同,大同市城区南环路东一号凯泰丰田4S店,0352-5055661,0352-5056678,dtkt,
374,阳泉联华,113.628161,37.870668,山西,阳泉,阳泉市经济技术开发区大连东路,0353-3317333,0353-3312333,yqlhft,
291,长治大昌,113.089311,36.185910,山西,长治,长治市长晋二级路(康宝集团对面),0355-3522777|0355-3522999,0355-3522222|0355-8866666,czdc,
290,晋城华洋,112.886935,35.505518,山西,晋城,晋城市开发区兰花路北段,0356-2181122,0356-6996686,jchy,
641,朔州致远,112.385286,39.337016,山西,朔州,朔州市朔城区照什八庄村(西环路与市府街交汇口),0349-6688000,0349-6688666,sxszzy,
292,晋中航田,112.687919,37.731647,山西,晋中,晋中市汇通北路387号,0354-2462988,0354-2444888,jzlt,
639,晋中中部,112.750129,37.662248,山西,晋中,晋中是榆次区汇通南路东侧(环城南路以北400米),0354-3999297,0354-3998806,jzzb,
289,运城黄河,110.985129,35.063767,山西,运城,山西省运城市黄河大道中段 一汽丰田运城黄河4S店,0359-2126111,0359-2122222,ychh,
640,运城锦华,111.033409,35.069917,山西,运城,运城市机场大道中段路南,0359-3939999,0359-3936666,ycjh,
754,运城黄河河津分店,110.706171,35.581404,山西,运城,山西省河津市永兴西路南,0359-8711016,0359-8711008,ychh_hj,
416,忻州大昌,112.732002,38.497413,山西,忻州,忻州市忻顿路大昌汽贸园(开发区汽车城),0350-3129000,0350-3128000,xzdc,
288,临汾锦华,111.485155,36.032598,山西,临汾,临汾市尧庙镇大韩村口,0357-3166399,0357-3166388,lfjh,
755,临汾锦华屯里分店,111.485151,36.032598,山西,临汾,临汾市尧都区尧庙镇大韩村口,0357-3188889,0357-3188889,lfjh_tl,
362,吕梁瑞华,111.100490,37.504255,山西,吕梁,吕梁市离石区高速西口往西100米(聚富汽贸园内),0358-8337666,0358-8337888,llrh,
1,呼和浩特康泰,111.671593,40.869280,内蒙古,呼和浩特,呼和浩特市新城区呼伦贝尔北路3号(新城区政府北300米),0471-2217188|0471-2217288,0471-2217888|0471-2217666,hhhtkt,
319,呼和浩特金川,111.564867,40.802788,内蒙古,呼和浩特,呼和浩特金川开发区汇金路东侧（金川文化广场西转盘北50米）,0471-8900055,0471-8900066,hhhtjc,
621,呼和浩特中升,111.811373,40.875324,内蒙古,呼和浩特,呼和浩特市赛罕区巴彦镇黑土凹村利丰汽车园,0471-3240033,0471-3240099,hhhtzs,
2,包头信得惠,109.878345,40.650348,内蒙古,包头,包头市青山区友谊大街东段五一小区(31号),0472-5188001|0472-5188002,0472-5188011|0472-5188012,btxdh,
620,包头中升 <em style='color:red;font-style:normal;'>【暂停服务】</em>,109.956155,40.593901,内蒙古,包头,内蒙古自治区包头市稀土高新区滨河新区210国道东侧，机场高速北侧（利丰汽车园，江淮汽车4S店东200米）,0472-6191177,0472-6191188,btzs,
453,乌海庞大泓程,106.844407,39.706171,内蒙古,乌海,乌海市海勃湾区林荫大道与沃野路交叉口东南角,0473-3017777,0473-3018888,whpd,
464,赤峰利丰,118.922561,42.338573,内蒙古,赤峰,赤峰市红山区物流园区2幢（辽河路西五街）科目三考场利丰新园区院内,0476-8771650|0476-8771692,0476-8772123|0476-8772321,cfkt,
588,赤峰名派,118.948184,42.315618,内蒙古,赤峰,内蒙古自治区赤峰市红山区桥北物流园区赤锡路80号,0476-8872345,0476-8662345,cfmp,
417,通辽川达,122.227555,43.650309,内蒙古,通辽,通辽市经济开发区瑞丰汽车城  创业大道与兴工大街交汇处,0475-8623337,0475-8623336,tlcd,
622,霍林郭勒运通宏业,119.668930,45.468381,内蒙古,通辽,霍林郭勒市304国道西侧工业园区北侧,0475-7921777|0475-7823029,0475-7967777,hlglythy,
3,鄂尔多斯北苑,110.113098,39.793964,内蒙古,鄂尔多斯,鄂尔多斯市东胜区塔拉壕镇包府汽车城N座,0477-8101616|0477-8101212,0477-8101288|0477-8101583,byft,
546,鄂尔多斯康泰,110.044784,39.814011,内蒙古,鄂尔多斯,鄂尔多斯市东胜区乌审东街东联中学向东2公里处（加气站旁),0477-8103567|0477-8103289（传真）|,15661498126|0477-8103789,erdstk,
515,呼伦贝尔庞大龙盛,119.781300,49.247630,内蒙古,呼伦贝尔,内蒙古呼伦贝尔市海拉尔区尼尔基路87号(庞大汽贸园区),0470-8578222,0470-8558111,pdls,
623,巴彦淖尔川河,107.516431,40.813939,内蒙古,巴彦淖尔,内蒙古自治区巴彦淖尔经济技术开发区富源北路,0478-7861777,0478-7866777,byne,
576,兴安盟龙晟,121.953200,46.079089,内蒙古,兴安盟,内蒙古兴安盟科右前旗工业园区天骄路2号鑫华玉龙晟丰田4S店,0482-8395999,0482-8395666,xamls,
1045,兴安盟龙晟科右中旗分店,121.989243,46.075205,内蒙古,兴安盟,内蒙古兴安盟科尔沁右翼中旗巴彦呼舒镇前德门居委会12街,0482-4661333,0482-4697777、0482-4795555,xamls_kyzq,
514,锡盟利丰,116.080013,43.958236,内蒙古,锡林浩特,锡林浩特市经济开发区火车站北500米利丰汽车园区,0479-6919333,0479-6919990,xmdc,
1031,乌海庞大泓程阿拉善盟分店,105.677619,38.841624,内蒙古,阿拉善盟,内蒙古阿拉善盟左旗乌巴路口金合众汽车城丰田店,0483-8597885,0483-8597888,pdhc_alsm,
22,沈阳华通,123.506216,41.821187,辽宁,沈阳,沈阳市大东区东陵西路2号(沈阳沈海热电厂对面),024-88426688|024-88421688,024-88458588|024-88458577,syht,
23,沈阳于洪,123.290265,41.800777,辽宁,沈阳,沈阳市于洪区沈大路83号,024-85831088|024-25310707,024-85830008|024-85831118,syyh,
24,沈阳金廊,123.467844,41.729985,辽宁,沈阳,沈阳市浑南新区汇泉路88号,024-23818666,024-23812381,syjl,
25,沈阳铁西华通,123.394852,41.807643,辽宁,沈阳,沈阳市铁西区北二东路17-4号,024-25111999|024-25111509,024-25111666|024-25111777,sytxht,
406,沈阳于洪新民分店,122.861766,41.976233,辽宁,沈阳,新民市八里铺私营企业村,024-27519990,024-27519991,syyh_xm,
618,沈阳中升,123.382215,41.697549,辽宁,沈阳,沈阳市和平区胜利南大街九洲湾景汇南行2公里(165公交车加工厂宿舍站点),024-31041188,024-31805111,syzs,
946,沈阳中晨先锋,123.448591,41.856839,辽宁,沈阳,沈阳市皇姑区金山路91号,024-86875000,024-86527888,syzcxf,
4,大连中升,121.622581,39.022188,辽宁,大连,大连市甘井子区华北路759号,0411-39792277,0411-39790222|0411-39792282,dlzs,
5,大连机场迎宾中升,121.556681,38.963855,辽宁,大连,大连市甘井子区机场前虹港路13号,0411-39790333,18624499559,dlybzs,
6,大连裕德,121.584149,38.969546,辽宁,大连,大连市甘井子区山东路80-1号,0411-39505501<br>0411-39505507,0411-39505500|0411-39505555,dlyd,
7,大连新盛荣,39.078570,121.769821,辽宁,大连,大连市金州区五一路999号,0411-87851121,4009317302,dlxsr,
368,大连保税区华通,121.845887,39.050164,辽宁,大连,大连保税区护港路42号,0411-88018333|15542599002,0411-87327979|0411-87588101,dlbsqht,
833,大连保税区华通中山分店,121.674368,38.925646,辽宁,大连,大连市中山区鲁迅路153-1号,0411-82951177,0411-82950066,dlbsqht_zs,
982,大连荣辉通达,122.918690,39.728180,辽宁,大连,庄河市三环大街汽贸集团院内（西王岚西437米）,0411-86076777,0411-86076888,rhtd,
28,鞍山北方,122.952818,41.148735,辽宁,鞍山,鞍山市千山区西环路76号,0412-2530099,0412-2530088,asbf,
615,海城南环,122.731800,40.838701,辽宁,鞍山,海城市毛祁镇山后村38号水鸭屯立交桥东走100米,0412--3425111,0412-3405111,hcnh,
947,鞍山九州,123.058820,41.183597,辽宁,鞍山,辽宁省鞍山市立山区胜利北路812号,0412-2564444,0412-2564999,asjz,
495,抚顺沈抚,123.906981,41.892179,辽宁,抚顺,抚顺经济开发区春华路26号,024-56441111,024-56635678  53828888,fssf,
616,本溪金廊,123.736258,41.315255,辽宁,本溪,辽宁省本溪市溪湖区彩屯北路26号,0414-2996666,0414-2998888,bxjl,
9,丹东弘泰,124.351013,40.131154,辽宁,丹东,丹东市振兴区花园路108号(金东加油站对面),0415-2159111|0415-2159333,0415-2152345,ddht,
538,丹东弘泰东港分店,124.171384,39.917224,辽宁,丹东,东港市江海明珠丹东方向前行300米(进港路路口万顺汽车城),0415-6622678,0415-6622567,ddht_dg,
27,锦州川达,121.142910,41.087294,辽宁,锦州,锦州市高新区南广路216号,0416-2667111|0416-2667113,0416-2667075|0416-2667088,jzcd,
8,营口红运,122.282190,40.673282,辽宁,营口,营口市站前区渤海大街东段89号,0417-2853333,0417-2828888,ykhy,
619,营口川达红运,122.116392,40.214913,辽宁,营口,辽宁省 营口市鲅鱼圈区熊岳高速口（大连方向）对过200米,0417-5541111,0417―5549999,ykcdhy,
930,营口红运大石桥分店,122.536749,40.607977,辽宁,营口,辽宁省营口市大石桥南外环红运丰田4S店（广联家居东行500米路北）,0417-5283333,0417-5283333,ykhy_dsq,
357,阜新全泰,121.614599,42.001293,辽宁,阜新,阜新市经济开发区沙海桥西300米,0418-2968777,0418-2968666,fxqt,
408,辽阳繁荣,123.135252,41.300704,辽宁,辽阳,辽阳市太子河区繁荣路中段一汽丰田4S店(四院西20米),0419-2995009&lt;br /&gt;,0419-2995555&lt;br |&gt;0419-2392777,lyfr,
26,盘锦利星,122.056709,41.158207,辽宁,盘锦,盘锦市兴隆台区辽河中路城中花园北300米,0427-2875333,0427-2213888,pjlx,
617,盘锦伯骐,122.042434,41.095092,辽宁,盘锦,盘锦市田家镇中华中路马圈子路口南200米,0427-8696789,0427-8600000,pjbq,
478,铁岭金惠源,123.772957,42.222255,辽宁,铁岭,铁岭经济开发区机动车交易市场园区帽山街1号,024-74292960,024-74291666,tljhy,
349,朝阳川达,120.438028,41.542139,辽宁,朝阳,朝阳市双塔区龙山街四段824号,0421-3303666<br>0421-3303333,0421-3302233|0421-3302244,cycd,
1040,朝阳立达,120.396619,41.559474,辽宁,朝阳,辽宁省朝阳市龙城区西大营子镇北山村44C号,0421-7172221,0421-7172211,cyld,
29,葫芦岛于洪川达,120.863448,40.731435,辽宁,葫芦岛,葫芦岛市龙港区龙湾大街60号,0429-3183624|0429-3183540,0429-3187111|0429-3187222,hldyhcd,
735,葫芦岛于洪川达绥中分店,120.304876,40.320613,辽宁,葫芦岛,葫芦岛市绥中县大台山果树农场西侧北外环东侧,0429-6781888,0429-6533555,hldyhcd_sz,
10,长春东环,125.401501,43.864766,吉林,长春,长春经济技术开发区浦东路2409号,0431-84639226|0431-84639640,0431-84641199|0431-84677000,ccdh,
11,长春华阳,125.278763,43.882570,吉林,长春,长春市汽贸开发区正阳街3052号,0431-87646111|0431-87645111,0431-87646000,cchy,
12,长春金山,125.252678,43.822194,吉林,长春,长春高新区蔚山路3939号,0431-85524999|0431-85557999,0431-85512555|0431-85802222,ccjs,
585,长春一汽服贸,125.393311,43.773690,吉林,长春,长春市净月开发区生态东街与天泽路交汇,0431-81872300,0431-81872333,chyqfm,
13,吉林瑞孚,126.588231,43.812799,吉林,吉林,吉林市高新区南山街2488号(彩虹桥钢材市场对面),0432-66569999,0432-65086666,jlrf,
14,吉林神华,126.562735,43.814391,吉林,吉林,吉林市高新区深圳街103号,0432-64630888,0432-64638888,jlsh,
613,四平长久博丰,124.462838,43.132637,吉林,四平,吉林省四平市铁东区经济开发大路5282号,0434-3363555,0434-3363666,spcjbf,
614,辽源龙福,125.202857,42.871210,吉林,辽源,辽源市车管所（3路车终点）东500米,0437-3169000<br>0437-3169222,0437-3169111|0437-3169555,lylf,
601,通化华阳,125.988555,41.785594,吉林,通化,通化市医药高新区雪花路与鹤大公路交汇处东行200米,0435-3380777,0435-3380666,thhy,
987,通化华阳梅河口分店,125.669340,42.542711,吉林,梅河口,梅河口市北环西路长安检测线对面,0435-4803399,0435-4802288,thhy_mhk,
534,一汽松原金山,124.793898,45.135930,吉林,松原,松原市经济技术开发区西郭尔罗斯大路2555号,0438-2813335,0438-2717999,syjs,
943,白城经开,122.839732,45.581131,吉林,白城,白城市洮白公路888号融展汽车产业园一汽经开丰田4S店,0436-5089222,0436-5085777,bcjk,
358,延边金山,129.590035,42.904934,吉林,延边,延吉市经济技术开发区长白山东路南侧,0433-2898588,0433-2898188,ybjs,
15,哈尔滨华通,126.696136,45.757856,黑龙江,哈尔滨,哈尔滨市南岗区嵩山路87号,0451-88620088,0451-88868889,hebht,
16,哈尔滨龙晟,126.662436,45.737837,黑龙江,哈尔滨,哈尔滨市香坊区和平路34号,0451-82022222,0451-88877777,hebls,
17,哈尔滨运通,126.716245,45.754035,黑龙江,哈尔滨,哈尔滨市南岗区南直路129号,0451-55173502,0451-55173999,hebyt,
18,哈尔滨中升,126.756638,45.780903,黑龙江,哈尔滨,哈尔滨市道外区先锋路7号,0451-85922000,0451-88878889,hrbzs,
21,齐齐哈尔骏合,123.937560,47.310804,黑龙江,齐齐哈尔,齐齐哈尔市龙沙区永安南大街131号,0452-6199955|0452-6199966,0452-6199977|0452-6199988,qqhejh,
734,哈尔滨运通五常分店,127.152519,44.922866,黑龙江,哈尔滨,五常市建设大街21号,0451-53507567,0451-53507567,hrbyt_wc,
939,齐齐哈尔汇达,124.071387,47.349593,黑龙江,齐齐哈尔,黑龙江省齐齐哈尔市铁锋区联通大道汽贸城地段丰田4S店,0452-5656999,0452-5656888,qqhehd,
949,哈尔滨运通伊春分店,128.843754,47.856323,黑龙江,哈尔滨,黑龙江省伊春市伊春区凤凰水岸C区000125号门市,0458-6162345,0458-6161888,hebyt_yc,
950,哈尔滨运通阿城分店,126.992980,45.552513,黑龙江,哈尔滨,哈尔滨市阿城区会宁路203号,0451-53725888,0451-51724666,hebyt_ac,
427,鸡西名派,130.979933,45.311606,黑龙江,鸡西,鸡西市鸡冠区产业园区A-12-B9鸡西名派丰田4S店,0467-6992728,0467-6223333,jxmp,
610,鹤岗东山龙晟,130.354227,47.335138,黑龙江,鹤岗,鹤岗市东山区新一二公里处路南,0468-3334700,0468-3272111,hgdsls,
611,双鸭山华通,131.169070,46.725672,黑龙江,双鸭山,双鸭山集贤东外环挹楼大道西侧华通丰田,0469-6131456,0469-6133222,sysht,
19,大庆吉昌龙,124.913444,46.611481,黑龙江,大庆,大庆市让胡路区北方汽配城吉昌龙丰田4S店,0459-5911110|0459-5911100,0459-5911866|0459-5911788,dqjcl,
609,大庆名派,125.017334,46.613407,黑龙江,大庆,庆市萨尔图区中七路11号(中七路客运站西侧),0459-6972222,0459-6999000,dqmp,
465,佳木斯友谊华通,130.238775,46.804529,黑龙江,佳木斯,佳木斯市四合经济开发区友谊路1497号(长青乡四合村),0454-8512068,0454-8889888,jmsyyht,
404,哈尔滨华通七台河分店,130.947663,45.783916,黑龙江,七台河,七台河市桃山区大明街森帝工业园区东侧,0464-8216333,0464-8216111,hebht_qth,
20,牡丹江名派,129.643566,44.602402,黑龙江,牡丹江,牡丹江市光华街268号,0453-6322111|0453-6337555,0453-6365555|0453-6655555,mdjmp,
612,黑河嘉德利,127.514467,50.224077,黑龙江,黑河,黑河市合作区202国道0公里南600米二公河工业园区				,0456-8888811&lt;/br&gt;0456-8965999				,0456-6761666,hhjdl,
936,哈尔滨运通黑河分店,127.498481,49.988379,黑龙江,黑河,黑河市爱辉镇136号,0456-6180033,0456-6180022,hebyt_hh,
608,绥化庞大丰雅,126.986889,46.590016,黑龙江,绥化,绥化市经济开发区六马架加油站西700米庞大汽车园院内,0455-8124700,0455-3580000|0455-3584505,shpdfy,
961,绥化庞大丰雅庆安分店,127.503050,46.890987,黑龙江,绥化,黑龙江省绥化市庆安县凯悦新城商服,0455-3584701,0455-3584702,shpdfy_qa,
1020,绥化庞大丰雅肇东分店,125.967962,46.056336,黑龙江,绥化,黑龙江省绥化市肇东市八南四委四十八组,,0455-3584702,pdfy_zd,
501,加格达奇华通,124.108665,50.437548,黑龙江,大兴安岭,加格达奇区阿加公路西出口路长虹社区北侧,0457-2756789,0457-2755678,hebht_jgdq,
158,上海和裕,121.337262,31.174411,上海,上海,上海市沪青平公路999号,021-64202819,021-64202769,shhy,
159,上海东昌,121.550690,31.211140,上海,上海,上海浦东新区浦建路1317号,021-50450000,021-50450000,shdc,
160,上海永达,121.639093,31.230500,上海,上海,上海市浦东新区龙东大道2865号,021-58965678,021-58965678,shyd,
161,上海天虹,121.539604,31.193267,上海,上海,上海市浦东新区沪南公路4546号,021-50395700,021-50395900,shth,
163,上海锦江,121.421458,31.193682,上海,上海,上海市徐汇区吴中路88号(近内环线),021-62702258,021-64645678,shjj,
164,上海中汽,121.418626,31.236811,上海,上海,上海市普陀区宁夏路711号(轻轨金沙江路站对面),021-62232233,021-62232233,shzq,
165,上海中升,121.377871,31.240524,上海,上海,上海市普陀区金沙江路2033号,021-52708965,021-52708996,shzs,
166,上海冠松,121.514326,31.318354,上海,上海,上海市杨浦区淞沪路718号(近五角场),021-65119600,021-65657890|021-65659898,shgs,
167,上海万兴,121.537535,31.279007,上海,上海,上海市杨浦区黄兴路168号(周家嘴路长阳路之间),021-65395099,021-65398777,shwx,
168,上海冠松绅晖,121.390908,31.276001,上海,上海,上海市普陀区真南路818号(中环线真北路真南路口附近),021-62502628,021-62502727,shgssh,
169,上海协通,121.179153,31.290346,上海,上海,上海市嘉定区安亭国际汽车城安驰路558号,021-69502470,021-69502929,shxt,
763,上海中汽松江分店,121.250650,31.027006,上海,上海,松江区美能达路800号,021-62231880|021-62232233,021-62231880|021-62232233,shzq_sj,
764,上海东昌奉贤分店,121.596075,30.917779,上海,上海,上海市奉贤区青村镇光大路1号,021-57505788-809,021-57505788-802,shdc_fx,
765,上海冠松浦东分店,121.628634,31.204183,上海,上海,上海浦东新区张江路1160号,021-58581616,021-68688111,shgs_pd,
215,南京朗驰,118.819950,31.969590,江苏,南京,南京市栖霞区栖霞大道2号（晓庄汽车园）,025-52153100,025-52153111,njlc,
216,南京中升迎宾,118.865535,32.024573,江苏,南京,南京市白下区光华路119号(百安居向东200米),025-66629222,025-66626222,njzsyb,
217,南京中升,118.804162,31.989920,江苏,南京,南京市雨花台区软件大道10号,025-52458777,025-52458666,njzs,
674,南京江宁中升,118.879398,31.985746,江苏,南京,南京江宁区东山街道天行路2号,025-81031028<br>025-51190000,025-81031018|025-51190000,njjnzs,
676,江苏浦口冠松,118.729434,32.127872,江苏,南京,南京市浦口区浦珠北路36号,025-83576800|025-83576866,025-83576888|025-83576868,jspkgs,
770,江苏冠松六合分店,118.742999,32.231323,江苏,南京,南京市沿江工业开发区宁六路349号,025-57065188,025-57065188,jsgs_lh,
180,无锡常隆,120.395307,31.585473,江苏,无锡,无锡市东亭锡沪东路232号,0510-88250998,0510-88252200,wxcl,
181,江阴盛达,120.315831,31.926032,江苏,无锡,江阴市东外环路8-10号,0510-86407878,0510-86407788|0510-86418829,jysd,
182,无锡中威,120.295828,31.622074,江苏,无锡,无锡市凤翔路26号,0510-83119999,0510-83115555,wxzw,
183,无锡金城,120.301191,31.530582,江苏,无锡,无锡市金城西路金城湾路口(卜蜂莲花超市金城店北面),0510-85071199|0510-85072299,0510-85073800|0510-85073900,wxjc,
187,宜兴新苏南,119.792334,31.394017,江苏,无锡,宜兴经济开发区(融达汽车城),0510-87229222|0510-80700699,0510-80700000,yxxsn,
341,无锡新洲,120.393245,31.542014,江苏,无锡,无锡市新区行创四路18号（新洲人家小区对面）,0510-85201100|0510-85203008,0510-85202888|0510-85202008,wxxz,
512,江阴常隆,120.202900,31.906540,江苏,无锡,江阴市夏港国际汽车城(五星路1688号),0510-80661919|0510-80669533,0510-80662222,jycl,
566,无锡金城惠山分店,120.190770,31.641351,江苏,无锡,江苏省无锡市洛社人民路与312国道交叉口(融威起重机公司旁),0510-83326699,0510-83326600,wxjc_hs,
769,江阴盛达长泾分店,120.505930,31.754310,江苏,无锡,江阴市长泾镇云顾路69号,0510-86003388,0510-86409028,jysd_cj,
771,宜兴新苏南环科园分店,119.774551,31.365698,江苏,无锡,江苏省宜兴市新街街道堂前村绿园西路彭庄601号,0510-80735999,0510-80735666,yxxsn_hky,
223,徐州润东,117.246823,34.212660,江苏,徐州,徐州市云龙区域南104国道西侧两山口北,0516-83206811,0516-83209888,xzrd,
491,徐州常缘,117.288364,34.276435,江苏,徐州,徐州经济技术开发区城东大道北侧徐海路28号（高铁西北一公里）,0516-85065555,0516-85781111,xzcy,
184,常州外汽,119.988174,31.842107,江苏,常州,常州新北区黄河东路96号,0519-85116288,0519-85110088,czwq,
185,常州天宁,119.965303,31.699905,江苏,常州,常州市武进汽车城A区6号,0519-86523999,0519-86522388|0519-86523988,cztn,
186,常州世纪行,119.907124,31.784213,江苏,常州,常州市钟楼区龙江中路19号,0519-83282288<br>0519-83903999,0519-83282288|0519-83903666,czsjh,
342,溧阳新苏南,119.504750,31.469542,江苏,常州,昆仑经济开发区腾飞路2号,0519-87555588,0519-87775588,lyxsn,
171,常熟海邦,120.800569,31.642270,江苏,苏州,常熟市青墩塘路188号,0512-52805999,0512-52806666,cshb,
172,苏州康福,120.668201,31.311984,江苏,苏州,苏州工业园区中新大道西188号,0512-67672323,0512-67620202,szkf,
173,苏州汇凯 <em style='color:red;font-style:normal;'>【暂停服务】</em>,120.665694,31.283618,江苏,苏州,苏州市工业园区通园路100号,0512-67162999,0512-67166211,szhk,
174,苏州由由,120.558470,31.330769,江苏,苏州,苏州新区塔园路388号,0512-66620019,0512-66620588,szyy,
175,苏州华成,120.549476,31.263704,江苏,苏州,苏州市吴中区木渎镇中山东路152号(木渎凯马汽车城内),0512-66259889,0512-66258828,szhc,
176,苏州中园,120.679780,31.183424,江苏,苏州,吴江经济开发区庞北路188号,0512-63009888,0512-63009999,szzy,
177,苏州裕达,120.644923,31.417453,江苏,苏州,苏州市相城区太阳路1988号,0512-65869688,0512-65869888,suzhouyd,
178,张家港东联,120.596703,31.876909,江苏,苏州,张家港市张杨路蒋桥,0512-58294171,0512-58985222,zjgdl,
179,昆山通和,120.986097,31.377873,江苏,苏州,昆山市长江中路105号,0512-57360996,400 186 3579,ksth,
343,太仓森丰盛达,121.102379,31.482738,江苏,苏州,太仓市太平北路111号森茂国际汽车城4S区3号展厅,0512-53776969,0512-53776666,tcssfsd,
679,昆山昆嘉,121.081391,31.369124,江苏,苏州,昆山开发区昆嘉路(交警队斜对面，一汽马自达4S店东面),0512-55218777,0512-55218888,kskj,
766,苏州中园盛泽分店,120.631213,30.898120,江苏,苏州,苏州市吴江区盛泽镇西二环路(色坯商城南100米),0512-63988599,0512-63988288,szzy_sz,
768,常熟海邦深圳路分店,120.757897,31.696998,江苏,苏州,常熟市深圳路12号,0512-52191666,0512-52806666,cshb_szl,
851,张家港东联金港分店,120.462646,31.967470,江苏,苏州,苏州张家港市保税区中华路99号东联丰田分店,0512-35027115,0512-58985111 ,zjgdl_jg,
907,苏州裕达高教园区分店,120.752859,31.266369,江苏,苏州,苏州工业园区独墅湖高校区雪堂街1号,0512-62751119,0512-62752999,yd_ggyq,
1019,苏州裕达常熟分店,120.953341,31.751759,江苏,苏州,常熟市经济技术开发区汽渡路28号3幢（金开顺羊毛衫厂对面,0512-52061999,0512-52061998,yd_cs,
984,常熟海邦梅李分店,120.863575,31.717031,江苏,常熟,常熟市梅李镇将军路18号1幢107、109,,0512--52889855,hb_ml,
221,南通大生,120.809849,32.040335,江苏,南通,南通市城港路187号,0513-85601999,0513-85601999,ntds,
222,南通长江,120.954046,31.928751,江苏,南通,南通市经济技术开发区星湖大道1081号,0513-85929988,0513-85929999,ntcj,
345,海门常嘉,121.132341,31.891722,江苏,南通,南通海门市人民西路1688号,0513-82181199,0513-82181188,hmcj,
452,如皋益昌盛达,120.553452,32.361802,江苏,南通,如皋市惠政西路(国际车城，新汽车站向西800米),0513-87200999,0513-87228188,rgycsd,
680,南通先锋新城,120.975909,32.006113,江苏,南通,江苏省南通市通州区青年东路618号,0513―86329698,0513―86329555,gtxfxc,
681,启东市启粮金城,121.686094,31.836514,江苏,南通,启东市城北工业园兴龙东路666号,0513-6803 7999,0513-6803 0888,qdqljc,
682,如东众腾,121.173869,32.297928,江苏,南通,南通市如东县掘港镇芳泉村十五组,0513-68121668,0513-68121666,rdzt,
772,如皋益昌盛达海安分店,120.513568,32.542621,江苏,南通,海安县经济技术开发区迎宾路18号（苏海汽车城内）,0513-68335222,0513-68335111,rgycsd_ha,
985,南通大生通州分店,121.085632,32.083608,江苏,南通,南通市通州区金沙镇北二环路南侧（通州中专内）,,0513-62599188,ds_tz,
317,连云港天澜,119.221075,34.577852,江苏,连云港,连云港市新浦区瀛洲南路7-1号,0518-85913333,0518-85917333,lygtw,
321,淮安众和,119.062428,33.623225,江苏,淮安,淮安市淮阴区黄河东路188号,0517-84806888,0517-84806666,hazh,
548,淮安众和盱眙分店,118.548888,33.016826,江苏,淮安,盱眙县盱城镇工业集中区入口（山水大道宁宿徐高速立交往东800M）,0517-88286222,0517-88286111,wazh_xy,
188,盐城通和,120.138384,33.333726,江苏,盐城,盐城市盐都新区开创路2-10号,0515-88858882,0515-88858000|8007109988,ycth,
666,盐城东昌,120.229697,33.376134,江苏,盐城,盐城经济技术开发区泰山南路11号,0515-80895666,0515-80891111,ycdc,
328,扬州成辉,119.396387,32.454259,江苏,扬州,扬州市国际汽车城荷叶东路118号,0514-87757758,0514-87728772,yzch,
518,扬州阳光高邮分店<em style='color:red;font-style:normal;'>【暂停服务】</em>,119.483097,32.792670,江苏,扬州,扬州市高邮市新长途客运站东第二个红绿灯北手800米,0514-84606119,0514-84601110,yzyg_gy,
675,扬州仙达,119.612827,32.438050,江苏,扬州,扬州市江都区长江东路国际汽车城内一号地块,0514-86661999,0514-86661888,yzxd,
219,镇江京鹏,119.425121,32.190502,江苏,镇江,镇江市丁卯桥路290号,0511-85998822|0511-85998833,0511-85998855|0511-85998815,zjjp,
224,泰州中升,119.943181,32.452091,江苏,泰州,泰州市海陵区客运南站向东三公里（328国道车辆检测中心旁）,0523-86860366,0523-86862666,tzzs,
485,泰州中园,119.912064,32.425731,江苏,泰州,泰州市泰州大道国际汽车城内（二手车交易市场对面）,0523-86052999,0523-86202666,tzzy,
385,宿迁天宁,118.241581,33.934810,江苏,宿迁,宿迁市双庄汽车产业园红海路东侧,0527-82996777,0527-84896666,sqtn,
665,沭阳联众,118.801849,34.094937,江苏,宿迁,沭阳县常州路18号（经贸学院南100米）,0527-83180000,0527-83801111,sylz,
190,杭州金丰,120.205492,30.286697,浙江,杭州,杭州市江干区秋涛北路381号,0571-86998696,0571-86993231,hangzhoujf,
191,杭州元通八下里,120.161486,30.338698,浙江,杭州,杭州市石祥路256号,0571-88293999|13588879988,0571-88028288|0571-88293111,hzhcbxl,
192,浙江元通龙通,120.102876,30.317014,浙江,杭州,杭州西湖区古墩路704号,0571-28207999,0571-28207777,hzlt,
193,杭州江干,120.276333,30.308412,浙江,杭州,杭州市江干区下沙路1163号(迎宾路口),0571-86702222,0571-86702200,szjg,
194,杭州康桥,120.295579,30.217863,浙江,杭州,杭州市萧山区通惠北路698号(振宁路交叉口),0571-82879901|0571-82879902,0571-82877100|0571-82877800,hzkq,
212,杭州东昌,119.947354,30.093206,浙江,杭州,杭州市富阳高桥镇新桥新路1号,0571-63165050,0571-63165500,hzdc,
513,杭州康隆,120.281572,30.410088,浙江,杭州,杭州市余杭区临平藕花洲大街西段152号,0571-89276188,0571-89058777,hzkl,
677,杭州滨文,120.224051,30.187017,浙江,杭州,杭州市滨江区聚业路16号,0571-56234567,0571-56234567,hzbw,
775,杭州康桥蜀山分店,120.263325,30.118432,浙江,杭州,杭州市萧山区蜀山街道亚太路78号,0571-83695050,0571-83695151,hzkq_ss,
776,桐庐八下里,119.769308,29.830338,浙江,杭州,杭州市桐庐县凤川镇凤川大道111号,0571-64396888,0571-64398588,hcbxl_tl,
778,杭州金丰临安分公司,119.691264,30.212464,浙江,杭州,临安市华兴汽车城16号厅,0571-61065185,0571-61065180,hzjf_la,
200,宁波中升,121.525670,29.936479,浙江,宁波,宁波市江北区江北大道288号（购车钜惠抄底价请致电）（江北万达向北一公里）,0574-86692009,0574-86691525,nbzs,
201,宁波雅华,121.520418,29.836328,浙江,宁波,宁波雅戈尔大道56号,0574-88262188,0574-88262188,nbyh,
202,宁波宁兴,121.577462,29.854151,浙江,宁波,宁波市江东区中兴南路66号（现代商城对面）,0574-87893338,0574-87872555,nbnx,
203,宁波轿辰,121.598724,29.819699,浙江,宁波,宁波鄞州区下应北路800号（汽车4S一条街内）,0574-87951008,0574-87951000,nbjc,
209,慈溪常隆,121.229298,30.133969,浙江,宁波,慈溪市横河镇马堰村加油站对面(余慈高速连接线),0574-63019999,0574-63978888,cxcl,
322,余姚宁兴,121.197621,30.024523,浙江,宁波,余姚梨洲街道东南经二路1号(谭家岭东路、阳光公寓东侧),0574-62816388,0574-62571999,yynx,
420,宁波和信,121.474822,29.365526,浙江,宁波,宁海县梅林街道平安西路12号(高速出口处汽车4S园区),0574-83526888,0574-83538555,nbhx,
528,宁波宁兴北仑分店,121.874010,29.912973,浙江,宁波,宁波市北仑区明州路东延伸段（北仑公交总站旁）,0574-86826860,0574-86821119,nbnx_bl,
669,象山龙华,121.887825,29.456527,浙江,宁波,象山经济开发区城南高新创业园（汽车城）,0574-25738866,0574-25738888,xslh,
670,奉化宁兴,121.417098,29.716582,浙江,宁波,奉化市江口街道江宁路183号,0574-88568988,0574-88568999,fhnx,
773,宁波中升镇海分店,121.608882,29.925220,浙江,宁波,宁波市镇海区庄市街道东昌路368号,0574-86689890,0574-86689925,nblh_zh,
777,慈溪常隆逍林分店,121.322101,30.171612,浙江,宁波,浙江省慈溪市逍林大道678号红星美凯龙往北300米,0574-63250925,0574-63250929,cxcl_xl,
980,宁波宝利行,121.821416,29.914904,浙江,宁波,宁波市北仑区新\街道大港中路29号,86861333,86879777,nbblh,
204,温州华通,120.673351,27.987868,浙江,温州,温州市温州大道南郊工业区44-45号,0577-88605888,0577-88628888,wzht,
206,温州瓯通,120.749069,27.987919,浙江,温州,温州市机场大道屿田北路,0577-88845678|13282881111,0577-85621111,wzot,
210,乐清龙华,120.862423,28.050354,浙江,温州,乐清市北白象镇塘下工业区,0577-62861999,0577-62863888,yqlh,
847,乐清龙华瑞安分店,120.686815,27.799851,浙江,温州,瑞安市莘塍工业园区104国道边（下山根加油站斜对面）,0577-65188895,0577-65196999,yqlh_ra,
886,瑞安卡卡,120.682245,27.829311,浙江,温州,瑞安市塘下镇罗凤路口104国道边（塘下高速出口瑞安方向200米）,65191111|13758780077,65191111,rakk,
195,嘉兴宝达,120.816785,30.742170,浙江,嘉兴,嘉兴市南湖区广益路1338号（三环东路交叉口）,0573-82670930；0573-82671222,0573-82671288,jxbd,
196,嘉兴良友,120.753813,30.791829,浙江,嘉兴,嘉兴市中环北路3568号,0573-83976600,0573-83977666,jxly,
323,海宁佳禾,120.675633,30.553576,浙江,嘉兴,海宁经济开发区佳丰路1号(海宁大道与由拳路口),0573-87011919|0573-87017889,0573-87017881|0573-87017882,hnjh,
389,嘉兴宝达平湖分店,121.029240,30.690779,浙江,嘉兴,平湖市南市路南门外古横桥东堍,0573-85089902；5089903,0573-85121288,jxbd_ph,
683,桐乡常隆,120.587568,30.623908,浙江,嘉兴,嘉兴桐乡市振东新区中华东路北侧,0573-88021999,0573-88268888,txcl,
199,湖州信达,120.077244,30.865080,浙江,湖州,湖州市凤凰开发区七里亭路399号,0572-2166808,0572-2167666,hzytxd,
354,湖州金丰,120.162843,30.848663,浙江,湖州,湖州市八里店镇蜀山路99号,0572-2165555,0572-2222888,huzhoujf,
678,长兴众悦,119.956000,30.981882,浙江,湖州,长兴县李家巷镇章滨加油站东侧（老104国道旁）,0572-6550050,0572-6550000,cxzy,
189,诸暨中升,120.221591,29.748396,浙江,绍兴,诸暨市城西开发区北二环路28号,0575-87389166,0575-87389177,zjzc,
197,绍兴华润,120.512012,30.100304,浙江,绍兴,绍兴柯桥(金柯桥大道与钱陶公路口),0575-85571666|0575-85525668,0575-85570088|0575-85577799,sxhr,
198,绍兴五云,120.628260,30.008037,浙江,绍兴,绍兴市越城区云东路942号(东湖风景区旁),0575-88649999,0575-88629888,sxwy,
213,绍兴上虞胜康,120.921731,30.064807,浙江,绍兴,上虞市小越镇新宅村(汽车城内丰田4S店),0575-81266999,0575-81266666,sysk,
667,嵊州龙华,120.840275,29.565369,浙江,绍兴,嵊州市三江街道环城南路668号(西港村高速桥旁),0575-83211888  ,0575-83211888  ,czlh,
668,绍兴佳禾,120.622195,30.095623,浙江,绍兴,浙江省绍兴市越城区袍中路、丁港横路39号,0575-88158686,0575-88158688,sxjh,
225,金华大昌,119.694557,29.145725,浙江,金华,金华市汽车城西9路(奔驰站旁边),0579-82081918,0579-82081888|0579-82082348,jhdc,
226,金华大江南,119.629640,29.084132,浙江,金华,金华市宾虹西路85号,0579-82277616|0579-82277629,0579-82277777|0579-82277636,jhdjn,
227,义乌龙田,120.062186,29.295337,浙江,金华,义乌市经发大道232号,0579-89907595|0579-89907591,0579-89907555,ywlt,
606,永康成长,120.003444,28.903033,浙江,金华,永康市城西新区花城东路258号,0579-87062222,0579-87289999,ykcz,
672,义乌九丰,120.063313,29.319118,浙江,金华,义乌市雪峰西路288号,0579-85536669,0579-85531111,ywjf,
673,东阳众运 ,120.211137,29.290234,浙江,金华,浙江省东阳市世贸大道55号,0579-86110133,0579-86978666,dyzy,
229,衢州中恒,118.927216,28.941960,浙江,衢州,衢州经济开发区凯旋西路6号,0570-8571777,0570-8589666,qzzs,
366,舟山中升,122.033443,30.029120,浙江,舟山,舟山市定海区双桥镇石礁社区外山头68号(舟山汽车城),0580-8668000,0580-8668000,zslh,
207,台州百合,121.255242,28.643440,浙江,台州,台州市黄岩二环西路288号,0576-84129999,0576-84128888  18957619072 18957619027,tzbh,
208,台州刚泰,121.366774,28.574532,浙江,台州,台州市路桥区西迎宾大道2号,0576-82361777,0576-82361888,tzgt,
211,温岭宇辰,121.396910,28.401070,浙江,台州,温岭市锦屏大道7号,0576-86186999,0576-86186998,wlyc,
327,临海大江南,121.157725,28.824736,浙江,台州,台州市临海市靖江南路158号,0576-85506999,0576-85506888,lhdjn,
551,台州刚泰天台分店,121.048790,29.122749,浙江,台州,浙江省天台县莪园工业区新老104国道交叉口,0576-83971555,0576-83971666,tzgt_tt,
671,台州椒江刚泰,121.474582,28.674637,浙江,台州,台州市椒江区海门街道岳头村（疏港大道椒江二桥东侧）,0576-88908878,0576-88187888,tzjjgt,
774,台州刚泰玉环分店,121.263863,28.117714,浙江,台州,台州市玉环县玉城街道榴岛大道南阳计量一楼,0576-87206555,0576-87509555,tzgt_yh,
230,丽水金丰,119.963231,28.479598,浙江,丽水,丽水市岩泉汽车市场4S区D地块,0578-2127770,0578-2137373,lsjf,
47,合肥安平,117.180769,31.857276,安徽,合肥,合肥市长江西路1106号,0551-65389499<br>0551-65389466,0551-65389988|0551-62156900,hfap,
48,合肥风之星,117.347667,31.890703,安徽,合肥,合肥市北二环安徽国际汽车城东1号专营店,0551-64216615,0551-64236033|0551-64248948,hffzx,
649,合肥通源,117.358813,31.803876,安徽,合肥,合肥市包河工业区长春街29号,0551-64848399,0551-64847599,xfty,
821,合肥风之星巢湖分店,117.949582,31.647489,安徽,合肥,巢湖经济开发区花山工业园天佑汽车公司内(巢湖车管所往东500米),0551-82323366,0551-82859666,hffzx_ch,
970,合肥恒信,117.268141,31.924855,安徽,合肥,合肥市庐阳区蒙城北路1111号合肥恒信丰田4S店,0551-67181999,0551-67181666,hfhx,
49,芜湖亚夏,118.406257,31.366141,安徽,芜湖,芜湖市弋江北路亚夏汽车城,0553-2963678,0553-2963626|0553-2963628,whyx,
1037,芜湖伟策,118.481887,31.383567,安徽,芜湖,安徽省芜湖市鸠江经济开发区梦溪路18-5,,,whwc,
50,蚌埠润业,117.370105,32.924996,安徽,蚌埠,迎宾大道国际汽车城,0552-3713997,0552-3713606,bbry,
940,淮北环丰,116.848147,33.892233,安徽,淮北,安徽省淮北市烈山区迎宾大道国购汽车文化园淮北环丰丰田4S店,0561-3352626,0561-3352828,hbhf,
651,铜陵山水,117.775728,30.875024,安徽,铜陵,铜陵市铜都大道南段桥南4S店集群,0562-2297666,0562-2297888,tlss,
52,安庆环丰,117.063417,30.561903,安徽,安庆,安庆市开发区中兴大道170号（舒怡家居斜对面）,0556-5228822,0556-5356888,aqhf,
589,滁州风之星,118.355482,32.272059,安徽,滁州,安徽省滁州市凤阳北路588号,0550-3978988、3978987,0550-3978999、3568666,czfzx,
51,阜阳中源,115.798617,32.887521,安徽,阜阳,阜阳市颍州区阜南路616号,0558-2199919,0558-2196666,fyzy,
648,阜阳豫中,115.868825,32.848325,安徽,阜阳,安徽省阜阳市经济技术开发区经六路阜颖河南侧,0558-2539911,0558-2539977,fyyz,
822,阜阳中源临泉分店,115.300623,33.038670,安徽,阜阳,阜阳市临泉县工业园区邢塘三岔路口西200米路北,0558-6176099,0558-6282222,fyzy_lq,
825,宿州利泰灵璧分店,117.050516,33.635713,安徽,宿州,安徽省宿州市循环经济园东十里汽车城一汽丰田4S店,0557-3960550,0557-3338811 ,szlt_lb,
876,宿州利泰,117.053044,33.643130,安徽,宿州,宿州市循环经济示范园区仁和路与凤鸣路交汇处,0557-3960550,0557-3338811,szlt,
481,六安鑫宝,116.580040,31.762603,安徽,六安,六安市金安开发区312国道与先生店路交叉口东200米,0564-5366199<br>0564-5367999,0564-5366188|0564-5398111,laxb,
590,亳州环丰,115.761617,33.836394,安徽,亳州,亳州市谯城区杜仲路与105国道交叉口西500米,0558-8899800,0558-8899000,bzhf,
654,宣城亚夏,0.000000,0.000000,安徽,宣城,安徽省宣城市宣州区宁阳路亚夏汽车文化财富广场,0563-2060260,0563-3699966,xcyx,
81,福州中升,119.359592,26.021753,福建,福州,福州市仓山区福厦高速公路连接处,0591-88038021,0591-88038333,fzzs,
82,福州玖玖,119.440022,26.009617,福建,福州,福州市马尾区江滨东大道118号,0591-87308599,0591-83969699,fzjj,
83,福州前横中升,119.359476,26.090922,福建,福州,福州市晋安区前横路199号,0591-88008888,0591-88008888,fzqhzs,
361,福建世纪<em style='color:red;font-style:normal;'>【暂停服务】</em>,119.283873,26.086192,福建,福州,福州市鼓楼区杨桥中路277号,0591-87238999,0591-85337999 |0591-85338999,fjsj,
881,福清宏元,119.318014,25.732776,福建,福州,福建省福州市福清市石竹街道跃进村福建宏扬建材有限公司2#车间,0591-22117755,0591-22117666,fqhy,
974,福州华强,119.390245,25.915441,福建,福州,福建省福州市闽侯县青口镇镜上村村口324国道旁,0591-22768789,0591-22778789,hq,
87,厦门中升,118.106289,24.489405,福建,厦门,厦门市思明区湖滨北路中段外贸工业大厦(七星路中级人民法院西门对面),0592-5053297,0592-5122088,xmzs,
88,厦门中达,118.113083,24.524988,福建,厦门,厦门湖里区长浩路1号(麦德龙路口),0592-5688989转106至109,0592-2639812,xmzd,
336,厦门盛元,118.039411,24.504047,福建,厦门,厦门市海沧区马青路(公安警察培训学校旁),0592-6197700<br>0592-6088995,0592-6191888,xmsy,
780,厦门中达翔安分店,118.256932,24.644197,福建,厦门,厦门市翔安区马巷镇巷南路869号,0592-3602699,0592-3602688,xmzd_xa,
782,厦门盛元软件园分店,118.040012,24.504323,福建,厦门,厦门市思明区莲前街道金山路10路,0592- 5091995,0592- 5577118,xmsy_rjy,
927,厦门盛元同安分店,118.149665,24.708110,福建,厦门,厦门市同安区城南工业区霞金路19号1楼A区,0592-7557798,0592-7557799,xmsy_ta,
371,福建大川,119.083735,25.474593,福建,莆田,莆田市涵江区滨海大道A1-A8,0594-3555111,0594-3555999,fjdc,
425,三明玖玖,117.578932,26.237802,福建,三明,三明市三元区泉三高速三明南出口一公里处,0598-8602888,0598-8257399|0598-8606999,smjj,
84,泉州宾联,118.652292,24.935145,福建,泉州,泉州市丰泽区华大街道通源街808号,0595-22671089|0595-22671082,0595-22680660,qzbl,
85,泉州晋江新中利,118.677071,24.865337,福建,泉州,泉州市晋江青阳和平中路38号(机场路口往石狮方向1公里处),0595-85631198,0595-85639888,jjxzl,
86,泉州大长江,118.586365,24.887236,福建,泉州,晋江市池店镇华洲村大长江汽车城,0595-22925222,0595-22925333,qzdcj,
393,泉州美东,118.527191,24.913477,福建,泉州,泉州市鲤城区南环路树兜工业区1210-1218号,0595-36615555<br>0595-36611777,0595-36617777,qzmd,
537,泉州市大长江石狮分店,118.630818,24.718302,福建,泉州,石狮市灵秀镇钞坑村石金路宏基汽车城丰田区,0595-83138222,0595-83128099,qzdcjss_ss,
684,南安万事达,118.494862,24.939751,福建,泉州,泉州市南安霞美镇汽贸城,0595-86590000<br>0595-27771111,0595-86592222|0595-27771110,nawsd,
779,泉州市大长江安溪分店,118.167340,25.087559,福建,泉州,安溪县城区西二环路亿海国际汽车城内,0595-68275222,0595-68275333,qzdcj_ax,
957,晋江新中利惠安分店,118.711775,25.017077,福建,泉州,泉州市惠安黄塘镇高速出口直行300M右边,0595-27638899,0595-27628899,jjxzl_ha,
90,漳州盛元,117.737153,24.506120,福建,漳州,漳州市水仙大街与迎宾路交叉口西侧（聚善堂物流对面）,0596-2136999,0596-2136888,zzsy,
687,漳州盛兴,117.725558,24.536096,福建,漳州,漳州市蓝田开发区工业大道以西，横三路以北 ,0596-6091666,0596-6096888,zzsx,
783,漳州盛元漳浦分店,117.613531,24.148235,福建,漳州,漳州漳浦县324国道彩门边宏伟大厦一层,0596-3126088,0596-3126188,zzsy_zp,
732,南平盈众,118.149784,26.604084,福建,南平,南平市江滨南路388号(高速路南平出口),0599-8893777,0599-8893666,npht,
89,龙岩海翼泰成,117.016405,25.117552,福建,龙岩,龙岩市新罗区龙门镇物流大道311-2号,0597-2383820,0597-2383888,lytr,
686,龙岩闽盛,117.027630,25.112812,福建,龙岩,龙岩市新罗区中城小洋新兴路6号（侨中新校区旁）,0597-2851111,0597-2859999,lyms,
685,宁德华强,119.565179,26.647694,福建,宁德,宁德市东侨经济开发区万安东路8号,0593-2728666,0593-2728888,ndhq,
37,南昌富源,115.856378,28.670705,江西,南昌,南昌市红谷滩新区红谷南大道2997号(南昌大桥西桥头),0791-83721966,0791-83720998,ncfy,
38,南昌恒隆,115.932178,28.613305,江西,南昌,南昌市南莲路465号,0791-85295568,0791-85293235,nchl,
39,南昌同驰,115.965013,28.703637,江西,南昌,南昌市高新大道民安路88号（青山湖交警大队斜对面）,0791-88166600,0791-88166800,nctc,
820,南昌富源恒望分店,115.868638,28.696513,江西,南昌,江西省南昌市恒望汽车城科技北路,0791-83685528,0791-83685568,ncfy_hw,
944,南昌恒信,116.403851,39.915177,江西,南昌,江西省南昌市青山湖区高新南大道4288号（南昌恒信丰田4S店）,0791-88190281|13979187660,0791-88306588,nchx,
509,南昌富源景德镇分店,117.211216,29.314034,江西,景德镇,景德镇市昌江大道新枫园商住楼二期(第六人民医院斜对面),0798-8284866,0798-8220066,ncfy_jdz,
572,萍乡庞大恒运,113.890315,27.624520,江西,萍乡,萍乡市安源新区韶山东路旁13-4号地块,0799-6666199,0799-6666868,pxpdhy,
477,九江东部,115.955314,29.709076,江西,九江,九江市开发区九瑞大道171号(国际汽车城西侧),0792-8373338,0792-8502222,jjsy,
607,新余东部,114.951972,27.847070,江西,新余,新余市新欣北大道新长途汽车站内,0790-6652999,0790-6288988,xydb,
412,南昌富源鹰潭分店,117.007345,28.233422,江西,鹰潭,鹰潭市工业园区天洁大道(加油站旁),0701-6310777,0701-6310666,ncfy_yt,
359,赣州同驰,114.894046,25.847773,江西,赣州,赣州市经济技术开发区金坪南路南侧金潭大道中段,0797-8165889,0797-8165888,gztc,
662,赣州车头,114.828933,25.736619,江西,赣州,赣州市南康区龙岭镇赣南汽车城内（赣南大道与创科路交界处）,0797-6620222,0797-6517666,gzct,
492,吉安富源,115.023396,27.114098,江西,吉安,吉安青原区青原大道汽车文化产业园,0796-8117333,0796-8117999,jafy,
664,宜春恒阳,114.397707,27.869937,江西,宜春,江西省宜春市经济开发区宜春大道1888号,0795-3690119,0795-3686666,ychy,
568,抚州尚仕,116.383996,27.941833,江西,抚州,抚州市金巢开发区安石大道与金大道路口,0794-8300222,0794-8300111,fzss,
435,上饶富源,117.908505,28.462954,江西,上饶,上饶三清山西大道(月亮湾汽车城对面),0793-8666555,0793-8666777,srfy,
277,济南明星,116.923150,36.656642,山东,济南,济南市槐荫区经十西路28438号,0531-87517799,0531-87513599|0531-87518899,jnmx,
278,济南鲁鹰,116.946224,36.686512,山东,济南,济南市槐荫区无影山中路289号（北园高架黄岗下，济齐路与无影山中路交叉口西行300米路北）,0531-87983511|0531-85923030|0531,0531-85985111|0531-85929595|0531,jnly,
279,济南润华,116.845939,36.643205,山东,济南,济南市经十西路239号京福高速西口西行4公里路北（润华汽车主题公园）,0531-87297890,0531-87297888,jnrh,
348,济南嘉瑞,117.111319,36.684734,山东,济南,济南市历下区工业南路60-8号(丁家村地段),0531-88192888<br>0531-88190888,0531-88923666|0531-88925666,jnjr,
443,济南明星济阳分店,117.166744,36.973713,山东,济南,济南市济阳县新汽车站西300米路南(富阳街),0531-55606799,0531-55609000,jnmx_jy,
550,济南明星商河分店,117.171783,37.250201,山东,济南,商河县钱铺乡钱隆汽贸北临,0531-84803177,0531-84807766,jnmx_sh,
630,济南迎宾中升,117.128573,36.725856,山东,济南,济南市历城区工业北路90号奥体中路北首右拐东行500米路南,0531-82313226,0531-82313233,jnybzs,
638,章丘明星,117.508917,36.734827,山东,济南,章丘济青路明水眼科医院西100米路西,0531-83110555,0531-83111000,zqmx,
747,济南明星市中分店,116.997160,36.570706,山东,济南,济南市望岳路3955号,0531-82702936,0531-88716688,jnmx_sz,
252,青岛世泰,120.414111,36.130023,山东,青岛,青岛市市北区黑龙江南路237号（杨家群旁）,0532-88722666,18660252811|0532-88721666,qdst,
253,青岛安利捷,120.402868,36.136292,山东,青岛,青岛市四方区重庆南路223号,0532-85035555转101|0532-85035555转102,0532-85035555转156|0532-85035555转157,qdalj,
331,青岛世鑫,120.181372,36.014131,山东,青岛,青岛市开发区前湾港路187号(江山路与前湾港路交汇处),0532-86826999,0532-86826777转518,qdsx,
422,青岛驰铭,120.425159,36.100194,山东,青岛,青岛市市北区银川西路138号,0532-68606868,0532-68606888,qdcm,
460,青岛安利捷莱西分店,120.539536,36.905462,山东,青岛,青岛莱西市南京北路288号,0532-87423378,0532-87420555,qdalj_lx,
563,青岛中升,120.427640,36.320476,山东,青岛,青岛市城阳区青威路(城阳区家佳源北900米，春阳路交叉口北60米),0532-67761788<br>18661819595,0532-67761777,qdzs,
749,青岛世泰胶州分店,119.999074,36.272577,山东,青岛,青岛胶州市扬州西路南侧(恒祥驾校斜对面),0532-82221122,0532-82221212,qdst_jz,
1049,青岛唐弓丰田,119.990316,35.895546,山东,青岛,青岛黄岛区东岳中路357号,0532-82198999,0532-82193888,qdtg,
261,淄博远方,118.050142,36.787313,山东,淄博,淄博市张店区山泉路68号,0533-2711300|0533-2716660,0533-2715333,zbyf,
262,淄博世纪,118.074808,36.833352,山东,淄博,淄博市张店区中心路176-2号(中心路与联通路口向北50米路东),0533-3175500|0533-3175511,0533-3172111|0533-3177700,zbsj,
505,淄博世纪周村分店,118.067292,36.813255,山东,淄博,淄博市张店区金晶大道176-2号,0533-6018807,0533-6018808|0533-6011282,basj_zc,
637,淄博锦华,118.228009,36.805852,山东,淄博,山东省淄博市临淄区凤凰镇临淄大道以南清田路以西,0533-7070888,0533-7700888,zbjh,
750,淄博世纪沂源分店,118.194490,36.205404,山东,淄博,山东省淄博市沂源县富源路与鲁山路口北50米,0533-3233355,0533-3233000,zbsj_yy,
332,枣庄和裕,117.442301,34.827890,山东,枣庄,枣庄市光明大道张范镇大路口（复兴路1号）,0632-8626699,0632-8626688,zzhy,
260,东营泛华,118.443637,37.484681,山东,东营,东营市北二路13号(长途汽车西站西3.8公里),0546-7777122,0546-8960000,dyfh,
395,东营泛华广饶分店,118.436648,37.039158,山东,东营,广饶县潍高路960号广饶汇通机车市场,0546-7777122,0546-6663000,dyfh_gr,
480,东营庞大东盛,118.765841,37.447068,山东,东营,东营市东营区黄河路与东八路西南侧,0546-7156199,0546-7156188,dypd,
954,东营泛华河口分店,118.550998,37.850272,山东,东营,东营市河口区海盛路北首,15254649977、15265469966,15254649977、15263807567,dyfh_hk,
254,烟台东联,121.287150,37.560713,山东,烟台,烟台经济技术开发区金沙江路5号,0535-6398199,0535-6398199,ytdl,
255,烟台中升,121.371085,37.492696,山东,烟台,烟台市芝罘区机场路168号,0535-2150606,0535-2111666,ytzs,
256,烟台恒邦,121.449861,37.448052,山东,烟台,烟台市莱山区轸大路38号(午台路口东1000米),0535-6726511,0535-6727999,ytcj,
635,龙口广利 <em style='color:red;font-style:normal;'>【暂停服务】</em>,120.510138,37.618415,山东,烟台,龙口市高新技术工业园南山路1166号,0535-8661155,0535-8612988,lkgl,
636,莱州安利捷,119.908528,37.158317,山东,烟台,莱州市西外环西十里堡206国道旁,0535-2713333-6608|0535-2713333-6609,0535-2713333-6606|0535-2713333-6607,lzalj,
258,潍坊汇合,119.152613,36.751239,山东,潍坊,潍坊市经济技术开发区新华路与玄武街交叉口东南角,0536-8654999,0536-8654777,wfhh,
259,潍坊广泰,119.139628,36.635634,山东,潍坊,潍坊市潍州路369号(金宝乐园南4公里路东),0536-8819766|0536-8821069,0536-8556888|0536-8821886,wfgt,
567,青州明星,118.492310,36.740687,山东,潍坊,青州市经济开发区巴黎路2号,0536-3789777,13280169309,qzmx,
634,潍坊丰华,119.013492,36.735169,山东,潍坊,潍坊市潍城区政府西1.5公里路北润华丰田,0536-8118011,0536-8222555,wffh,
561,济宁泛华,116.540736,35.381379,山东,济宁,济宁市西外环（105国道）与车站西路交汇处向南188米,400-813-0309,400-872-9256     ,jnfh,
580,济宁恒升,116.698747,35.454773,山东,济宁,济宁市高新区黄屯镇327国道（市车管所对过）,0537-3718800,0537-3719966,jnhs,
865,济宁泛华邹城分店,116.981050,35.445896,山东,济宁,济宁市邹城市国宏大道6369号（鲁南汽车城院内）,0537-5155123,0537-5155111,jnfh_zc,
948,济宁泛华曲阜分店,117.074491,35.615453,山东,济宁,济宁市曲阜市327国道静轩东路路南中信工业园,0537-5155122,0537-5153333,jnfh_qf,
281,泰安东方,117.040086,36.162534,山东,泰安,泰安市岱岳区泰东路泰山国际汽车城内,0538-6363277<br>0538-6363166,0538-6300000|0538-8572777,tadf,
257,威海大友,122.059958,37.507897,山东,威海,威海市世昌大道303号,0631-5292222|0631-5589555,0631-5296666|0631-5588555,whdy,
574,荣成新广利,122.423693,37.129277,山东,威海,荣成市凭海西路鑫通汽车城7号 一汽丰田店,0631-7696555,0631-7696777,rcxgl,
633,威海恒德,122.147285,37.331376,山东,威海,威海临港区开元东路265A号,0631-5589555,0631-5588555,whhd,
753,威海大友乳山分店,121.540227,36.890683,山东,威海,乳山市经济技术开发区广州路南,0631-6267666,0631-6858666,whdy_rs,
890,威海大友石岛分店,122.449635,36.956453,山东,威海,威海市荣成石岛开发区盛泉建材城(东山南路),0631-7368555,0631-7368588,whdysd,
251,日照鸿发,119.440912,35.397101,山东,日照,日照开发区奎山汽车商贸城,0633-3912000|0633-3912111,0633-3912999|0633-3912999,rzhf,
524,日照鸿发莒县分店,118.837147,35.611860,山东,日照,日照市莒县城区青年北路与日照路交汇处向西200米,0633-3951999,0633-3909111,rzhf_jx,
263,临沂泰华,118.304370,35.021733,山东,临沂,蒙山大道与沂河路交汇处向西一公里路南,0539-7389999,0539-7389888,lyth,
264,临沂翔宇,118.335562,35.043404,山东,临沂,临沂市兰山区海关路152-1号,0539-2958788<br>0539-2150688,0539-2150666,lyxy,
479,临沂和裕,118.218402,35.077772,山东,临沂,临沂市马厂湖镇解放路与工业二路交汇处马厂湖中学东邻,0539-8946799,0539-8942666,lyhy,
594,临沂泰华临沭分店,118.669067,34.945558,山东,临沂,山东省临沂市罗庄区蒙山大道与沂河路交汇处西1公里路南远通汽车超市内,0539-2138810,0539-2138888,lxth_ls,
595,临沂泰华蒙阴分店,117.919973,35.738984,山东,临沂,临沂市蒙阴县蒙阴镇新城西路以南西环路以西蒙阴远通院内,0539-4738958,0539-4803898,lxth_my,
632,临沂燕华,118.263746,35.140044,山东,临沂,临沂市兰山区义堂双岭路与京沪高速路交汇处东200米路北远通汽车大世界燕华丰田4S店,0539-7068123,0539-8397000,lyyh,
858,临沂泰华沂水分店,118.632878,35.761733,山东,临沂,临沂市沂水县工业园腾飞路中段歌尔电子厂西400米路北,0539-7366448,0539-7366441 ,lyth_ys,
891,临沂泰华费县分店,118.036480,35.250448,山东,临沂,山东省临沂市罗庄区蒙山大道与沂河路交汇处西1公里路南远通汽车超市内,0539-5937667,0539-5937666,lyth_xf,
892,临沂泰华河东分店,118.435879,35.104443,山东,临沂,临沂市河东区三和东街与东外环交汇处(沂河北大桥东行4公里临沂市新车管所对过),0539-8302226,0539-8302225,lyth_fd,
893,临沂泰华郯城分店,118.370564,34.635581,山东,临沂,临沂市郯城县蒙山大道与沂河路(金九路)交汇处向西1公里路南,0539-2056038,0539-2056038,lyth_tc,
958,临沂泰华莒南分店,118.794247,35.159284,山东,临沂,临沂市莒南县南环路西段金山加油站向东300米路南莒南远通汽车销售服务有限公司院内,0539-2123217,0539-2123205,lyth_jn,
959,临沂泰华平邑分店,117.630536,35.485091,山东,临沂,山东省临沂市平邑县327国道南文化路东平邑远通汽车销售服务有限公司院内,0539-4881099,0539-2032000,lyth_py,
282,德州天衢,116.384503,37.462938,山东,德州,德州市经济开发区晶华路中段1626号,0534-2730000,0534-2565555,dztq,
629,德州利源丰雅,116.352808,37.424911,山东,德州,德州市经济开发区新河路与幸福大道交叉口南88米,0534-2218600,0534-2738999,dzlyfy,
283,聊城五州,116.080108,36.464636,山东,聊城,聊城市开发区东昌路东首(新东环路口),0635-8886789,0635-8881234,lcwz,
565,聊城五州临清分店,115.736115,36.806411,山东,聊城,临清市南环路东首路南(临清五州汽车文化产业园),0635-2558222,0635-2558222,lcwz_lq,
631,聊城光岳,116.033389,36.485384,山东,聊城,聊城光岳北路路西(江北汽车城对面),0635-8763222,0635-8763111,lcgy,
266,滨州鸿泰,118.006894,37.441364,山东,滨州,滨州市滨城区北外环路567号(东方红路口西200米),0543-2193999,0543-2295555|4008110113-1188,sdbzht,
367,菏泽润华,115.530340,35.257750,山东,菏泽,菏泽市开发区广州路2888号菏泽润华汽车园(广州路与淮河路交界口),0530-5955789,0530-5955777,hzrh,
267,郑州富达,113.639398,34.726441,河南,郑州,郑州市航海中路179号(航海中路与兴华南街交叉口),0371-68963566|0371-68962555,0371-68963588|0371-68963599,zzfd,
268,郑州豫中,113.769002,34.727489,河南,郑州,郑州经济技术开发区航海东路与第七大街交叉口向东100米路北,0371-66785558,0371-66782888,zzyz,
269,郑州世纪鸿图,113.702610,34.830316,河南,郑州,郑州市中州大道与北环交汇处向北1500米路西,0371-65690088,0371-65695000,zzsjht,
270,郑州裕华,113.715423,34.753202,河南,郑州,郑州市郑汴路116号(中博汽车广场),0371-65368899|0371-65368896,0371-65368866|0371-65368869,zzyh,
375,郑州富达登封分店,113.105278,34.458648,河南,郑州,郑州市航海中路179号（航海中路与兴华南街交叉口）,0371-62906090,0371-62906060,zzfd_df,
456,郑州裕华巩义分店,113.040035,34.784231,河南,郑州,巩义市东区紫荆路与河洛路交叉口向东500米顺达汽车广场,0371-56909888,0371-68533000,zzyh_gy,
744,郑州世纪鸿图荥阳分店,113.409467,34.756413,河南,郑州,荥阳市中原西路与京城路交叉口西南角,0371-60253000,0371-60251000,zzsjht_xy,
953,郑州豫中新密分店,113.383977,34.526709,河南,郑州,新密市城关镇开阳路南段12号,15093217819,15137115016,zzyz_xm,
482,开封豫中,114.299123,34.783770,河南,开封,开封市魏都西路2号,0371-22125555,0371-22678555,kfyz,
271,洛阳九都,112.512865,34.686984,河南,洛阳,洛阳市岛忧启明南路与九都路交叉口,0379-65155555<br>0379-65251678,0379-65156666,lyjd,
564,洛阳富源,112.387913,34.592939,河南,洛阳,洛阳市洛龙区开元大道西端(开元大道与凌波桥交叉口向西1公里),0379-60690133,0379-60602888,lyfy,
978,洛阳德众 <em style='color:red;font-style:normal;'>【暂停服务】</em>,112.420779,34.694899,河南,洛阳,洛阳市西工区汉宫路5号德众汽车城,0379-65282000,0379-65282111,lydz,
272,平顶山世纪,113.418634,33.737270,河南,平顶山,平顶山市建设路与许南路立交桥向西1公里路南,0375-3988688,0375-3988666,pdssj,
516,平顶山世纪汝州分店,112.874700,34.166820,河南,平顶山,平顶山汝州市丹阳东路东转盘向东300米,0375-6669222,0375-6667222,pdssj_rz,
745,平顶山世纪舞钢分店,113.535626,33.338953,河南,平顶山,平顶山市建设路东段日报社印刷厂院内,0375-8100777,0375-8100666,pdssj_wg,
605,安阳凯丰,114.420793,36.123273,河南,安阳,安阳市北关区光明路与人民大道交叉口向北500米路东,0372-3667777,0372-3720000,aykf,
963,安阳龙达 <em style='color:red;font-style:normal;'>【暂停服务】</em>,114.366526,36.077437,河南,安阳,安阳市开发区文昌大道中段路南(交警支队西侧),0372-2999999,0372-3650058,ayld,
647,鹤壁九州,114.323827,35.754550,河南,鹤壁,鹤壁市淇滨区九州路与东海路东北角,0392-3639666,0392-3638666,hbjz,
276,新乡冠誉,113.898694,35.264643,河南,新乡,新乡市和平路与南环路交叉口向东200米路南,0373-5110712,0373-5110719,xxgy,
971,长垣大合,114.653840,35.186225,河南,新乡,长垣县人民法院对面大地亚飞汽车城内长垣大合丰田4S店,0373-8856662,0373-8856661,cydh,
355,焦作博汇,113.266002,35.176881,河南,焦作,焦作市迎宾大道与南海路交叉口西南角,0391-3687999,0391-3638888,jzbh,
539,濮阳世纪,115.006144,35.786770,河南,濮阳,濮阳市中原路与华安路交叉口向南300米路西,0393-5398800,0393-5398000,pysj,
274,许昌豫中,113.849485,34.074171,河南,许昌,许昌市老107国道与北外环交叉口,0374-4517111,0374-4517777,xcyz,
951,许昌豫中禹州分店,113.442391,34.149571,河南,许昌,禹州市阳翟大道与北外环交叉口东100米路北,0374-4517111,0374-4517777,ycyz_yz,
746,漯河豫龙舞阳分店,113.650725,33.452793,河南,漯河,河南省漯河市舞阳县二环路与青岛路交叉口,0395-5802708,0395-5802708,lhyl_wy,
875,漯河豫龙,114.000605,33.555245,河南,漯河,漯河市源汇区漯舞路与107国道交叉口西600米,0395-5890555,0395-5909666,lhyl,
493,三门峡豫中,111.261232,34.736424,河南,三门峡,三门峡市湖滨区陕州大道东高速出口北侧,0398-2853222,0398-2853111,smxyz,
955,三门峡豫中灵宝分店,110.866529,34.537915,河南,三门峡,灵宝市长青汽贸城A2号楼48-54号,0398-6616222,0398-6616222,smxyz_lb,
275,南阳顺达尔,112.592863,33.031874,河南,南阳,河南省南阳市信臣路与独山大道交叉口东2公里路南,0377-63270008<br>0377-63270009,0377-63270000|0377-63270001,nysde,
394,南阳顺达尔西峡分店,111.507228,33.316380,河南,南阳,南阳市西峡县工业大道与世纪大道交叉口向西100米路南,0377-60961766,0377-60966999,nysdr_xx,
519,南阳顺达尔邓州分店,112.142200,32.707500,河南,南阳,南阳市邓州市七里店桥东500米路南,0377-63270008,0377-62568666,nysdr_ny,
644,南阳恒信,112.581901,32.957970,河南,南阳,河南省南阳市独山大道南段（南新路）与雪枫路交叉口向东500米路南,0377-60870000,0377-60890000,nyhx,
356,商丘中豪,115.631154,34.444548,河南,商丘,商丘市平原南路1011号,0370-6060666,0370-6060777,sqzh,
645,商丘大行,115.703203,34.401746,河南,商丘,河南省商丘市示范区北海路与星林路交叉口南300米路东,0370--6976222   0370-6976113,0370-6976555  0370-6976113,sqdx,
547,信阳世纪行,114.209194,32.133753,河南,信阳,信阳市工业城312国道与京港澳高速交汇处向西1000米路南,0376-3852222,0376-3851111,xysjh,
415,周口明星,114.684021,33.656630,河南,周口,周口市北环路与大庆路交叉口向东5００米宏源精品汽车城,0394-8178666,0394-8178999,zkft,
426,驻马店威龙,114.059202,33.017701,河南,驻马店,驻马店市开源大道与前进路交叉口车管所西200米,0396-3339888,0396-3615888,zmdwl,
40,武汉黄浦,114.312885,30.625174,湖北,武汉,武汉市江岸区黄浦科技园特7号,027-65660999,027-65660888,whhp,
41,武汉安利捷,114.206376,30.549554,湖北,武汉,武汉市汉阳区龙阳大道102号(陶家岭),027-84882992,027-84876169|027-84674189,whalj,
42,武汉中南,114.337453,30.487876,湖北,武汉,武汉市洪山区书城路特8号(南湖大道武商量贩农科城店旁),027-52111365,027-51785178,whzn,
43,武汉实华,114.249844,30.634274,湖北,武汉,江汉区长港路9号(常青路中百仓储后100米处),027-65662633,027-65662611,whsh,
655,武汉骏业,114.321295,30.707219,湖北,武汉,武汉市黄陂区汉口北大道8号汉口北汽车城园区（汉口北轻轨站旁）,027-88189977,027-88189988,whjy,
850,武汉中南江夏分店,114.378983,30.403666,湖北,武汉,湖北省武汉市江夏区江夏大道43号（庙山新村对面）,027-50750760,027-50750750 ,whzn_jx,
923,武汉中南仁和分店,114.397053,30.606160,湖北,武汉,湖北省武汉市洪山区仁和路和平汽车园特8号,027-86868722,027-86868622 ,whzn_rh,
392,黄石恒信东方,115.016220,30.214189,湖北,黄石,湖北省黄石市团成山开发区大泉路149号,0714-6390007,0714-6390888,hxdf,
44,宜昌德龙,111.334591,30.719560,湖北,宜昌,宜昌东山开发区汕头路1号,0717-6907120,0717-6386111,ycdl,
973,宜昌裕成,111.395502,30.650283,湖北,宜昌,湖北省宜昌市伍家岗区同强路求雨台隧道旁,0716-6673888,0717-6465555,ycyc,
45,襄阳天和,112.175437,32.093227,湖北,襄阳,襄阳市襄州区春园东路189号,0710-3338123,0710-3338999,xyth,
815,襄阳天和枣阳分店 ,112.725657,32.138776,湖北,襄阳,枣阳市经济开发区枣阳汽车汽配城C-2号,0710-3338234,0710-3337930,xyth_zy,
941,襄阳世纪,112.267505,32.137747,湖北,襄阳,襄阳市襄州区深圳工业园1幢,0710-2516337,0710-2618777,xysj,
1054,鄂州双益丰田,114.875728,30.365611,湖北,鄂州,湖北省鄂州市鄂城区江碧路315号塘角头村,0711-5015018,0711-5015000,ezsy,
489,荆门讯隆,112.237265,31.051310,湖北,荆门,荆门市月亮湖路90号(荆门国际汽车城),0724-2217666<br>,0724-2217888|18986989036 汪经理,jmxl,
841,荆门讯隆钟祥分店,112.581755,31.154190,湖北,荆门,钟祥市西环二路华中国际车城一汽丰田4s店,0724-4329333,0724-4210999,jmxl_zy,
418,孝感黄浦,113.941968,30.965231,湖北,孝感,孝感市孝南开发区长兴路书院工业园特1号,0712-2598368,0712-2598379,xghp,
46,荆州讯达,112.230398,30.351015,湖北,荆州,荆州市江津西路425号,0716-8085555,0716-8089999,jzxd,
924,荆州讯达洪湖分公司,113.461096,29.823556,湖北,荆州,湖北省洪湖市新堤大道汽车贸易城维修区15、16、17,0716-8857155,18972398712,jzxd_hh,
560,黄冈世纪汇恒,114.985345,30.451043,湖北,黄冈,黄冈市黄州区南湖农场榨舟山,0713-8340966,0713-8340988,hgsjhh,
571,咸宁黄浦,114.253273,29.882824,湖北,咸宁,咸宁市咸安经济开发区咸潘公路旁(京珠高速咸宁南出口咸安方向5公里处),0715-8720000<br>15377196318,0715-8720555|15377196929,xnhp,
517,武汉中南随州分店,113.411116,31.700790,湖北,随州,随州市经济开发区交通大道6号,0722-3586966  |13409624949,0722-3586988,whzn_sz,
1048,随州星光丰田,113.383654,31.765997,湖北,随州,随州市曾都北郊开发区星光一路星光汽车城,0722-3822988,0722-3331000,szxg,
657,恩施恒信,109.501276,30.329158,湖北,恩施,湖北省恩施市金凤大道1号,0718-8280399,0718-8297843|0718-8283599,eshx,
824,荆州讯达潜江分店,112.870555,30.421242,湖北,潜江,潜江市潜阳西路天驰汽车城一汽丰田4S店,0728-6691555,0728-6983666,jzxd_qj,
1039,潜江讯隆,112.926396,30.396640,湖北,潜江,湖北省潜江市紫月路与东环大道交汇处旁（中国龙虾城对面）,0728-6692555,0728-6625555,qjxl,
30,长沙华运通,113.016186,28.238455,湖南,长沙,长沙市开福区叁壹大道338号,0731-88225633,0731-88225678|13319539988,cshyt,
31,长沙力天,113.042943,28.135033,湖南,长沙,长沙市雨花区万家丽路中路三段58号,0731-85645678,0731-85645678,cslt,
32,长沙申湘,113.072193,28.230637,湖南,长沙,长沙经济技术开发区申湘汽车城C座,0731-84029595,0731-84027388|0731-84027399,cssx,
346,长沙和信,112.996014,28.101223,湖南,长沙,长沙市芙蓉南路时代阳光大道口往南100米(省工商局对面),0731-88233333,0731-88277777,cshx,
658,浏阳庆升,113.601690,28.158256,湖南,长沙,浏阳市集里平水村西站往太平桥方向600米,0731-83839333,0731-83330333,lyqs,
659,长沙华兴通,112.898529,28.320725,湖南,长沙,长沙望城区大泽湖社区吴家冲路28号(金星北路),0731-88602918,0731-88602888,cshxt,
1027,长沙力天宁乡分店,112.360465,28.131213,湖南,长沙,长沙市宁乡县大河西汽车城力天丰田分公司,18890390666,18890390666,cslt_nx,
36,株洲和信,113.106146,27.843825,湖南,株洲,株洲市天元区株洲大道618号,0731-22183999,0731-22733333,zzhx,
816,株洲和信攸县分店,113.341660,26.992198,湖南,株洲,攸县江桥街道谭桥社区同乐湖国际B栋,0731-24335799,0731-24335766,zzhx_yx,
972,株洲力天,113.170800,27.867808,湖南,株洲,株洲市荷塘区新塘路1499号亿都铂金时代4栋104室,0731-28786666,0731-28786666,zzlt,
409,湘潭力天,112.970883,27.871424,湖南,湘潭,湘潭市岳塘区芙蓉大道岳塘区政府南1000米,0731-55581111,15907325111,xtlt,
34,衡阳和信,112.606287,26.931712,湖南,衡阳,衡阳市石鼓区团结湖进步村(华源建材市场旁),0734-8585858,0734-8588999,hyhx,
660,衡阳飞宇运通,112.581017,26.877969,湖南,衡阳,湖南省衡阳市蒸湘区西外环路杨柳汽贸城,0734-8161678,0734-8161777,hyfyyt,
817,衡阳和信耒阳分店,112.879495,26.437925,湖南,衡阳,耒阳市高速公路联络线虹桥加油站右侧,0734-4378708,0734-4378708,hyhx_ly,
410,邵阳华运通,111.569568,27.259812,湖南,邵阳,邵阳市双清区邵阳大道与世纪大道天娇国际汽车城内,0739-5241666|18975977111,0739-5241888|18975977000,syhyt,
33,岳阳彤达,113.165586,29.377123,湖南,岳阳,岳阳市巴陵东路276号,0730-8759666,0730-8872222|15873059876,yytd,
852,岳阳彤达湘阴分店,112.911680,28.682197,湖南,岳阳,岳阳市湘阴县文星镇滨湖路长银滨湖新城4栋109号,0730-2580300,0730-2580000 ,yytd_xy,
925,岳阳彤达平江分店,113.598489,28.690584,湖南,岳阳,湖南省岳阳市平江县新城开发区天岳南路家电数码城南1栋,0730-6988229,0730-6988222 ,yytd_pj,
318,常德华运通,111.681723,29.077512,湖南,常德,常德市武陵区龙港路1088号,18975600022,0736-7758888,cdhyt,
823,常德华运通澧县分店,111.758170,29.647770,湖南,常德,湖南省澧县澧阳镇关心居委会澧州大道（湘北汽配城1-6号）,0736-3261222|0736-3311999,0736-3260158|0736-3132688,cdhy_lx,
584,张家界力天,110.565856,29.141409,湖南,张家界,湖南省张家界市永定区阳湖坪张家界力天丰田4S店,0744-8512666,0744-8597777,zjjlt,
603,益阳佳烨,112.401490,28.513666,湖南,益阳,益阳市高新区银城大道汽车物流园,0737-3555577,0737-3555599,yyjy,
35,郴州名车汇 <em style='color:red;font-style:normal;'>【暂停服务】</em>,113.047038,25.781965,湖南,郴州,郴州市青年大道香雪桥南侧,0735-2198800,0735-2197777,czmch,
556,永州佳昊,111.640492,26.298754,湖南,永州,湖南省永州市零陵区零陵大道旁潇湘汽车城内,0746-6626777,0746-6616777,yzjh,
661,怀化凯祥迎宾,109.998111,27.526929,湖南,怀化,怀化市南环路西部汽车城内一汽丰田特约店,0745-2331999,0745-2228222,hhkxyb,
467,娄底和兴,112.030147,27.739640,湖南,娄底,娄星区湘阳街南侧与迎春路交叉口西南角,0738-8688666,0738-8119988,ldhx,
112,广州广保,113.348057,23.132332,广东,广州,广州市天河区石牌黄埔大道西483号,020-38909632,020-62320180,gzguangbao,
113,广州沙河,113.325315,23.178441,广东,广州,广州大道北991号(地铁3号线梅花园站D出口）,020-87222888,020-87054114,gzsh,
114,广州骏佳广保,113.476512,23.101429,广东,广州,广州市保税区东江大道北461号汽车大厦首层,020-82494835,020-82494855,gzjjgb,
115,广州迎宾,113.377222,22.965157,广东,广州,广州市番禺区市桥迎宾路朱坑段,020-34800888转101,020-34800888转106,gzyb,
116,广州华通,113.321467,23.079089,广东,广州,海珠区广州大道南1601号(洋湾创新岛内),020-84284066,020-84296351,gzht,
117,广州庆丰,113.236193,23.215377,广东,广州,广州市白云区石井石丰路3号(增槎路广清高速庆丰收费站旁),020-86023605,020-86023995,gzqf,
118,广州宗远,113.408903,23.199130,广东,广州,广州市天河区广汕二路231号(龙洞柯木i路段),020-87026376,020-87026378,gzzy,
119,广州顺协,113.269129,23.211114,广东,广州,广州市白云区黄石路段广花路口西侧马务新街二号,020-86298188,020-86298288|020-86298786,gzsx,
120,广州新钜,113.338002,23.125146,广东,广州,广州天河区广园东快速路黄村立交东北侧(珠吉路11A出口进入),020-82169310<br>020-82169613,020-82169276,gzxj,
122,广州南菱,113.220476,23.434057,广东,广州,广州市花都区建设北路与平步大道交汇处,020-28615889,020-28615888,gznl,
123,广州广博,113.418852,23.110920,广东,广州,广州市黄埔大道东742号广州广博丰田汽车销售服务有限公司,020-82574385|020-82574386,020-82574105|020-82574106,gzguangbo,
124,广州骏辉,113.310788,23.237578,广东,广州,广州市白云大道北1383号(白云堡立交桥北行300米),020-86059300,020-86059110,gzjh,
125,广州永佳,113.338842,23.026234,广东,广州,广州市番禺区大石迎宾路202号永佳丰田,020-34892111,020-34891888,gzyj,
126,广州中升,113.610548,23.148755,广东,广州,广州市新塘镇广园快速路与新新公路交汇口,020-82980000|13602222792,4008307691,gzzs,
347,广州兆方,113.792622,23.286343,广东,广州,广州增城市荔城街广汕公路三联路段,020-32832228|020-32832229,020-32831111|020-32832226,gzzf,
377,广州广保从化分店,113.612233,23.533533,广东,广州,从化市环市东路148号,020-87991999,020-87991999,gzgb_gb,
542,广州庆丰人和分店,113.306280,23.315934,广东,广州,广州市106国道鹤龙五路234号(人和地铁站旁）,020-36542388|020-36543288,020-36610333|020-36540113,gzqf_rh,
785,广州宗远萝岗分店,113.573863,23.284460,广东,广州,广州市萝岗区九龙镇镇龙大道566号101,020-82878921|020-82878922,020-82879022|020-82879023,gzzy_lg,
860,广州兆方石滩分店,113.792622,23.286343,广东,广州,广州增城区石滩镇立新路143号,020-32992802|020-32992811,020-32992800|020-32992808 ,gzzf_st,
956,广州兆方黄埔分店,113.507754,23.176480,广东,广州,广州市黄埔区荔红二路9号香雪城1号,020-32992802/32992811,020-32992800|32992808,gzzf_hp,
989,广州永佳南沙分店,113.546939,22.812207,广东,广州,广州市南沙区南沙街环市大道中428号永佳丰田,020-39236688,020-39236111,gzyj_ns,
127,韶关利泰,113.588977,24.752269,广东,韶关,韶关市浈江区广韶路南郊六公里,0751-8263666,0751-8283888,sglt,
597,韶关利泰乐昌分店,113.399238,25.091289,广东,韶关,广东省韶关乐昌市长来镇亭脚篇公路旁,0751-5555190,0751-5555790,sglt_lc,
690,韶关安正,113.527117,24.783070,广东,韶关,韶关市武江区沐溪大道142号（小阳山 五洲汽配城斜对面）,0751-8533606,0751-8533633,sgaz,
896,韶关利泰新丰分店,114.221654,24.063342,广东,韶关,广东省韶关市新丰县丰城镇丰城街道城东村（县交警大队旁）,0751-2298083,0751-2298088 ,sglt_xf,
897,韶关利泰始兴分店  ,114.041403,24.973196,广东,韶关,广东省韶关市始兴县太平镇东湖坪联丰科技工业园323线国道北侧,0751-3316789,0751-3316789 ,sglt_sx,
898,韶关利泰翁源分店,114.122136,24.364000,广东,韶关,广东省韶关市翁源县龙仙镇大道现代汽车检测站旁,0751-8522666,0751-6972008,sglt_wy,
952,韶关利泰乳源分店,113.297504,24.779439,广东,韶关,广东省韶关市乳源瑶族自治县鹰峰东路宝源大厦,0751-5364388,0751-5385050,sglt_ry,
99,深圳南方<em style='color:red;font-style:normal;'>【暂停服务】</em>,114.072183,22.574423,广东,深圳,深圳市福田区梅林路42号,0755-83142666|0755-83142999,0755-83142688|0755-83142138,sznf,
100,深圳大兴,114.116376,22.572589,广东,深圳,深圳市罗湖区宝安北路华南汽车交易中心A35号,0755-82122933<br>0755-82441820,0755-82122933|0755-82441880,szdx,
101,深圳华日,114.108813,22.573523,广东,深圳,深圳市罗湖区泥岗西路1006号华日汽车大厦,0755-82423888,0755-25970966转1,szhr,
102,深圳深业,113.947998,22.546752,广东,深圳,深圳市南山区湖滨中路智恒产业园新嘉进隆汽车城E02A深业丰田,0755-26710686,0755-26710818,szsy,
103,深圳都通,114.233533,22.692775,广东,深圳,深圳市龙岗区横岗荷坳长江埔路68号（龙岗大道荷坳路口转入荷坳派出所方向，直行500米）,0755-28611100,0755-28681999,szdt,
105,深圳红彤,114.249431,22.735844,广东,深圳,深圳市龙岗区龙平西路14号(回龙埔),0755-89913000,0755-89913000,szht,
106,深圳骏爵,114.036488,22.547990,广东,深圳,深圳市福田区红荔西路联合华鹏汽车交易广场B3-1B号,0755-83051997,0755-82899855,szjj,
107,深圳易达,113.914719,22.531641,广东,深圳,深圳市龙华新区民治民康路1号龙华名车广场内,0755-26163351|0755-26463353,0755-26465666|0755-26465999,shenzhenyd,
108,深圳中升,113.874224,22.610735,广东,深圳,深圳市宝安区前进二路宝田工业区,0755-27346718|0755-27346888,0755-27346888|,szzs,
109,深圳宝安大兴,113.860231,22.570135,广东,深圳,深圳市宝安区西乡大道西97区劳动村,0755-27790505,0755-27798080,badx,
110,深圳深业隆华,114.045995,22.676841,广东,深圳,深圳市龙华街道和平路28号,0755-28122377,0755-28122220|0755-28159898,szsylh,
111,深圳大兴观澜,114.046852,22.698115,广东,深圳,深圳市宝安区观澜街道田背路口(观澜大道与环观南路交汇处),0755-28019618,0755-28019988,szdxgl,
320,深圳中升迎宾,113.831273,22.708139,广东,深圳,深圳市宝安区沙井街道万丰中心路第六栋1至3楼,0755-27272211,0755-27279999,szzsyb,
324,深圳兴业,113.853549,22.745865,广东,深圳,深圳市宝安区沙井镇新桥107国道东侧,0755-29072666,0755-29072888,szxy,
541,深圳都通坪山分店,114.350715,22.684628,广东,深圳,深圳市-坪山区-比亚迪路-坪环工业城112栋,0755-88899286,0755-88899033,szdtps_ps,
691,深圳光明,113.870581,22.785242,广东,深圳,深圳光明新区公明松白路705号松明工业区第一栋,0755-29752666,0755-27127777,szgm,
796,深圳都通平湖分店,114.131113,22.702608,广东,深圳,深圳市龙岗区平湖街道新厦大道21号（东都雅苑旁）,0755-61881588,0755-61880688,szdt_ph,
797,深圳华日盐田分店,114.257856,22.578579,广东,深圳,深圳市盐田区深盐路2001号(盐田港集团对面),0755-25038683,0755-25030161,szhr_yt,
798,深圳大兴南湾分店,114.162750,22.640505,广东,深圳,深圳龙岗区南湾街道红棉路998号,0755-22180666-8215,0755-22180666-8181,szdx_nw,
135,珠海珠光,113.483624,22.220006,广东,珠海,珠海市珠海大道屏东一路2号,0756-8695911<br>0756-8695912,0756-8695900|0756-8695901,zhzg,
136,珠海腾达,113.505790,22.290668,广东,珠海,珠海市香洲区前山工业片区华宇路89号,0756-6256966,0756-6256988,zhtd,
814,珠海腾达斗门分店,113.341533,22.177399,广东,珠海,广东省珠海市斗门区白藤湖湖心路东侧,0551-5500980,0551-5500198 ,zhtd_dm,
1036,珠海骏达,113.331688,22.201739,广东,珠海,珠海市斗门区白蕉镇虹桥1路19号（博皇家具旁）,0756-5500981,0756-5500966,zhjd,
128,汕头华通丰田,116.761298,23.369707,广东,汕头,汕头市泰山南路长平加油站对面,0754-88828228|0754-88828228,0754-88828298|0754-88828298,stht,
129,汕头合众,116.747280,23.383922,广东,汕头,汕头市29街区F地块(珠江路－汕头海关对面),0754-88996907<br>0754-88996908<br>0754-88996909<br,0754-88996933|0754-88996199,sthz,
142,顺德合诚,113.239321,22.860268,广东,佛山,佛山市顺德大良广珠公路新松路段27号地,0757-22383982,0757-22383999,sdhc,
143,南海桂城,113.181234,23.036021,广东,佛山,佛山市南海区佛山一环桂平路23号出口,0757-86263813,0757-86250289,nhgc,
144,佛山骏安,113.140132,23.075074,广东,佛山,佛山市南海区桂城海八路华南汽车城标志塔侧,0757-86257888,0757-81232888,fsja,
145,佛山强劲,113.108474,23.003546,广东,佛山,佛山市禅城区佛山大道中番村牌坊旁,0757-83961208,0757-83963331,fsqj,
146,佛山三水,112.914743,23.191820,广东,佛山,佛山市三水区西南街横涌龙潭村“门口田”,0757-87738208,0757-87771118,fsss,
147,佛山龙江,113.070069,22.878757,广东,佛山,佛山市顺德区龙江镇龙洲西路3-2段,0757-23872838,0757-23872688,fslj,
339,佛山南海合诚,113.159655,23.004527,广东,佛山,佛山市南海区桂城桂澜路石(石肯)路段,0757-81858000,0757-81858008,nhhc,
369,佛山高明南菱,112.891564,22.888767,广东,佛山,佛山市高明区荷城高明大道与常安街交汇处,0757-88613099,0757-88613098|0757-88613001,fsgmnl,
525,佛山顺德合诚容桂分店,113.291185,22.761218,广东,佛山,佛山市顺德区容桂桂州大道东3号首层,0757-22617088,0757-26610883,fssdhc_rg,
549,佛山强劲大沥分店,113.110553,23.080754,广东,佛山,广东省佛山市南海区大沥325国道西侧谢边第一工业区,0757-81821155|0757-81821508,0757-81821222|0757-81821510,fsqj_dl,
789,佛山龙江西樵分店,112.972238,23.039265,广东,佛山,佛山市南海区西樵镇樵金路崇南加油站旁,0757―81027300,0757―81003777,fslj_xq,
790,佛山三水狮山分店,113.023235,23.085627,广东,佛山,佛山南海区狮山镇白沙桥村委会对面,0757-85853588,0757-85853288,fsss_ss,
849,佛山顺德合诚北蚍值,113.217862,22.920159,广东,佛山,佛山市顺德区北蛘蚬憬坦ひ悼发区6号,0757-22393776,0757-22393778,fssdhc_bj,
134,江门华通,113.072592,22.640615,广东,江门,江门市建设三路156号,0750-3286852,0750-3286886,jmht,
325,江门强劲,113.072143,22.548880,广东,江门,江门市新会区会城冈州大道东28号(江门厨具市场正对面),0750-6168826|18929006622,0750-6660888,jmqj,
693,开平华通,112.716241,22.394503,广东,江门,开平市水口镇325国道水边村旁,0750-2208672,0750-2208683	,kpht,
836,江门华通鹤山分店,112.997697,22.742022,广东,江门,广东省鹤山市雅瑶镇佛开高速陈山路口江沙路旁,0750-8392871,0750-8392888,jmht_hs,
868,江门永佳恩平分店,113.129797,22.576056,广东,江门,恩平市恩城平石石青低洞（325国道旁）,0750-7753888,0750-7755888,jmyj_np,
870,江门永佳,113.129797,22.576056,广东,江门,江门市江海区五邑路麻二中心里九巷8号,0750-3893988,0750-3898888,jmyj,
887,江门致泰,112.811540,22.308682,广东,江门,台山市台城陈宜禧路北190号-2,0750-5555597,0750-5517999,jmzt,
1025,江门华通新会分店,113.015141,22.513276,广东,江门,江门市新会区会城仁义村水松湾(新会大道西38号),,0750-6330288,jmht_xh,
148,湛江骏华,110.387908,21.265796,广东,湛江,湛江市人民大道北38号（市体育中心北侧）,0759-3201333,0759-3330888,zjjh,
591,湛江正联,110.322856,21.297069,广东,湛江,湛江市麻章区瑞云北路101号粤西国际车城,0759-2700900,0759-2700800,zjzl,
837,湛江骏华雷州分店,110.069654,20.924966,广东,湛江,雷州市新村及昌竹村交界处207国道红绿灯旁,0759-3201333,0759-8831199|18927662048,zjjh_lz,
899,湛江骏华廉江分店,110.268749,21.625699,广东,湛江,廉江罗洲大道西30-32号越广大厦首层,0759-3201333,18927662148,zjjh_lj,
900,湛江骏华徐闻分店,110.229961,20.276370,广东,湛江,湛江市徐闻县(新国道207线)海安大道中段(劳动保障局对面),0759-4499338,0759-4499228,zjjh_xw,
149,茂名华通,110.926129,21.638043,广东,茂名,茂名市开发区站南路345-347号,0668-2791811,0668-2791801,mmht,
592,茂名致泰,110.929952,21.719433,广东,茂名,茂名市高水公路新圩路口（信安检测站旁）,0668-2750111,0668-2750777,mmzt,
857,茂名华通化州分店,110.696293,21.673284,广东,茂名,化州市鉴江区旺山村委旺龙村茂化路边,0668-7280777,0668-7280111 ,mmht_hz,
902,茂名华通高州分店,110.843253,21.890230,广东,茂名,高州市石仔岭大转盘往茂名方向约200米即到茂名华通丰田汽车销售服务有限公司高州分公司,0668-6667938,0668-3339608,mmht_gz,
1033,茂名华通信宜分店,111.125429,22.431974,广东,茂名,广东省信宜市G207国道与包茂高速信宜市区出口交界处,0668-8895518,0668-8898880,mmht_xy,
141,肇庆东联,112.504024,23.107650,广东,肇庆,肇庆市肇庆学院前过境公路北侧,0758-2716988,0758-2716988,zqdl,
598,四会广利德庆分店,111.786991,23.162805,广东,肇庆,德庆县新圩镇城北路22号第一至第三卡,18929832828,0758-7733068,shgl_dq,
856,四会广利高要分店,112.438799,23.016258,广东,肇庆,肇庆市高要区南岸街道南兴五路（中杰鞋厂公交站旁）,0758-8238106,0758-8238101,shgl_gy,
873,四会广利,112.679688,23.366870,广东,肇庆,四会市城中街道省道263线南面高狮村柑桔市场旁,0758-3331288,0758-3238688,shgl,
901,四会广利怀集分店,112.196716,23.896702,广东,肇庆,肇庆市怀集县怀城镇盆凤村下登鸭（广州石化油站旁）,0758-5801226,0758-5801316 ,shgl_hj,
960,四会广利鼎湖分店,112.586799,23.195372,广东,肇庆,肇庆市鼎湖区新城55区一米阳光家园B1商业首层商铺,0758-3331288,0758-3238688,shgl_dh,
130,惠州俊峰,114.423220,23.064128,广东,惠州,惠州市河南岸下马庄15号小区（三环天虹旁）,0752-2530099,0752-2530088,huizhoujf,
131,惠州展通,114.425998,23.141592,广东,惠州,惠州市惠州大道北12号,0752-2831923,0752-2831980,hzzt,
337,惠州骏爵,114.465727,22.826625,广东,惠州,惠阳区淡水镇桥背惠南大道南(距建设局100米),0752-3819838,0752-3819198|,hzjj,
500,惠州俊峰惠东分店,114.423315,23.064089,广东,惠州,广东省惠州市河南岸下马庄15号小区,0752―2530099,0752―2530088,hzjf_hd,
794,惠州展通博罗分店,114.311891,23.182162,广东,惠州,惠州市博罗县罗阳镇浪头塘贝岭村广汕公路南边宝盛大厦,0752-6216081,0752-6216087,hzzt_bl,
795,惠州骏爵仲恺分店,114.310464,22.998280,广东,惠州,惠州市仲恺区陈江仲恺六路147号（三星电子厂斜对面）,0752-3191028,0752-3201333,hzjjzk,
979,惠州金瑞兴,114.459068,22.982469,广东,惠州,惠州市三栋镇惠南汽车城斜对面,0752―5758988,0752 ― 5757388,hzjrx,
133,梅州深业,116.120336,24.276478,广东,梅州,梅州市梅江区三角村206国道旁,0753-2119955|0753-2119966,0753-2119999|0753-2119988,mzsy,
433,梅州深业兴宁分店,115.753472,24.133122,广东,梅州,梅州兴宁市205国道宁新街道金叶大酒店对面,0753-3217388,0753-3217338,mzsy_xn,
848,梅州深业五华分店,115.769902,23.948062,广东,梅州,梅州市五华县水寨镇水寨大道大坝南方电网侧,0753-4515678,0753-4609666 ,mzsy_wh,
937,梅州中裕,116.083983,24.261192,广东,梅州,梅州市梅县区新县城剑英大道（客都大桥头）,0753-2251777,0753-2216333,mzzy,
596,汕尾中溢海丰分店,115.374142,22.827453,广东,汕尾,汕尾市海丰县金园工业区三环路北侧（海丰碧桂园往城东方向1.8KM）,0660-6991555,0660-6991777,swzy_hf,
689,汕尾中溢,115.373693,22.832831,广东,汕尾,汕尾市区海汕公路埔边工业区路段（X峰集团对面）,0660-3447666,0660-3447888,swzy,
340,河源中裕,114.701855,23.715163,广东,河源,河源市源城区河源大道南风光加油站前100米,0762-3689866,0762-3839666,hyzy,
903,河源中裕龙川分公司,115.255682,24.107633,广东,河源,河源市龙川县老隆镇联亨村G205国道(龙飞水泥砖厂旧址),0762-6666822,0762-6666866,hyzy_fd,
904,河源中裕东源分公司,114.749993,23.798239,广东,河源,河源东源县行政大道民政局旁中裕丰田,0762-8832599,0762-8836909,hyzydy,
1017,河源中裕紫金分店,115.135240,23.625105,广东,河源,紫金县金山大道林田村路段（中石化油站斜对面）,,0762-7883999,hyzy_zj,
497,阳江中熙,112.039161,21.899462,广东,阳江,阳江市阳东县东城镇东风四路高速公路入口前（十八子饭店旁）,0662-6890999,0662-6660888,yjzx,
853,阳江中熙阳春分店,111.769869,22.125595,广东,阳江,阳江阳春市春城站港路西侧鸡项岭地段,0662-6660888,0662-6660888,yjzx_yc,
872,阳江广利,111.984033,21.892578,广东,阳江,阳江市江城区漠江中路广银汽车城内,0662-3918666,0662-3926888,yjgl,
150,清远南方,113.026700,23.684972,广东,清远,清远市清城区人民四路中汽南方国际汽车城南方丰田店,0763-3858999,0763-3858666,qynf,
688,清远宗远,113.067149,23.638105,广东,清远,广东省清远市清城区创兴大道6A-1(建设银行斜对面),0763-3256999,0763-3532888,qyzy,
91,东莞永佳,113.658202,22.895206,广东,东莞,东莞市厚街镇溪头村康乐南路段永佳丰田,0769-85906111,0769-81691888,dgyj,
92,东莞南城,113.725712,22.988059,广东,东莞,东莞市南城区白马科技大道(新南城汽车站对面),0769-22980333,0769-22980388|0769-2298 0333,dgnc,
93,东莞东部,113.857975,23.020110,广东,东莞,东莞市寮步国际汽车城A0201号,0769-83289777,0769-83267666,dgdb,
94,东莞龙华,113.704147,23.031678,广东,东莞,东莞市万江大道新谷涌段,0769-22773008,0769-22773388,dglh,
95,东莞大昌行深业丰田,113.684335,22.860658,广东,东莞,东莞市虎门镇白沙新高铁火车站南侧300米处,0769-85132999,0769-85132299,dgkr,
96,东莞市天下行,113.964919,22.963729,广东,东莞,东莞市常平镇苏坑村常朗路段,0769-83029666,0769-83550666|0769-83559238,dgtxh,
97,东莞东美,114.111443,22.852019,广东,东莞,东莞市塘厦镇东深二路林村段(光辉建材市场旁),0769-82087888|0769-82087678,0769-82087777|0769-82087666,dgdm,
98,东莞百力恒,113.805434,22.789939,广东,东莞,东莞市长安镇振安路757号（振安加油站旁）,0769-81601555|0769-85072155,0769-81601266|0769-81601366,dgblh,
330,东莞东城,113.795955,23.070843,广东,东莞,东莞东城区莞龙路下桥路段（地铁2号线下桥站A出口即到）,0769-22017777,0769-22019999,dgdc,
383,东莞安信,113.810264,22.935043,广东,东莞,东莞市大岭山镇连平畔山村,0769-85617777,0769-81870333,dgax,
554,东莞永佳石排分店,113.878320,23.100121,广东,东莞,东莞市石排镇石排大道燕窝路段永佳丰田(石龙汽车检测站斜对面),0769-81722888,0769-22614111,dgyj_sp,
791,东莞东美凤岗分店,114.165314,22.748894,广东,东莞,东莞市凤岗镇东深二路黄洞段凤凰围延长1号,0769-38928777,0769-38997777,dgdm_fg,
792,东莞天下行企石分店,114.043446,23.048387,广东,东莞,东莞市企石镇东山村东部快递路段,0769-38808811,0769-81236633,dwtxx_qs,
793,东莞永佳大朗分店,113.971425,22.917241,广东,东莞,广东省东莞市大朗镇新马莲村富民南路46号,0769-89388777,0769-89388288,dwyj_dl,
844,东莞东部望牛墩分店,113.692535,23.080445,广东,东莞,广东省东莞市望牛墩镇镇中路新电城路段后街1号,0769-89081777,0769-89081777,dgdb_wnt,
861,东莞东城牛山分店,113.795955,23.070843,广东,东莞,东莞市东城街道莞长路立新路段23号,0769-22017777,0769-22011068 ,dgdc_ns,
137,中山中裕,113.461170,22.536686,广东,中山,中山市火炬开发区江陵西路16号中裕丰田,0760-88283388<br>0760-85596241,0760-85339999,zszy,
138,中山创世纪,113.345150,22.564788,广东,中山,中山市西区彩虹大道91号,0760-88556103<br>0760-88553808,0760-88552808|0760-88553808,zscsj,
139,中山三联,113.365417,22.499013,广东,中山,中山市南区城南一路10号,0760-23339322,0760-23331213,zssl,
140,中山小榄庆丰,113.233506,22.652520,广东,中山,中山市小榄镇菊城大道西,0760-22838001|0760-22838002,0760-22838088|0760-22838089,zsxlqf,
786,中山创世纪三乡分店,113.449430,22.376516,广东,中山,中山市三乡镇大布城桂公路东24号,0760-88667276,0760-88667278,zscsj_sx,
787,中山中裕金三角分店,113.366376,22.697411,广东,中山,中山市黄圃镇兴圃大道中171号马新物流储运有限公司A号,0760-88772138,0760-88772133,zszy_js,
531,潮州合和,116.622987,23.668258,广东,潮州,潮州市潮安县浮洋镇潮汕公路新丰路口东侧, 0768-6800222, 0768-6800000,czhh,
132,揭阳合胜,116.369156,23.571478,广东,揭阳,揭阳市东山区环市北路与仁义路交界,0663-8295333,0663-8295222,jyhs,
846,揭阳合胜普宁分店,116.246132,23.291937,广东,揭阳,普宁市占陇镇华林村广汕公路北侧（即占陇新名香商务酒店西侧）,0663-2697999,0663-2697888,jyhs_pn,
1026,揭阳合胜h台分店,116.346784,23.593613,广东,揭阳,揭阳市空港经济区h台镇（206国道旁）,0663-3906699,0663-3906698,jyhs_pt,
450,云浮中裕,112.029662,22.936016,广东,云浮,云浮市云城区城北过境公路武警大楼往罗定方向100米,0766-8938001,0766-8938000,yfzy,
838,云浮中裕罗定分店,111.627600,22.722806,广东,云浮,罗定市素龙镇中村324国道边(即罗汽加油站对面),0766-3666007|0766-3666907,0766-3665638|0766-3666565,yfzy_ld,
905,云浮中裕新兴分店,112.282407,22.876025,广东,云浮,云浮市新兴县新城镇黄岗大道东侧（六祖像往云浮方向两公里）,0766-2967008,0766-2967001,yfzy_xx,
151,南宁中达,108.330537,22.788761,广西,南宁,南宁市白沙大道24号,0771-4919911|0771-4919111,0771-4925260|0771-4925261|0771-4,nnzd,
152,南宁广缘,108.385837,22.824537,广西,南宁,南宁市厢竹大道12号,0711-5534840,0771-5531848,nngy,
352,南宁天下行,108.289975,22.874727,广西,南宁,南宁市高新大道东段9号,0771-3819299,0771-3819266,nntxh,
697,南宁长久博丰,108.264709,22.769805,广西,南宁,广西南宁市江南区南宁经济开发区那历路16号,0771-2617988,0771-2612988,nncjbf,
807,南宁中达武鸣分店,108.297532,23.138361,广西,南宁,南宁市武鸣县定罗路14号(标营社区居委会旁),0771-6212889,0771-6238822,nmzd_wm,
153,柳州航盛,109.372222,24.312774,广西,柳州,柳州市柳工大道广西汽车贸易园3号,0772-8803111,0772-8803333,lzhs,
696,柳州庆鸿,109.445982,24.302157,广西,柳州,柳州市鱼峰区燎原路23号,0772-3850009,0772-3108686,lzqh,
353,桂林中达,110.316559,25.366127,广西,桂林,桂林市灵川八里街八里九路（一号公馆、维也纳酒店旁）,0773-2637733,0773-2667888|0773-2637188 ,glzd,
695,桂林明渝,110.239958,25.264704,广西,桂林,广西省桂林市秀峰区机场路路口村东南侧,0773-3835566,0773-3825566,glmy,
699,梧州中裕,111.251247,23.477444,广西,梧州,梧州市长洲区三龙大道80号(梧州职业学院斜对面),0774-3858999,0774-3833999,wzzy,
326,北海易达,109.148488,21.497109,广西,北海,北海市上海路2号,0779-2073344,0779-2068866,bhyd,
808,北海易达合浦分店,109.209371,21.659292,广西,北海,合浦县还珠南路转廉田路168号,0779-7211716,0779-7211719,41941_hp,
555,防城港易达,108.401561,21.799259,广西,防城港,广西区防城港市防城区钦防路890号（原冲仑加油站旁）,0770-2217788,0770-2217766,fcgyd,
698,钦州中达,108.642831,21.947588,广西,钦州,钦州市扬州街(北部湾国际建材城西侧),0777-3839910,0777-3839999,qzzd,
459,贵港骏业,109.633677,23.110374,广西,贵港,贵港市金港大道东段（市交警考试场对面）,0775-4575858,0775-4585858  ,ggjy,
384,玉林骏业,110.200936,22.636714,广西,玉林,玉林市二环东路29号,0775-2689838,0775-2663838|0775-2671111,yljy,
874,百色广缘,106.666055,23.857841,广西,百色,百色市右江区大旺路1-5号,0776-2800190,0776-2800162,bsgy,
700,贺州中南,111.561568,24.419124,广西,贺州,贺州市八步区江北东路中南丰田,0774-5203339,0774-5203338,hzzn,
439,南宁中达河池分店,108.097267,24.694522,广西,河池,河池市民族经济开发区城东路80号,0778-2304990,0778-2306633,nnzd_hc,
454,南宁广缘崇左分店,107.350708,22.411458,广西,崇左,崇左市江州区城西里107号一楼,0771-7965513,0771-7965515,nngy_cz,
154,海口日之星,110.295133,20.001442,海南,海口,海口市南海大道西10号(凤凰花城南门对面),0898-68683388|0898-68683399,0898-68683667|0898-68683668,hkrzx,
155,海口中升,110.324684,20.001818,海南,海口,海口市南海大道67号,0898-66801199|0898-66801160,0898-66801155|0898-66801166,hkjh,
529,海口展通,110.424474,19.992982,海南,海口,海口市美兰区琼山大道259号（波上西村）,0898-65725881,0898-65911777|0898-65726005,hkzt,
156,三亚丰正华,109.584734,18.285722,海南,三亚,三亚市迎宾路498号(田独镇新政府对面),0898-38211678,0898-38211666|0898-38211699,syfzh,
811,三亚丰正华东方分店,108.690116,19.099963,海南,三亚,东方市海榆西线西侧东方海湾涛N国际45-48商铺,0898-31188755,0898-31188766,syfz_df,
921,三亚丰正华万宁分店,110.404352,18.805635,海南,三亚,万宁市万城镇环市一路宝安椰林湾1-1栋,0898-62266102,0898-62266100,syfzh_wn,
922,三亚丰正华儋州分店,109.569345,19.534190,海南,三亚,儋州市那大园地西路(火车站站前广场),0898-23831112|0898-23831113,0898-23831118|0898-23831119,syfzh_dz,
986,三亚丰正华崖城分店,109.173880,18.374607,海南,三亚,三亚市崖州区崖州大道物流就业市场商铺1-10号,0898--88837480,0898--88834187,syfz_yc,
441,海口日之星琼海分店,110.464413,19.265456,海南,琼海,琼海市银海路(大印经典花园对面),0898-62931723,0898-62931512,hkrzx_qh,
701,文昌日之星,110.755264,19.613079,海南,文昌,海南省文昌市文昌大道（南阳路口旁）,0898-63261099,0898-63265288,wcrzx,
859,海口日之星屯昌分店,110.112781,19.375381,海南,屯昌,海南省屯昌县屯城镇环东一路西侧培正驾校隔壁,0898-67818263,0898-67818263,hkrzx_tc,
67,重庆渝都,106.498306,29.530374,重庆,重庆,重庆市高新区科园四路300号(会展中心对面),023-68630018,023-68632684|023-68630060转8068,cqyd,
68,重庆龙华人和,106.532614,29.619233,重庆,重庆,重庆市北部新区人和立交支路3号,023-67538277,023-67538177,cqrh,
69,重庆百事达,106.566275,29.591117,重庆,重庆,重庆市江北区五里店五红路6号(黄花园大桥北桥头),023-86819888,023-86819777,cqbsd,
70,重庆万家,106.568039,29.468985,重庆,重庆,重庆市巴南区渝南大道66号渝南汽车超市旁,023-86992666,023-86992555|023-86992777,cqwj,
360,重庆中汽西南华通,106.582557,29.649985,重庆,重庆,重庆北部新区金渝大道99号附26号,023-67398866,023-67883600|023-67398100,cqht,
401,重庆百事达黔江分店,108.809398,29.492121,重庆,重庆,重庆市黔江区正阳机动车交易中心,023-85086216,023-85081116,cqbsd_qj,
715,重庆百事达华丰,108.444599,30.778747,重庆,重庆,重庆万州江南新区联合坝机场路592号,023-87663555,023-87663666,cqbsdhf,
716,重庆两江,106.561459,29.514906,重庆,重庆,重庆市南岸区双龙路7号（麦德龙向南500米）,023-62880889,023-62880886,cqlj,
832,重庆百事达永川分店,105.919950,29.367032,重庆,重庆,重庆市永川区昌州大道中段23号,49810000,49803888 ,cqbsd_yc,
53,成都安利捷,104.050591,30.606540,四川,成都,成都市高新区火车南站西路881号（三环路蓝天立交辅道内侧或机场路入城方向辅道右侧）,028-85179999,028-85134778,cdalj,
54,成都中达,104.003928,30.678945,四川,成都,成都苏坡西路33号(三环苏坡立交桥头),028-87338888转1005|028-87338888转1006,028-81700303,cdzd,
55,四川中升汽车,104.121981,30.759866,四川,成都,成都市金牛区天回镇蓉都大道天回路869号(天回二库旁),028-83576666,028-83571111,cdzdc,
56,成都三和,104.007400,30.711565,四川,成都,成都市金牛区蜀西路23号(三环路羊犀立交出城方向左侧500米),028-87591199,028-87591188,cdsh,
57,成都锦泰,104.152075,30.622357,四川,成都,东三环路五段航天立交桥外侧（火车东站附近）,028-84637710,028-84635050,cdjt,
58,成都启阳华通,104.072961,30.532367,四川,成都,成都华阳华府大道二段854号,028-62808899<br>028-62808898,028-62808866|028-62808867,cdqyht,
350,成都中升,103.956646,30.604761,四川,成都,成都市双流区航都大街一段99号（双流时代・奥特莱斯向南300米）,028-85834666,028-85831111|028-85835555,cdzs,
977,温江中达,103.859279,30.667967,四川,成都,四川省成都市温江区浩旺路21号,028-82600911,028-82650660,wjzd,
1035,都江堰东创,103.675848,31.032043,四川,成都,四川省成都市都江堰市四川都江堰经济开发区拉法基大道3号,028-87287824,028-87287924,djydc,
1038,崇州鑫嘉庆丰田4S店,103.688433,30.654595,四川,成都,崇州市崇阳街道金盆地大道275号,028-82276111,028-82200888,czxj,
706,自贡南环,104.720988,29.334861,四川,自贡,四川省自贡市贡井区南环路21号,0813-5961111,0813-5882222,zgnh,
965,攀枝花正和 <em style='color:red;font-style:normal;'>【暂停服务】</em>,101.774224,26.587155,四川,攀枝花,攀枝花市金沙江大道东段小沙坝,0812-6860000,0812-6869999,pzhzh,
533,泸州通源,105.432811,28.849959,四川,泸州,四川省泸州市江阳区蓝田轻工业园区川南汽车公园,0830-2620555,0830-2629000,lzty,
59,绵阳高新区,104.659130,31.467266,四川,绵阳,绵阳市飞云大道中段216号,0816-2562555,0816-2563399|0816-2562222,mygxq,
983,绵阳联合,104.777674,31.423306,四川,绵阳,绵阳市经开区贾家店街119号（同立汽车城旁）,0816-2250899,0816-2250988,mylz,
704,广元富远,105.884114,32.149964,四川,广元,广元市元坝区食品工业园内,0839-8737777,0839-8737666,gyfy,
423,乐山安利捷,103.661714,29.591193,四川,乐山,乐山市市中区苏稽镇乐峨西路799号(乌木博物苑对面),0833-2567202,0833-2567979,lsalj,
424,南充通源,106.177397,30.774774,四川,南充,东顺路航空港国际汽车城(一汽丰田),0817-3300555,0817-3511999,ncty,
707,眉山弘吉,103.822254,30.071582,四川,眉山,眉山市铁环路567号,028-38176929,028-38057777,msqf,
703,宜宾广汇,104.671633,28.799261,四川,宜宾,宜宾市临港经济技术开发区飞云路北段72号,0831-3583366,0831-2394666,ybgh,
702,达州启阳,107.509812,31.176265,四川,达州,达州市达县杨柳工业配套园区,0818-2222166<br>0818-2117988,0818-2222166|0818-2117008,dzqy,
593,巴中金华泰,106.858300,31.850303,四川,巴中,四川省巴中市兴文经济开发区金华泰汽车产业园,5588888,5588888,bzjht,
894,西昌康宁,102.203073,27.960118,四川,凉山,西昌市机场路安宁段琦洋汽车城,0834-3666666,0834-2336666,xckn,
75,贵阳通源,106.735870,26.618175,贵州,贵阳,贵阳市云岩区新添大道南段485号,0851-88530832,0851-86770689,gyty,
708,贵州贵广,106.752984,26.409186,贵州,贵阳,贵州省贵阳市花溪区孟关汽车城车管所下行80米,0851-83960070,0851-83872441,gzgg,
827,贵阳通源清镇分店,106.494734,26.559756,贵州,贵阳,贵州省贵阳市清镇市东门桥1号通源一汽丰田店,0851-82527118,0851-82527117,gyty_qz,
364,六盘水通源,104.821007,26.608650,贵州,六盘水,六盘水市中钟山西路白鹤高架桥北侧康达汽车城,0858-8323377,0858-8325577,lpsty,
76,遵义通源,106.956646,27.721813,贵州,遵义,遵义市汇川区长沙路汽车城东段,0852-8950000,手机：18212138695|0852-8955888|0852-8627222|,zyty,
1029,遵义通源仁怀分店,106.406754,27.792662,贵州,遵义,贵州省遵义市仁怀市国酒大道四转盘新景城市花园5号楼,,,zyty_rh,
1047,遵义众悦丰田,107.048734,27.716755,贵州,遵义,贵州省遵义市新蒲新区遵义职业技术学院,0851-28776121,0851-28795000,zyzy,
709,安顺恒信,106.009921,26.281661,贵州,安顺,贵州省安顺市西秀区西秀产业园两六路恒信汽车城一汽丰田店,0851-33230707,0851-33230606,ashx,
828,遵义通源毕节分店,105.286023,27.289468,贵州,毕节,毕节市洪南路瑞丰新城10号楼一层,0857-8709000,0857-8687000,zyty_bj,
928,贵阳通源兴义分店,104.883058,25.095993,贵州,黔西南,兴义市青龙路(坪东小学旁),0859-3813488,0859-3811777,gyty_xy,
906,凯里通源,107.863021,26.523101,贵州,黔东南,贵州省黔东南苗族侗族自治州凯里经济开发区经纬汽车城会展中心负二层,0855-8623555,0855-8623888,klty,
468,贵阳通源都匀分店,107.523058,26.310077,贵州,黔南,都匀市斗篷山路269号黔南汽车商贸城负一层,0854-8194666转802,0854-8194666转801,gyty_dy,
77,昆明中升,102.759853,25.075060,云南,昆明,昆明市白龙路516号（世博园正前门500米）,0871-65012888-36/32、33、34|0871-65015096,0871―65014885 |0871―65012185,kmzs,
78,云南中升迎宾,102.686667,25.056552,云南,昆明,昆明市西园北路139号,0871-66352047,0871-66352038,kmkc,
79,昆明联亚,102.672394,25.080539,云南,昆明,昆明市高新技术开发区小屯汽车城,0871-68310111,0871-68325555,kmly,
710,昆明庞大丰雅,102.631202,25.000854,云南,昆明,昆明市西山区碧鸡路第二园博园1号（高海高速入口处）,0871-68528999,0871-68529666,kmpdfy,
80,曲靖中升,103.810911,25.473457,云南,曲靖,曲靖市南片区中心商务区子午路东侧,0874-3212221,0874-3214885,qjzs,
711,曲靖宝捷,103.743332,25.519770,云南,曲靖,曲靖市开发区西城工业园区翠和路与三元路交汇处,0874-3222933,0874-3222033,qjbj,
498,玉溪中升,102.551022,24.387847,云南,玉溪,玉溪市红塔区李棋镇太极路中段,0877-2667299|0877-2667288,0877-2787777|0877-2088989,yxkc,
713,保山联亚,99.187014,25.110733,云南,保山,保山市隆阳区龙泉路与兰惠南路交叉口（保山交通驾校旁）,0875-2201111,0875-2212222,bsly,
945,昭通恒达,103.607277,27.427583,云南,昭通,云南省昭通市昭阳区火车站方向石渣河社区箐门路左转300米,0870-215 7999,0870-213 7777,zthd,
885,昆明联亚丽江分店,100.262560,26.821264,云南,丽江,丽江市玉龙县南口路中段,0888-8899777,0888-8899111,kmly_lj,
507,昆明中升临沧分店,100.107843,23.879194,云南,临沧,临沧市圈掌街延长线东片开发区盈鹏汽车城内,0883-2155821|0883-2155861,0883-2155550,kmzs_lc,
712,楚雄联亚,101.577156,25.061204,云南,楚雄,楚雄程家坝滇中汽车城七号展厅（物流酒店后）,0878-3245777,0878-3243999|0878-3365231,cxly,
338,红河中升,103.358459,23.381183,云南,红河,红河州蒙自县红河大道工业园区内,0873-3942355<br>0873-3942351,0873-3657777|0873-3942356,hhzs,
535,文山中升,104.287120,23.359801,云南,文山,文山市开化南路文砚公路旁,0876-2614999,0876-2614666,wszs,
365,大理中升,100.272145,25.601343,云南,大理,大理经济开发区巍山路(泛亚汽车城),0872-2325389,0872-2315168,yndlzs,
714,昆明联亚德宏分店,98.587964,24.451970,云南,德宏,德宏州芒市环城南路（志成茶厂侧面往前200米),15706921919,15706921113,kmly_dh,
942,德宏骏捷,98.609777,24.449763,云南,德宏,云南省德宏州芒市环城东路（州看守所旁）,4008721217,4008721217,dhjj,
60,拉萨新动力,91.048390,29.650342,西藏,拉萨,拉萨市金珠西路151号,0891-6867999,0891-6860999,lsxdl,
705,西藏泰立,88.869357,29.253032,西藏,日喀则,西藏日喀则市桑珠孜区朗热路一汽丰田店, 0892-8663456,0892-8662000,xztl,
61,西安华通,108.900611,34.221884,陕西,西安,西安市高新区高新路84号,029-88325112,029-88328006|029-88328007,xaht,
62,西安航天龙腾,108.943441,34.329093,陕西,西安,西安市经济技术开发区文景北路20号,029-86512500,029-86517333|029-86512497,xahtlt,
63,西安新铭洋,108.868876,34.188762,陕西,西安,西安高新技术开发区锦业二路67号,029-68901111,029-68901111,xaxmy,
721,陕西航天盛世,108.970013,34.165945,陕西,西安,西安市航天基地航天中路309号(航天管委会西100米),029-85673636,029-84168888,htss,
938,西安盛成汇和,108.831671,34.272006,陕西,西安,西安市未央区天台路22号（大秦温泉养生苑斜对面）,029-89302211  89302200,029-89309666  89101555,xasch,
967,西安道恩,109.003040,34.345368,陕西,西安,陕西省西安市哄鄙态区北辰大道以东，欧亚三路以南,029-61810099,029-61810088,xade,
530,宝鸡威龙,107.365780,34.355545,陕西,宝鸡,宝鸡市陈仓区南环路(会展中心东200米路南),0917-3966666,0917-6261888|0917-3688888|0917-6,bjwl,
1028,宝鸡威龙高新分店,107.303791,34.343584,陕西,宝鸡,宝鸡市高新区高新十二路12号,,0917-6268010,bjwl_gx,
562,渭南白云,109.441256,34.507410,陕西,渭南,渭南市高新区东风大街西段51号(嘉豪汽车城内),0913-2062999,0913-2098666,wnby,
536,延安航天龙腾,109.468964,36.505587,陕西,延安,延安市南二十里铺金地葵花汽车城（上海大众南侧）,0911-8875899,0911-8875888,yahtlt,
720,汉中恒信,107.009781,33.130150,陕西,汉中,汉中市鑫源开发区崔家沟转盘西1000米,0916-2318999,0916-2310008|0916-2310009 ,hzhx,
351,榆林高新,109.752493,38.223687,陕西,榆林,榆林市经济开发区开源大道能源路(西部三辰西南侧),0912-3516592,0912-3516789,ylgx,
722,榆林新铭洋,110.442183,38.873023,陕西,榆林,榆林市神木县第二新村汽车城（四中路向上3公里）,0912-7160333,0912-7160222,ylxmy,
933,榆林高新府谷分店,111.032318,39.072960,陕西,榆林,陕西省榆林市府谷县华龙桥黄河大厦向西100米,0912-8752345,0912-8759555 &lt;15332587770&gt;,ylgx_fg,
934,榆林高新靖边分店,108.832497,37.620635,陕西,榆林,陕西省榆林市靖边县北郊张家畔镇双家湾汽车城,0912-4624116,0912-4624118 ,ylgx_jb,
962,榆林高新定边分店,107.599049,37.616296,陕西,榆林,陕西省榆林市定边县长城北街恒兴源汽车城,0912-4595007,0912-4595003,ylgx_db,
448,安康华通,108.997531,32.721279,陕西,安康,安康市江北工业园区钻石东路安康华通丰田,0915-3838999,0915-3838666|,xaht_ak,
64,兰州赛驰,103.838171,36.107130,甘肃,兰州,兰州市城关区左家湾588号永新化工园区,0931-8362335,0931-8366966,lzsc,
520,兰州航天龙腾,103.643962,36.143533,甘肃,兰州,兰州市安宁区北滨河西路88号(安宁区沙井驿新纪元汽车城),0931-7708333,0931-7706777|0931-7706330,lzhtlt,
717,白银海天高新,104.127734,36.521697,甘肃,白银,白银市银西工业园温州路1号（新海天汽车城北门）,0943-8511222,0943-8611222,byhtgx,
587,天水天合华通,105.881007,34.558194,甘肃,天水,甘肃省天水市麦积区羲皇大道飞机场东800米赛通汽车城,0938―2899399|0938-2110999,0938―2899266|0938-2988288,thht,
429,武威金色,102.644566,37.950687,甘肃,武威,武威市凉州区金色大道金沙物流园北侧50米,0935-2316333|0935-2318772|0935-2,0935-2316111|0935-2316222  ,lzsc_ww,
723,张掖高新,100.404402,38.943276,甘肃,张掖,甘肃省张掖市甘州区滨河新区绿洲物流园区发展大道,0936-8514999,0936-8228777,zygx,
718,平凉恒信,106.768632,35.518486,甘肃,平凉,甘肃省平凉市工业园区东一路三号,0933－8699222,0933－8699111,plhx,
397,酒泉赛驰,98.433576,39.764837,甘肃,酒泉,酒泉市肃州区西郊工业园区经八路口酒泉赛驰丰田公司,0937-2800019,0937-2800018,lzsc_jq,
600,庆阳大昌,107.624303,35.770968,甘肃,庆阳,庆阳市西峰区彭原乡鄢旗坳村陇东汽车城西南角,0934-6647666,0934-6647888,qydc,
719,定西恒信,104.644606,35.551610,甘肃,定西,甘肃省定西市安定区南川开发区定西恒信丰田4S店,0932-8321999,0932-8315888,dxhx,
65,西宁康南,101.818801,36.596512,青海,西宁,西宁市城东区康南路6号,0971-8805176,0971-8805989,xnkn,
728,西宁航天龙腾,101.676012,36.538414,青海,西宁,西宁市城南新区同安路143号(南川工业园区清河村西九公路旁),0971-2212912,0971-2225666  0971-2213223|0971-2225999,xnhtlt,
552,西宁康南格尔木分店,94.895784,36.405256,青海,海西,青海省格尔木市八一西路盐桥路派出所向西300米,0979-8462193.18109796693,0979-8462192.18109793996,xnkn_gem,
66,银川上陵,106.312245,38.492133,宁夏,银川,银川市兴庆区丽景北街730号,0951-6734222,0951-6724777,ycsl,
729,银川安利捷,106.323100,38.551290,宁夏,银川,银川德胜工业园区虹桥路东侧,0951-8940777,0951-8077111,ycalj,
730,宁夏吴忠上陵,106.224555,38.011664,宁夏,吴忠,宁夏吴忠市利通区世纪大道以北国际汽车城,0953-2032555,0953-2030666,nxwzsl,
71,乌鲁木齐华通,87.597139,43.866191,新疆,乌鲁木齐,乌鲁木齐市苏州东街195号,0991-6668988,0991-6698600|0991-6668989,wlmqht,
72,乌鲁木齐天汇博望,87.632980,43.952182,新疆,乌鲁木齐,乌鲁木齐米东区永顺街1526号(天汇汽车),0991-6865999<br>0991-6889661,0991-6865888|0991-6865666,wlmqthbw,
724,乌鲁木齐航天龙腾,87.387886,43.899173,新疆,乌鲁木齐,"乌鲁木齐市头屯河区屯河公路2345号天恒基汽车城A区11-7,11-8号(八钢路与乌奎高速交叉口西南",0991-3182626  |0991-3182628,0991-3182666|18997965085,wlmqhtlt,
854,乌鲁木齐天汇博望大湾分店,87.648238,43.773311,新疆,乌鲁木齐,新疆乌鲁木齐市天山区大湾北路888号1栋1层商铺1,0991-2223069,0991-2223069,wlmqthbw_dw,
74,克拉玛依华通,84.903868,45.564348,新疆,克拉玛依,克拉玛依市西环路四号,0990-6247109,0990-6666616|0990-6666618,klmyht,
446,哈密市华通,93.506845,42.904040,新疆,哈密,哈密市北出口广东工业园区天汇汽车城,0902-2393327,0902-2506222 |0902-2393868,wlmqht_hm,
725,昌吉庞大丰雅,87.285061,44.024933,新疆,昌吉,昌吉市乌伊西路客运站对面一汽丰田4S店,0994-2323002,0994-2701888,cjpdfy,
73,巴州华通,86.179512,41.736833,新疆,巴音郭楞蒙古,库尔勒市迎宾路,0996-2116013|0996-2116023,0996-2110668|0996-2116007,bzht,
726,阿克苏华通,80.256954,41.240930,新疆,阿克苏,新疆阿克苏市温宿县阿温大道大欣国际汽车城3区9号,0997-4010999,0997-4010888,aksht,
727,喀什华通,75.916674,39.434299,新疆,喀什,新疆喀什地区疏附县商贸城五羊大道3号,0998-3161609,0998-3161666,ksht,
1042,和田天汇,79.915814,37.153350,新疆,和田,和田市玫瑰大道52号广汇汽车城内,,,htth,
602,伊犁东驰,81.288568,43.952916,新疆,伊犁,新疆伊宁市开发区上海路维鑫公司院内,0999-8888618,0999-8888338,yldc,
