id,name,telphone,address,city-region,city,province-region,province,place
638,北京雅胜天成汽车销售有限责任公司,010-83825858,北京市丰台区小屯双林东路,110000,北京市,2,北京,"39.87877,116.2639"
693,北京广大行汽车服务有限责任公司,010-67672288,北京市朝阳区南四环东路49号,110000,北京市,2,北京,"39.840672392,116.4691371125"
786,北京汉青鸿宇商贸有限公司,010-57033993,北京市房山区城关街道顾八路一区2号,110000,北京市,2,北京,"39.71244133,116.0218965"
871,北京金佳景汽车销售有限公司,010-88452266,北京市海淀区闵庄路16号,110000,北京市,2,北京,"39.9787191,116.261923"
872,北京津丰华北汽车贸易有限公司,010-68817935,北京市石景山区古城西路63号 北京国际汽车贸易服务园区D厅,110000,北京市,2,北京,"39.921634,116.189807"
873,北京勤华瑞达汽车销售服务有限公司,010-85576735/85576738,北京市朝阳区姚家园路甲1号(东方基业汽车城内18号店),110000,北京市,2,北京,"39.946093,116.531685"
903,北京中德汽车销售有限公司,010-84918118-1,北京市朝阳区来广营西路26号,110000,北京市,2,北京,"40.027594,116.454019"
914,北京中企欣源汽车销售服务有限公司,010-63513466,北京市丰台区南三环西路43号,110000,北京市,2,北京,"39.857898,116.359856"
1145,北京鑫达汇城汽车销售服务有限公司,010-89098886,北京市密云县十里堡彩虹门北侧,110000,北京市,2,北京,"40.36287,116.803852"
1180,北京金进通汽车销售服务有限公司,010-80863599,北京市通州区永顺镇乔庄村351号,110000,北京市,2,北京,"39.894321,116.710341"
656,上海马轩汽车销售服务有限公司,021-62555559,上海市闵行区纪鹤路488号（近联友路）,310000,上海市,24,上海,"31.249854,121.263656"
762,上海红申汽车销售服务有限公司,021-50893033/ 021-50891007,上海市浦东新区航津路186号,310000,上海市,24,上海,"31.336767,121.584872"
764,上海申悦汽车销售服务有限公司,021-58586655,上海市浦东新区川沙路3295号,310000,上海市,24,上海,"31.228372,121.695871"
837,上海绅亚汽车销售服务有限公司,021-54338428,中春路（沪青平路）9998号,310000,上海市,24,上海,"31.173205,121.336101"
897,上海起亚交运汽车销售服务有限公司,021-54095588,上海市龙吴路908号,310000,上海市,24,上海,"31.157558,121.457528"
935,上海绅协绅起汽车销售服务有限公司,021-62502188,上海市普陀区真南路2165号,310000,上海市,24,上海,"31.2881199,121.371668"
936,上海东悦汽车销售服务有限公司,021-66985700,上海市宝山区江杨南路1008号,310000,上海市,24,上海,"31.331697,121.47345"
945,上海红悦汽车销售服务有限公司,021-68041177,上海市沪南路4789弄3幢304－311号(上海车市内),310000,上海市,24,上海,"31.075195,121.595912"
1019,上海明锐汽车销售服务有限公司,021-67222189,上海市金山区金山大道4298弄38号,310000,上海市,24,上海,"30.735695,121.304935"
1083,上海宝通赢汽车销售服务有限公司,021-33709280,上海市宝山区月罗路1563号,310000,上海市,24,上海,"31.422976,121.381436"
1107,上海弘宇汽车销售服务有限公司,021-37572000,上海市奉贤区南桥镇环城西路1488号,310000,上海市,24,上海,"30.9622564,121.449532"
1181,上海红诚汽车销售服务有限公司,021-31272200,上海市嘉定区江桥镇翔江公路1699号,310000,上海市,24,上海,"31.042486,121.732281"
761,天津市宇东达亚汽车贸易有限公司,022-68623000,天津市静海开发区金海道2号,120000,天津市,25,天津,"38.953779,117.006186"
796,天津利源祥汽车销售有限公司,022-82843333,天津蓟县中昌南路翠屏山路口西,120000,天津市,25,天津,"40.002885,117.424847"
831,奥嘉起亚（天津）商贸有限公司,022-27909111 022-27909333,天津市西青区中北镇卉康路5号（天津汽车城）,120000,天津市,25,天津,"39.122091,117.095214"
874,天津银诺威臣汽车销售服务有限公司,022-26725959,天津市北辰区新宜白大道南,120000,天津市,25,天津,"39.214834,117.222554"
1126,天津怡路天成汽车部件有限公司,022-23962666-8101,天津市西青区大寺开发区高新技术产业园储源道16号,120000,天津市,25,天津,"38.999646,117.279168"
667,重庆市国亚汽车销售有限公司,023-47589555,重庆市江津区德感街道德感工业园区B-08,500000,重庆市,31,重庆,"29.269396,106.238565"
699,重庆华威腾亚汽车销售服务有限公司,023--67605515,重庆市江北区南桥寺盘溪路304号,500000,重庆市,31,重庆,"29.596258,106.490298"
731,重庆辰宇鑫亚汽车销售有限公司,023-44599999,重庆市潼南县创业大道99号,500000,重庆市,31,重庆,"30.15498,105.825458"
777,重庆协信宏亚汽车销售服务有限公司,023-62417777,重庆市巴南区渝南大道20号（龙洲大道西部国际汽车城5号楼旁）,500000,重庆市,31,重庆,"29.481175,106.565263"
810,重庆康安起悦汽车销售有限公司,023-87169888,重庆市永川区昌州大道中段629号,500000,重庆市,31,重庆,"29.367162,105.90754"
834,重庆渝亚汽车销售服务有限公司,023-88109888,重庆市九龙坡区石新路176号,500000,重庆市,31,重庆,"29.527694,106.461559"
888,重庆市现代高新汽车服务有限公司,023-86300808,重庆市经济技术开发区白鹤路100号,500000,重庆市,31,重庆,"29.520899,106.562401"
889,重庆中汽西南韩亚汽车有限公司,023-89112828,重庆市北部新区金渝大道99号附6号,500000,重庆市,31,重庆,"29.646554,106.578122"
1022,重庆商社启迪汽车销售服务有限公司,023-86888333,重庆市北部新区华园路一巷1号2幢第1层至第2层,500000,重庆市,31,重庆,"29.6096268,106.566807"
1032,重庆商社起航汽车销售服务有限公司,023-58666699,重庆市万州区万全小区A-9区沙龙路三段,500000,重庆市,31,重庆,"30.768489,108.394475"
1082,重庆互邦互恒汽车销售服务有限公司,023-72209777,重庆市涪陵区鹅颈关10号,500000,重庆市,31,重庆,"29.7158947,107.367942"
1239,重庆正腾起悦汽车销售服务有限公司,023-85138666,重庆市合川区北部汽车园,500000,重庆市,31,重庆,"29.9451220000,106.2873570000"
1243,秀山县华盛汽车销售服务有限公司,023-87985777,重庆市秀山县中和街道花灯大道武陵汽博中心,500000,重庆市,31,重庆,"28.4648470000,109.0266930000"
765,河北天巧汽车贸易有限公司,0311-67260599,石家庄市北二环与建华大街交口国际汽车贸易园北门南行1000米路西,130100,石家庄市,130000,河北省,"38.076532,114.55582"
877,石家庄润丰汽车贸易有限公司,0311-87711118,石家庄市北二环西路328号（北二环与西三庄大街交叉口路南）,130100,石家庄市,130000,河北省,"38.0916013,114.456649"
878,河北合众汽车贸易有限公司,0311-85071222,河北省石家庄市裕华区南二环与富强大街交叉口西行50米路北,130100,石家庄市,130000,河北省,"38.007879,114.528547"
815,唐山悦众汽车销售服务有限公司,0315-5116661,唐山市西外环机场路立交桥北侧荣川汽车园区,130200,唐山市,130000,河北省,"39.677113,118.112742"
875,唐山冀东东风悦达起亚汽车销售服务有限公司,0315-2863878,唐山市路南区复兴路与吉祥路交叉口南行500米,130200,唐山市,130000,河北省,"39.600686,118.204008"
1036,唐山庞大龙华庆汽车销售服务有限公司,0315-5253777,唐山市开平新城道口南行200米路东,130200,唐山市,130000,河北省,"39.661937,118.268322"
1142,迁安庞大华泓汽车销售有限公司,0315-5351555,迁安市迁安镇丰安大路2106号,130200,唐山市,130000,河北省,"39.984634,118.741281"
803,秦皇岛凯通汽车销售有限公司,0335-8881111,河北省秦皇岛市经济开发区秦皇西大街293号,130300,秦皇岛市,130000,河北省,"39.92387,119.493006"
948,秦皇岛新秦东风悦达起亚汽车销售服务有限公司,0335-5307777,河北省秦皇岛市经济技术开发区峨眉山路以西新管委西对面,130300,秦皇岛市,130000,河北省,"39.945871,119.535647"
600,邯郸市宇泰汽车贸易有限公司,0310-5625187,邯郸市邯山区东环路与邯大路交叉口西行100米路北,130400,邯郸市,130000,河北省,"36.561254,114.533792"
879,邯郸市华达汽车销售服务有限公司,0310-5760558,邯郸市渚河路西头4号路北,130400,邯郸市,130000,河北省,"36.594653,114.479517"
1028,邯郸市华旗汽车销售服务有限公司,0310-5708181,河北省邯郸市丛台区北环路与中华大街交叉口东行500米路南,130400,邯郸市,130000,河北省,"36.66082,114.511009"
944,邢台市华悦汽车贸易有限公司,0319-3227111/ 0319-3227222,邢台市迎宾路世纪名都西侧,130500,邢台市,130000,河北省,"37.111354,114.538022"
640,保定致悦汽车销售服务有限公司,0312-5891111,保定市东三环与东风路交叉口南行800米路东,130600,保定市,130000,河北省,"38.861016,115.567762"
642,高碑店市起悦汽车贸易有限公司,0312-6557111,河北省高碑店市112线老看守所东行150米路南,130600,保定市,130000,河北省,"39.344164,115.896057"
763,定州市双悦汽车贸易有限公司,0312-2100555,河北省定州市定曲路保定工业学校路西500米路北,130600,保定市,130000,河北省,"38.556072,114.928287"
876,保定市广龙东风悦达起亚汽车贸易服务有限公司,0312-7916770/771/5903116,保定市朝阳北大街1288号,130600,保定市,130000,河北省,"38.909549,115.474075"
990,保定庞大龙华庆汽车销售服务有限公司,0312-8015533,保定市朝阳路最南端清苑庞大汽车城,130600,保定市,130000,河北省,"38.757269,115.495408"
1164,涿州市辉致汽车销售服务有限公司,0312-3766888,涿州市桃园办事处半壁店村西南（西邻107国道）,130600,保定市,130000,河北省,"39.454726,115.970109"
671,张家口天行汽车贸易有限公司,0313-5036288,河北省张家口市张宣公路沙岭子大市场南1公里东侧,130700,张家口市,130000,河北省,"40.678797,114.940702"
952,张家口市鹏程汽车贸易有限责任公司,0313-4566988,河北省张家口市高新区玉宝墩北100米,130700,张家口市,130000,河北省,"40.761194,114.916373"
1043,承德庞大龙华庆汽车销售服务有限公司,0314-5921555,承德市大石庙镇太平庄村二化厂东南侧,130800,承德市,130000,河北省,"40.89549209,117.9930579"
660,黄骅市骅腾汽车销售服务有限公司,0317-8880969/,河北省黄骅市城西老307国道北侧南王曼村南,130900,沧州市,130000,河北省,"38.361286,117.29252"
1044,沧州庞大龙华庆汽车销售服务有限公司,0317-3086666,河北省沧州市开发区石港路30号,130900,沧州市,130000,河北省,"38.294887,116.935886"
686,廊坊博鼎汽车销售有限公司,0316-5550777,河北省廊坊市广阳区廊万路189号(长征驾校西200米),131000,廊坊市,130000,河北省,"39.551866,116.657106"
911,廊坊市悦众信达汽车销售有限公司,0316-2399077,廊坊市东环路19号,131000,廊坊市,130000,河北省,"39.509667,116.745438"
827,衡水龙杰汽车销售服务有限公司,0318-7602888,桃城区北外环路武警教导队对面,131100,衡水市,130000,河北省,"37.775588,115.717846"
993,山西福瑞沃汽车销售服务有限公司,0351-6329300,太原市长风西大街18号长风汽贸城西区,140100,太原市,140000,山西省,"37.824898,112.530544"
1021,山西大昌N亚汽车销售服务有限公司,0351-7998686,太原市平阳南路88号（大昌立体4S店二层）,140100,太原市,140000,山西省,"37.789979,112.557744"
1162,山西唐悦汽车销售有限公司,0351―5271000,太原市新晋祠路36号汇豪新能源汽车城（市交警支队北200米路西）,140100,太原市,140000,山西省,"37.831435,112.534958"
767,大同市迪捷汽车销售服务有限公司,0352-5038888,山西省大同市南郊区南环路西延段庞大汽车文化园林广场20号,140200,大同市,140000,山西省,"40.04752,113.26081"
882,大同市胜翔汽车销售服务有限公司,0352-7919618,大同市开发区汽车城十字路口西北角,140200,大同市,140000,山西省,"40.072271,113.410163"
1048,阳泉戴美克汽车贸易有限公司,0353-2160866,山西省阳泉市郊区李荫路黄砂岩段东风悦达起亚4S店,140300,阳泉市,140000,山西省,"37.917242,113.579074"
805,长治市飞路臣信汽车销售服务有限公司,0355-6082221 ,山西省长治市西二环2号（北寨十字路口300米）,140400,长治市,140000,山西省,"36.217579,113.080318"
918,长治市港友汽贸服务有限公司,0355-2207555,山西省长治市英雄北路206号,140400,长治市,140000,山西省,"36.225002,113.132606"
675,晋城市唐悦汽贸有限公司,0356-8886299,山西省晋城市城区泽州北路4848号（公交公司对面）,140500,晋城市,140000,山西省,"35.525484,112.859629"
967,晋城市瑞昌汽车销售有限公司,0356-2051501,晋城市中原街661号,140500,晋城市,140000,山西省,"35.482678,112.869781"
1090,朔州市宏昌汽贸有限公司,0349-8858000,山西省朔州市开发区海天海酒店东500米路南,140600,朔州市,140000,山西省,"35.482805,112.86993"
1233,晋中悦驰汽车销售服务有限公司,0354-3956811,山西省晋中开发区汇通路秋村段省交通学院对面,140700,晋中市,140000,山西省,"37.757784,112.671959"
771,河津市瑞远汽车销售有限公司,0359-5066999,运城市机场大道中段诺维兰汽车公园内,140800,运城市,140000,山西省,"35.071693,111.033203"
910,运城市万通车城汽车销售有限公司,0359-5796222,山西省运城市盐湖工业园区大运高速路口对面,140800,运城市,140000,山西省,"35.096449,110.968084"
1237,山西诺维兰集团运城瑞悦汽车销售有限公司,0359-2582666,运城市机场大道中段诺维兰汽车公园内,140800,运城市,140000,山西省,"35.0716930000,111.0332030000"
661,忻州市碧玉泉新华夏汽车连锁销售有限公司,0350-3612666,山西省忻州市开发区国家电网东500米管委会斜对面,140900,忻州市,140000,山西省,"38.471873,112.734795"
828,临汾亚悦汽车销售服务有限公司,0357-5787333 ,临汾市霍侯一级路屯里村口,141000,临汾市,140000,山西省,"36.131609,111.538386"
902,临汾市诺维兰汽车销售服务有限公司,0357-2596668,临汾市尧都区尧庙村南(临汾艺校对面),141000,临汾市,140000,山西省,"36.048127,111.498146"
1225,侯马市恒辛汽车销售有限公司,0357-4029777,山西省临汾市侯马新田东路亚欧桥市场A2栋,141000,临汾市,140000,山西省,"35.634738,111.433072"
1158,吕梁厚生汽车销售服务有限公司,0358-8351133,山西省吕梁市离石区交口镇聚富汽贸园,141100,吕梁市,140000,山西省,"37.505613,111.099133"
648,内蒙古广汇汇通汽车销售有限公司,0471-8906622,呼和浩特市金川开发区汇金道2号亿阳汽车城院内,150100,呼和浩特市,150000,内蒙古自治区,"40.804535,111.562649"
880,内蒙古东风悦达起亚汽车销售有限责任公司,0471-2217999,内蒙古呼和浩特市新城区成吉思汗大街东段3号,150100,呼和浩特市,150000,内蒙古自治区,"40.8654082,111.694453"
1097,呼和浩特市庞大华泓汽车销售服务有限公司,0471-8925999,呼和浩特市回民区海西路红旗小学对面,150100,呼和浩特市,150000,内蒙古自治区,"40.824179,111.610582"
881,内蒙古祥达汽车销售服务有限责任公司,0472-2601596,包头市开发区友谊大街34号,150200,包头市,150000,内蒙古自治区,"40.6499613,109.877655"
1174,包头市金祥瑞汽车销售服务有限公司,0472-5217888,包头市青山区民族东路与110国道交汇处往东150米,150200,包头市,150000,内蒙古自治区,"40.707872,109.867192"
1079,乌海市骏豪汽车销售有限公司,0473-2225333,内蒙古乌海市海勃湾区林荫大道南，沃野路西,150300,乌海市,150000,内蒙古自治区,"39.706145,106.842611"
775,赤峰大成汽车贸易有限公司,0476-5970011,赤峰市红山区桥北物流园区赤锡路130号,150400,赤峰市,150000,内蒙古自治区,"42.322648,118.943145"
1207,翁牛特旗易坤汽贸有限公司,0476-6359333,内蒙古赤峰市翁牛特旗乌丹镇城乡贸易中心东风悦达起亚易坤特约店,150400,赤峰市,150000,内蒙古自治区,"42.93093,118.998921"
980,通辽市大鹏誉达汽车贸易有限公司,0475-8883335,通辽市经济技术开发区瑞丰汽贸物流园L1区,150500,通辽市,150000,内蒙古自治区,"43.656508,122.227802"
986,鄂尔多斯市祥达汽车销售服务有限责任公司,0477-8101927,东胜区铜川镇汽车博览园东风悦达起亚4S店,150600,鄂尔多斯市,150000,内蒙古自治区,"39.794224,110.114263"
1230,鄂尔多斯市美悦欣汽车销售服务有限公司,0477-4853173,内蒙古鄂尔多斯市准格尔旗薛家湾镇呼大公路118公里,150600,鄂尔多斯市,150000,内蒙古自治区,"39.9252860000,111.2902380000"
826,呼伦贝尔市大鹏汽车贸易有限公司,0470-8988886,呼伦贝尔市鄂温克旗巴彦托海镇海伊公路东侧大鹏汽车城,150700,呼伦贝尔市,150000,内蒙古自治区,"49.121383,119.757825"
1124,巴彦淖尔市祥达汽车销售服务有限公司,0478-8288161,巴彦淖尔市临河区临五路与朔方路十字路口西500米,150800,巴彦淖尔市,150000,内蒙古自治区,"40.791268,107.452973"
1080,乌兰察布市声荣汽车销售有限公司,0474-3603988,集宁新区车管所往南200米,150900,乌兰察布市,150000,内蒙古自治区,"40.952158,113.186336"
1091,兴安盟骏驰汽车维修有限公司,0482-8395100,兴安盟科尔沁右翼前旗政府新址天骄路道东,152200,兴安盟,150000,内蒙古自治区,"46.10668,122.016834"
633,锡林郭勒盟天成路安汽车销售服务有限公司,0479-6918777,锡林浩特市火车站南600米路西,152500,锡林郭勒盟,150000,内蒙古自治区,"43.919002,116.043092"
692,沈阳路丰源汽车销售服务有限公司,024-31484888,沈阳市浑南新区浑南西路127号起亚路丰源,210100,沈阳市,210000,辽宁省,"41.72978,123.406484"
901,辽宁世家汽车销售服务有限公司,024-25635666,沈阳市铁西区北二中路19号,210100,沈阳市,210000,辽宁省,"41.81605,123.374706"
1063,沈阳庞大龙华庆汽车销售服务有限公司,024-31690001/0008,辽宁省沈阳市浑南新区文汇街9号,210100,沈阳市,210000,辽宁省,"41.752672,123.516579"
746,瓦房店市新世纪汽车贸易有限公司,0411-85589966,辽宁省瓦房店市钻石街2177号,210200,大连市,210000,辽宁省,"39.595201,121.942331"
659,鞍山市中悦汽车销售服务有限公司,0412-8401111,鞍山市铁西区达道湾鞍刘路建设大道西,210300,鞍山市,210000,辽宁省,"41.166544,122.954058"
922,鞍山市逸方汽车销售服务有限公司,0412―8222222,辽宁省鞍山市铁东区建国大道1204号,210300,鞍山市,210000,辽宁省,"41.082898,122.968727"
1171,抚顺广联达东郡汽车销售服务有限公司,024-54650666,辽宁省抚顺市东洲区青年路东段17号,210400,抚顺市,210000,辽宁省,"41.871936,124.019936"
1067,锦州汇通汽车销售服务有限公司,0416-3801222,辽宁省锦州市中央南街5号,210700,锦州市,210000,辽宁省,"41.091821,121.146136"
670,营口远宏汽车贸易有限公司,0417-7941111/ 0417-7942222,辽宁省营口市鲅鱼圈区青龙山大街东鑫发15号,210800,营口市,210000,辽宁省,"40.276447,122.184866"
1055,营口市老边区艺鑫佳盛汽车贸易有限公司,0417-2928888/2941111,辽宁省营口市老边区太和庄东外环交通物流南200米,210800,营口市,210000,辽宁省,"40.669098,122.292672"
997,阜新鑫汇通汽车销售服务有限公司,0418-2981666,辽宁省阜新市经济开发区海青路45号,210900,阜新市,210000,辽宁省,"41.991913,121.606569"
1100,辽阳市中悦汽车销售服务有限责任公司,0419-3992888,辽阳市太子河区胜利路79号(富虹酒店南800米),211000,辽阳市,210000,辽宁省,"41.263505,123.144109"
995,盘锦融达信汽车销售服务有限公司,0427-3219123,辽宁省盘锦市兴隆台区辽河南路东和锦汽车街,211100,盘锦市,210000,辽宁省,"41.113624,122.055333"
1131,朝阳久泰汽车贸易有限公司,0421-7200000,辽宁省朝阳市龙城区工业园区,211300,朝阳市,210000,辽宁省,"41.606228,120.401334"
1183,葫芦岛路赛得实业有限公司,0429--2678999,辽宁省葫芦岛市国家专利技术园区高新9路,211400,葫芦岛市,210000,辽宁省,"40.737569,120.799119"
766,长春瑞乘起亚汽车销售服务有限公司,0431-81235777,长春市宽城区海尔大道与兴旺路交汇,220100,长春市,220000,吉林省,"43.984767,125.29357"
835,吉林同泽汽车销售服务有限公司,0431-81202777,吉林省长春市经济开发区东南湖大路2679号,220100,长春市,220000,吉林省,"43.859109,125.399311"
883,吉林省瑞德汽车贸易集团有限公司,0431-87036666,长春市高新技术开发区硅谷大街3900号,220100,长春市,220000,吉林省,"43.819689,125.25826"
999,长春市新鸿达汽车销售服务有限公司,0431-82761111,长春市基隆路817号,220100,长春市,220000,吉林省,"43.929883,125.28581"
996,吉林市金来汽车贸易有限公司,0432-66086666,吉林市哈达湾开发区珲春北街16号,220200,吉林市,220000,吉林省,"43.884027,126.533547"
1244,吉林市汇金车业有限公司,0432-62141111,吉林市龙潭区华丹大街588号,220200,吉林市,220000,吉林省,"43.9431140000,126.5622080000"
1176,四平市铭晟达汽车贸易有限公司,0434-6963818/6963828,吉林省四平市铁东经济开发区奋进汽车厂东行500米,220300,四平市,220000,吉林省,"43.133002,124.463007"
1218,吉林省涵博汽车销售服务有限公司,0434-6274499,吉林省四平市公主岭市新102国道999公里处涵博汽车销售服务有限公司,220300,四平市,220000,吉林省,"43.881355,125.278885"
1149,通化市鸿达汽车销售有限公司,0435-3580000,吉林省通化市东昌区环通乡长流村303国道旁,220500,通化市,220000,吉林省,"41.782925,125.919317"
1203,梅河口市广达汽车销售服务有限公司,0435-4513222,吉林省通化市梅河口市北环路长城汽贸院内,220500,通化市,220000,吉林省,"42.546488,125.69732"
1053,前郭县大为汽车销售服务有限公司,0438-2887888,吉林省松原市工业园区成吉思汉大街888号,220700,松原市,220000,吉林省,"45.1059022,124.888389"
747,白城市大为汽车销售服务有限公司,0436-5868888,吉林省白城市经济开发区洮白公路888号,220800,白城市,220000,吉林省,"45.581725,122.839222"
776,延吉起亚汽车维修服务有限公司,0433-2663012,吉林省延吉市朝阳街2568号,222400,延边朝鲜族自治州,220000,吉林省,"42.926155,129.533545"
1012,延吉中诚广丰汽车贸易有限公司,0433-2450722,延吉市长白山东路3809号,222400,延边朝鲜族自治州,220000,吉林省,"42.905392,129.587998"
884,黑龙江亿发汽车销售服务有限公司,0451-84328999,哈尔滨市道里区机场路12号,230100,哈尔滨市,230000,黑龙江省,"45.7117482,126.559267"
1060,哈尔滨庞大祥盛汽车销售服务有限公司,0451―51837555,黑龙江哈尔滨先锋路18号,230100,哈尔滨市,230000,黑龙江省,"45.780935,126.764087"
668,齐齐哈尔市尊远汽车销售服务有限公司,0452-8888296/,齐齐哈尔市龙沙区喜庆路1号,230200,齐齐哈尔市,230000,黑龙江省,"47.309315,123.975683"
1038,齐齐哈尔市东域汽车销售有限责任公司,0452-8888266,齐齐哈尔铁锋区联通大道汽贸城309-1号,230200,齐齐哈尔市,230000,黑龙江省,"47.350082,124.076433"
905,鸡西市吉顺达汽车销售有限公司,0467-6113388,黑龙江省鸡西市桥北开发区新建材广场2号,230300,鸡西市,230000,黑龙江省,"45.264829,130.94166"
748,鹤岗市荣达汽车销售有限公司,0468--3319688,鹤岗市东山区东方红乡兴华村,230400,鹤岗市,230000,黑龙江省,"47.334709,130.353337"
806,大庆中保汽车销售服务有限公司,0459-6999898,大庆市萨尔图区祥阁汽配城新兴东街10号,230600,大庆市,230000,黑龙江省,"46.569412,125.164163"
1112,大庆欧意尔石油机械设备有限公司,0459-5679999/5679666,黑龙江大庆市开发区庆新大街12号,230600,大庆市,230000,黑龙江省,"46.599791,125.054918"
907,牡丹江市凯禾汽车贸易有限公司,0453-6665444, 牡丹江市阳明开发区矿山东路西兴业路北东风悦达起亚4S店,231000,牡丹江市,230000,黑龙江省,"44.627672,129.68103"
1170,绥化市圣亚润达汽车销售服务有限公司,0455-8156868,黑龙江省绥化市经济技术开发区88号,231200,绥化市,230000,黑龙江省,"46.593237,126.993153"
727,江苏省苏舜金江汽车销售服务有限公司,025-57757188,南京市六合经济开发区龙兴路,320100,南京市,320000,江苏省,"32.314186,118.812718"
818,南京黄埔汽车销售有限责任公司,025-84866555/ 025-84815118,南京市玄武区珠江路659号,320100,南京市,320000,江苏省,"32.052026,118.820009"
830,南京金起汽车销售服务有限公司,025-86303266,南京市鼓楼区虎踞北路98号,320100,南京市,320000,江苏省,"32.084992,118.760495"
1033,江苏悦达骏驰汽车销售有限公司,025-58220108,江苏省南京市浦珠北路133号,320100,南京市,320000,江苏省,"32.11869,118.712034"
1113,南京起淳汽车销售服务有限公司,025-68817888,江苏省南京市高淳县淳溪镇汶溪路163-16（苏皖汽车城）,320100,南京市,320000,江苏省,"31.344667,118.87458"
1182,南京乐豪汽车销售服务有限公司,025-56235586,江苏省南京市溧水县经济开发区岔路口,320100,南京市,320000,江苏省,"31.689416,119.023907"
755,江阴市南华车辆服务有限公司,0510-81663100/ 0510-81663966,江阴市夏港国际汽车城1688-6号,320200,无锡市,320000,江苏省,"31.906411,120.204776"
844,无锡东方乐通汽车销售服务有限公司,0510-82120000,无锡市金城东路290号新东方汽车城B10座,320200,无锡市,320000,江苏省,"31.567865,120.410316"
927,宜兴市苏源起亚汽车销售服务有限公司,0510-87077666,宜兴市融达汽车城（104国道旁）,320200,无锡市,320000,江苏省,"31.391815,119.790029"
930,江阴新东亚汽车销售服务有限公司,0510-80622666,江苏省江阴市澄杨路9号(锡澄高速南出口处),320200,无锡市,320000,江苏省,"31.89111,120.323008"
928,徐州润东汇景汽车销售服务有限公司,0516-87778181,江苏省徐州市金山桥开发区三环东路西侧,320300,徐州市,320000,江苏省,"34.291512,117.2476"
680,常州圣大汽车有限公司,0519-82715888/ 0519-82759999,金坛市汽车城9号,320400,常州市,320000,江苏省,"31.735981,119.629653"
843,常州万事达汽车有限公司,0519-85215018,常州市新北区外环路3号,320400,常州市,320000,江苏省,"31.815971,119.96735"
1030,溧阳顺达起亚汽车销售服务有限公司,0519-87875500,溧阳市昆仑南路29号,320400,常州市,320000,江苏省,"31.429178,119.506518"
636,苏州诚国汽车销售服务有限公司,0512-66029111,苏州市吴中区f直镇鸣市路16号,320500,苏州市,320000,江苏省,"31.287213,120.831732"
753,苏州圣雄汽车销售服务有限公司,0512-65966888,苏州市吴中区吴中经济开发区尹中南路3号,320500,苏州市,320000,江苏省,"31.236268,120.672768"
912,昆山新达汽车销售服务有限公司,0512-57061188,昆山市长江北路566号,320500,苏州市,320000,江苏省,"31.443542,120.980066"
931,张家港市凯达汽车销售服务有限公司,0512-58983666,张家港市鹿杨路1号,320500,苏州市,320000,江苏省,"31.844034,120.576998"
965,常熟市东盛汽车销售服务有限公司,0512-52830099,江苏省常熟市青墩塘路218号(汽车市场品牌区),320500,苏州市,320000,江苏省,"31.6419609,120.802343"
970,苏州丰丰汽车销售服务有限公司,0512-66901600,苏州市新区国际汽车城塔园路浩福路8号,320500,苏州市,320000,江苏省,"31.326163,120.564747"
1027,吴江市伟伟汽车销售服务有限公司,0512-63691222,吴江市平望镇梅堰社区318国道旁,320500,苏州市,320000,江苏省,"30.983272,120.584546"
1187,昆山市海悦汽车销售服务有限公司,0512-57123456,昆山中环萧林东路出口向东500米（周市汽车城内）,320500,苏州市,320000,江苏省,"31.409949,121.024486"
736,如东起成汽车销售服务有限公司,0513-84539555,如东县掘港镇南环路8号（国清寺向西380米、如东汽车城）,320600,南通市,320000,江苏省,"32.298642,121.163756"
845,南通嘉华汽车销售服务有限公司,0513-85605888,南通市城港路150号,320600,南通市,320000,江苏省,"32.040984,120.811988"
975,海门宝力汽车销售服务有限公司,0513-82336818,海门市人民西路1688号,320600,南通市,320000,江苏省,"31.89178,121.131869"
1047,南通益佳汽车销售服务有限公司,0513-87291666,如皋市如城镇惠政路888号,320600,南通市,320000,江苏省,"32.363697,120.557674"
1086,海安车行天下汽车销售有限公司,0513-80688888,海安县城东镇立发桥村20组,320600,南通市,320000,江苏省,"32.541239,120.514885"
1155,连云港悦亚汽车销售有限公司,0518-85913366,连云港经济技术开发区东方大道15号,320700,连云港市,320000,江苏省,"34.719841,119.31301"
926,淮安市新兴汽车销售维修有限公司,0517-83340018,淮安市厦门西路26号,320800,淮安市,320000,江苏省,"33.589431,119.07587"
627,江苏达维起亚汽车销售服务有限公司,0515-87188718,江苏盐城阜宁县施庄和平居委会（中国馆对面）,320900,盐城市,320000,江苏省,"33.752085,119.841378"
728,滨海悦亚汽车销售有限公司,0515-89105555,江苏省盐城市滨海县东明广场A2栋,320900,盐城市,320000,江苏省,"34.053123,119.89941"
729,江苏亚尊实业有限公司,0515-82398888,盐城市射阳县经济开发区农机五金城西侧,320900,盐城市,320000,江苏省,"33.76323,120.23205"
846,江苏悦达嘉华汽车销售服务有限公司,0515-88334599,盐城市开放大道8号,320900,盐城市,320000,江苏省,"33.371745,120.172294"
934,江苏捷翔汽车销售服务有限公司,0515-88413300,盐城市盐都区东方汽贸广场开创路2-2号,320900,盐城市,320000,江苏省,"33.335153,120.138631"
1084,江苏悦达东方汽车销售服务有限公司,0515-89850000,盐城市经济开发区希望大道99号,320900,盐城市,320000,江苏省,"33.374834,120.225304"
1136,江苏新中兴汽车销售有限公司,0515-68858488,江苏省大丰市疏港路金丰北路口,320900,盐城市,320000,江苏省,"33.225115,120.464132"
1139,江苏悦亚汽车销售服务有限公司,0515-85217888,江苏东台市城东新区永宁汽车城,320900,盐城市,320000,江苏省,"32.864726,120.424851"
1212,响水嘉成汽车销售有限公司,0515-86865938,响水县经济开发区204国道东侧、题桥北侧（昌宇汽车城）,320900,盐城市,320000,江苏省,"34.181184,119.611449"
1092,扬州市龙兴汽车销售有限公司,0514-80916888,江都市华山路606城北工业园(仙女庙中队向东200米）,321000,扬州市,320000,江苏省,"32.4577433,119.556016"
679,扬中市永达汽车销售服务有限公司,0511-88227222,扬中市新238省道新坝镇,321100,镇江市,320000,江苏省,"32.250788,119.801185"
735,句容鼎悦汽车销售服务有限公司,0511-87311222,江苏省句容市宁杭南路86号爵鼎汽车产业园,321100,镇江市,320000,江苏省,"31.933221,119.175062"
919,镇江凡达汽车销售有限公司,0511-88892378,镇江市丁卯开发区丁长路经十二路以东303号,321100,镇江市,320000,江苏省,"32.184902,119.521533"
808,泰兴市星亚汽车销售服务有限公司,0523-89771111,泰兴市东三环汽车城内,321200,泰州市,320000,江苏省,"32.205028,120.054527"
823,靖江市新悦汽车销售服务有限公司,0523-84585899,江苏省靖江市江平西路588号恒力汽车园内,321200,泰州市,320000,江苏省,"32.037759,120.243451"
1074,泰州海洋汽车销售服务有限公司,0523-86661818,泰州市寺巷经济开发区国际汽车城内,321200,泰州市,320000,江苏省,"32.424256,119.908441"
651,泗洪苏驰恒基汽车销售服务有限公司,0527-86566777,江苏省宿迁市泗洪国际汽车城东风悦达起亚4S店,321300,宿迁市,320000,江苏省,"33.443702,118.188143"
953,宿迁市良宇起亚汽车销售服务有限公司,0527-84568600,江苏宿迁市西湖路600号,321300,宿迁市,320000,江苏省,"33.94371,118.256262"
1138,沭阳县恒广汽车销售服务有限公司,0527-83691111,沭阳县永康南路与武进路路口,321300,宿迁市,320000,江苏省,"34.093958,118.805575"
842,浙江东风南方起亚汽车销售服务有限公司,0571-88292000,杭州市拱墅区石祥路463-2号,330100,杭州市,330000,浙江省,"30.337194,120.134825"
1008,杭州德龙汽车销售服务有限公司,0571-83866000,萧山市心北路与机场高速路交叉口（2号地铁线振宁路A出口）,330100,杭州市,330000,浙江省,"30.227086,120.276128"
1035,杭州正工鸿大汽车销售服务有限公司,0571-89175555,杭州市余杭区临平街道临平大道666号,330100,杭州市,330000,浙江省,"30.44271,120.283327"
1088,杭州昌炎汽车销售服务有限公司,0571-64718068,浙江省建德市新安江街道黄泥墩村（车管所旁）,330100,杭州市,330000,浙江省,"29.449113,119.277549"
1096,杭州圣大汽车有限公司,0571-86637666,浙江省杭州市江干区杭海路728-744号,330100,杭州市,330000,浙江省,"30.3029,120.267937"
1156,杭州富阳大地汽车销售有限公司,0571-23270777,富阳市新桥新路9号,330100,杭州市,330000,浙江省,"30.093349,119.944071"
613,宁波腾峰锦华汽车销售服务有限公司,57487076000,宁波市镇海区庄市街道胜隆村兆龙路北,330200,宁波市,330000,浙江省,"29.935804,121.609451"
634,宁波大港启航汽车销售服务有限公司,0574-56580000,浙江省宁波市北仑区明州西路555号,330200,宁波市,330000,浙江省,"29.932237,121.820558"
682,象山峰华汽车有限公司,0574-55866888,浙江省象山县城南高新创业园（汽车城）,330200,宁波市,330000,浙江省,"29.422698,121.898824"
839,宁波天天汽车贸易有限公司,0574-87466567,宁波市海曙区顺德路78弄78号,330200,宁波市,330000,浙江省,"29.853444,121.529071"
946,慈溪市广顺汽车销售服务有限公司,0574-63515288,浙江省慈溪市逍林镇新园村汽车城（匡堰大道往北1.5公里）,330200,宁波市,330000,浙江省,"30.180365,121.313955"
1077,余姚市东悦汽车销售服务有限公司,0574-22716999,浙江省宁波余姚市风山街道同光村,330200,宁波市,330000,浙江省,"30.0499846,121.224068"
616,乐清市红通汽车销售服务有限公司,0557-62061111,浙江省乐清市宁康东路557号,330300,温州市,330000,浙江省,"28.130356,120.99803"
909,浙江冠隆实业有限公司,0577-65320000,瑞安市塘下镇凤川路88号（104国道边）,330300,温州市,330000,浙江省,"27.847939,120.676805"
1068,苍南冠亚汽车销售服务有限公司,0577-68815555,温州苍南县建兴东路工业园区（浙闽物流中心对面）,330300,温州市,330000,浙江省,"27.537635,120.443002"
1093,温州冠特汽车销售服务有限公司,0577-56956111,温州瓯海大道428号（温州华特别克旁）,330300,温州市,330000,浙江省,"27.966637,120.667926"
1190,温州佳鑫汽车销售有限公司,0577-86660333,温州市温州大道829号,330300,温州市,330000,浙江省,"27.983104,120.739281"
741,嘉善亚升汽车销售服务有限公司,0573-89117666,浙江省嘉兴市嘉善县魏塘镇外环东路1058号,330400,嘉兴市,330000,浙江省,"30.87152,120.941528"
822,平湖市华隆汽车销售服务有限公司,0573-85119000,平湖市当湖街道长胜路1280号,330400,嘉兴市,330000,浙江省,"30.68247,121.052455"
1023,浙江华隆汽车销售服务有限公司,0573-80882222,浙江省桐乡市环城东路与振华东路振东开发区,330400,嘉兴市,330000,浙江省,"30.624644,120.586891"
1186,浙江正工鸿图汽车销售服务有限公司,0573-89701111,海宁市海宁经济开发区文苑路481号,330400,嘉兴市,330000,浙江省,"30.548244,120.686694"
625,安吉起建汽车销售服务有限公司,0572-5055323,浙江安吉浮玉中路418号,330500,湖州市,330000,浙江省,"30.636935,119.667571"
743,长兴东进汽车销售服务有限公司,0572-6586000,浙江省湖州市长兴县李家巷镇工业集中区,330500,湖州市,330000,浙江省,"30.980209,119.957473"
684,绍兴上虞锦程汽车销售服务有限公司,0575-81285555,江省绍兴市上虞区曹娥街道五星中路666号（光明村口）,330600,绍兴市,330000,浙江省,"30.032752,120.836886"
740,嵊州市联通汽车销售服务有限公司,0575-83111188,嵊州市经济开发区莲塘村--联通汽车旁,330600,绍兴市,330000,浙江省,"29.585657,120.85801"
972,绍兴菲越汽车销售服务有限公司,0575-88370011,绍兴市袍江康宁路车管所斜对面（起亚4S店）,330600,绍兴市,330000,浙江省,"30.098827,120.620083"
1159,绍兴悦泰汽车销售服务有限公司,0575-85671666,绍兴县金柯桥大道国际村对面（高速出口2公里）,330600,绍兴市,330000,浙江省,"30.125694,120.523566"
618,浦江众享汽车销售服务有限公司,0579-88191688,浦江县平七路7号（浦江中学北面）,330700,金华市,330000,浙江省,"29.447794,119.935144"
683,兰溪玮龙汽车销售服务有限公司,0579-88937777,浙江省兰溪市横山路1000号,330700,金华市,330000,浙江省,"29.229196,119.454463"
742,东阳悦辰汽车销售服务有限公司,0579-86783666,东阳市白云街道佳轮路1号,330700,金华市,330000,浙江省,"29.277909,120.21293"
840,义乌市鑫元汽车销售服务有限公司,0579-85681258,义乌市后宅汽车城,330700,金华市,330000,浙江省,"29.368498,120.056197"
924,浙江日通汽车销售有限公司,0579-89177652,金华市汽车城西九路14-2号,330700,金华市,330000,浙江省,"29.147958,119.693388"
620,江山顺龙汽车销售服务有限公司,0570-4571666,浙江省江山市双塔街道塔东村百廿秤自然村113号,330800,衢州市,330000,浙江省,"28.770883,118.682122"
951,衢州悦亚汽车销售服务有限公司,0570-8286666,衢州市浙西大道103号,330800,衢州市,330000,浙江省,"28.938757,118.903271"
619,舟山市众通汽车销售服务有限公司,0580-8217778,浙江省舟山市定海区双桥汽车城2期2号,330900,舟山市,330000,浙江省,"30.023545,122.035684"
802,台州市黄岩金泰汽车销售服务有限公司,0576-84517777,台州市黄岩北城街道五里牌村,331000,台州市,330000,浙江省,"28.670373,121.255407"
841,台州市得意达汽车销售服务有限公司,0576-82693888,台州市路桥区峰江十份(104国道旁),331000,台州市,330000,浙江省,"28.552664,121.394456"
1061,台州台运韩亚汽车销售服务有限公司,0576-85127711,浙江省临海市江南大道595号,331000,台州市,330000,浙江省,"28.821293,121.149588"
847,安徽省先驱汽车有限公司,0551-64288888,合肥市双七路18号(安徽国际汽车城),340100,合肥市,340000,安徽省,"31.890589,117.342417"
1109,安徽安天迪凯汽车销售服务有限公司,0551-5118080,安徽省合肥市包河区长春街与长白山路交口,340100,合肥市,340000,安徽省,"31.805096,117.349697"
1188,安徽悦莱汽车销售服务有限公司,0551-68568166,合肥市长江西路名车广场 新华夏大厦1288-1号,340100,合肥市,340000,安徽省,"31.860384,117.119068"
816,芜湖市顺易汽车贸易有限公司,0553－3867171,芜湖市鲁港高新技术产业开发区长江南路86号,340200,芜湖市,340000,安徽省,"31.275616,118.357715"
652,蚌埠福顺汽车贸易有限公司,0552-3750222,蚌埠市迎宾大道国际汽车城北金和路15号,340300,蚌埠市,340000,安徽省,"32.872963,117.316889"
833,蚌埠润悦通亚汽车销售服务有限公司,0552-8829111,蚌埠市怀远工业园（蚌埠西高速路口向东50米）,340300,蚌埠市,340000,安徽省,"32.976329,117.264722"
1051,淮南市金悦汽车销售服务有限公司,0554-3311999,安徽省淮南市经济技术开发区国庆东路南侧,340400,淮南市,340000,安徽省,"32.662494,117.065062"
1069,马鞍山同利汽车销售有限公司,0555-6785555,安徽省马鞍山市当涂县经济开发区,340500,马鞍山市,340000,安徽省,"31.599895,118.495938"
1206,马鞍山同含汽车销售有限公司,0555-2147777,安徽省马鞍山市含山国本皖江大市场内,340500,马鞍山市,340000,安徽省,"31.13413,118.60847"
1137,淮北方力汽车销售服务有限公司,0561-3062666,淮北市汽车城骏驰路南仁和小区西,340600,淮北市,340000,安徽省,"33.932259,116.800633"
1015,铜陵万悦汽车销售服务有限公司,0562-2829288,安徽省铜陵市国际汽车城,340700,铜陵市,340000,安徽省,"30.943113,117.905056"
943,安庆市鑫马汽贸有限公司,0556-5836666,安庆市开发区中兴大道,340800,安庆市,340000,安徽省,"30.558338,117.063037"
1037,黄山市华帅汽车销售服务有限公司,0559-2599888,安徽省黄山市屯溪经济开发区梅林大道,341000,黄山市,340000,安徽省,"29.774608,118.271305"
1057,安徽省汇润汽车贸易有限公司,0550-6818888,滁州市花园东路698号,341100,滁州市,340000,安徽省,"32.274422,118.351816"
1238,滁州裕田汽车贸易服务有限公司,0550-2590888,滁州市丰乐大道2585号,341100,滁州市,340000,安徽省,"32.2530730000,118.3152720000"
799,阜阳市雪峰起亚汽车销售服务有限公司,0558-3805555,阜阳经济技术开发区纬五路北侧,341200,阜阳市,340000,安徽省,"32.846359,115.865091"
913,阜阳市迎驾悦达汽车销售服务有限公司,0558-2221111,安徽省阜阳市经济技术开发区新安大道169号,341200,阜阳市,340000,安徽省,"32.869344,115.852097"
615,宿州市亿之豪汽车销售服务有限公司,0557-2600119,宿州市东十里汽车城内（仁和路与凤鸣路交叉口南50米路东）,341300,宿州市,340000,安徽省,"33.64313,117.053044"
1085,宿州润捷汽车销售服务有限公司,0557-3728000,宿州市经济技术开发区金海大道东侧,341300,宿州市,340000,安徽省,"33.607171,117.007527"
954,巢湖龙天洋汽车销售服务/ 有限公司,0551-82358777,安徽省巢湖市经济开发区金山路,341400,巢湖市,340000,安徽省,"31.648305,117.913631"
1025,六安市悦亚汽车销售服务有限公司,0564-5226111,安徽省六安市霍山县迎驾大道(霍山驾校向西500米）,341500,六安市,340000,安徽省,"31.762871,116.574999"
1236,六安市东悦汽车销售服务有限公司,0564-3832999,安徽省金安经济开发区312国道与胜利南路交叉口,341500,六安市,340000,安徽省,"31.7682420000,116.6213580000"
778,蒙城县春雨慧悦汽车销售服务有限公司,0558-7695906,蒙城县经济开发区政通路,341600,亳州市,340000,安徽省,"33.24127,116.602199"
836,亳州市远景起亚汽车销售服务有限责任公司,0558-5776688,安徽省亳州市谯城区工业园区古井路1号,341600,亳州市,340000,安徽省,"33.83704,115.767555"
650,池州市中达汽车销售服务有限公司,0566-3381888,池州市站前区,341700,池州市,340000,安徽省,"40.684851,122.26626"
800,广德亚夏起悦汽车销售服务有限公司,0563-6059898,安徽省宣城市广德县桃州镇广溧路以西北环路以南,341800,宣城市,340000,安徽省,"30.917633,119.424716"
957,宣城亚悦汽车销售服务有限公司,0563-2626808,安徽省宣城市经济技术开发区（昭亭南路）宣城亚悦店,341800,宣城市,340000,安徽省,"30.937788,118.747955"
628,福州华骏凯宏汽车销售服务有限公司,0591-88616222,马尾区快安兴业东路160号,350100,福州市,350000,福建省,"26.027718,119.43396"
862,福州金洋汽车贸易有限公司,0591-87955533,福州市晋安区秀峰路216号,350100,福州市,350000,福建省,"26.139961,119.327349"
681,厦门华骏凯宏汽车销售服务有限公司,0592-6882266,厦门市海沧区坪埕东路39号,350200,厦门市,350000,福建省,"24.49753,118.006159"
1120,厦门国戎运兴汽车销售服务有限公司,0592-2527666,厦门市明区禾祥东路138号,350200,厦门市,350000,福建省,"24.477651,118.120718"
1017,莆田市万宝万泰汽车服务有限公司,0594-2777666,莆田市荔城区西天尾镇城涵西大道899号,350300,莆田市,350000,福建省,"25.47226,119.047923"
1006,三明金洋汽车贸易有限公司,0598-5757999,三明沙县洋坊汽车城 东风悦达起亚4S店,350400,三明市,350000,福建省,"26.389793,117.8246"
863,泉州汇京广安汽车销售有限公司,0595-86731666,泉州清骺发区吉泰路一号街坊(奥林匹克正对面800米),350500,泉州市,350000,福建省,"24.87572,118.549449"
973,福建省亿海汽车贸易有限公司,0595-88168181,晋江五里工业区社马路段（季延中学往马坪方向2公里）,350500,泉州市,350000,福建省,"24.7490983,118.566262"
781,漳州市中骏汽车贸易有限公司,0596-7031111,福建省漳州市芗城区金峰经济开发区闽南汽车贸易城9（漳州西高速出口）,350600,漳州市,350000,福建省,"24.587594,117.616097"
959,漳州市南龙汽车贸易有限公司,0596-2134888,漳州市龙文区迎宾大道云洞岩路口西侧200米处,350600,漳州市,350000,福建省,"24.497482,117.749886"
723,南平市永博汽车有限责任公司,5996-180666,南平市西芹镇水溪口城市交通枢纽中心,350700,南平市,350000,福建省,"27.334387,117.510807"
925,龙岩市奇迈汽车贸易有限公司,0597-2369199,龙岩市新罗区东城东宫下东兴路218号,350800,龙岩市,350000,福建省,"25.131107,117.057971"
1089,龙岩市万事达汽车贸易有限公司,0597－2503333,龙岩市新罗区龙门镇物流大道326-1号,350800,龙岩市,350000,福建省,"25.106374,116.961561"
632,福建省宁德市福宁时代汽车销售有限公司,0593-2765555,福建省宁德市蕉城区国道路31号,350900,宁德市,350000,福建省,"26.695197,119.529142"
870,江西东亚汽车销售服务有限公司,0791-83721978,南昌市红谷滩汽车广场C座2号,360100,南昌市,360000,江西省,"28.679475,115.842669"
1114,江西国力弘达汽车销售服务有限公司,0791-88629123,江西省南昌市青云谱区广州路155号,360100,南昌市,360000,江西省,"28.626897,115.930611"
1178,景德镇市辉煌汽车销售有限公司,0798-2086666,江西省景德镇市迎宾大道市体育中心斜对面,360200,景德镇市,360000,江西省,"29.314384,117.171812"
1148,萍乡市鑫亚汽车销售服务有限公司,0799-6658886,萍乡市安源区韶山东路,360300,萍乡市,360000,江西省,"27.625544,113.888524"
717,九江明大汽车销售服务有限公司,0792-8555022,江西省九江市前进西路399号,360400,九江市,360000,江西省,"29.682409,115.982502"
1140,新余东亚汽车销售服务有限公司,0790-6666659,新余市仙女湖中心物流园汽车城,360500,新余市,360000,江西省,"27.802686,114.875471"
1184,鹰潭鑫亚汽车销售服务有限公司,0701-6666666,江西省鹰潭市天洁西路28号,360600,鹰潭市,360000,江西省,"28.233563,117.008725"
644,赣州市环亚汽车销售服务有限公司,0797-6527796,赣州市南康区龙岭镇赣南汽车城B-10地块32号,360700,赣州市,360000,江西省,"25.737793,114.831635"
774,赣州钜德汽车销售服务有限公司,0797-4666999,江西省赣州市客家大道185号,360700,赣州市,360000,江西省,"25.890906,115.043321"
595,吉安优悦汽车销售服务有限公司,0796-8410666,江西省吉安市吉安县合丰汽车城105国道旁北1号,360800,吉安市,360000,江西省,"27.11351,115.022319"
685,江西省东鑫汽车销售服务有限公司,0795-5215333,江西省高安市320国道以北（江西高安货运汽车产业基地）,360900,宜春市,360000,江西省,"28.425152,115.353546"
1115,宜春市吉顺汽车销售服务有限公司,0795-3538888,江西省宜春市宜商大道1号（广汇国际汽车城）,360900,宜春市,360000,江西省,"27.84918,114.411268"
1130,抚州东之杰汽车销售服务有限公司,0794-8253331,江西省抚州市迎宾大道东侧南昌大学对面,361000,抚州市,360000,江西省,"27.964317,116.394778"
955,上饶市成通汽车销售有限公司,0793-6090555,上饶经济开发区311高速公路西互通西侧,361100,上饶市,360000,江西省,"28.463477,117.904736"
1224,上饶市广丰区成通汽车销售有限公司,0354-6333300,山西省晋中市太谷县108国道韩村段港田加油站东侧,361100,上饶市,360000,江西省,"28.463665,117.904641"
630,山东华德汇新汽车销售服务有限公司,0531-66677000,济南市市中区望岳路3777号鸿发汽车城南区（英雄山路延长线领秀城南行4公里路西）,370100,济南市,370000,山东省,"36.570928,116.996103"
853,济南金万通汽车贸易有限责任公司,0531-87566868/87566878,济南市经十西路88号,370100,济南市,370000,山东省,"36.646629,116.85508"
854,济南泰通汽车销售服务有限公司,0531-88929797,济南市历城区七里河路37号,370100,济南市,370000,山东省,"36.680918,117.086552"
932,山东银达汽车销售服务有限公司,0531-86397888,济南市槐荫区张庄路38号,370100,济南市,370000,山东省,"36.67328,116.964392"
933,山东安华汽车销售服务有限公司,0531-82372298,山东省济南市历下区工业南路69号,370100,济南市,370000,山东省,"36.6850806,117.113281"
1179,章丘金万通汽车销售服务有限公司,0531-61301111,山东省章丘市世纪西路志成工业园（西外环龙盘家具北500米）,370100,济南市,370000,山东省,"36.690475,117.519428"
631,青岛悦翔汽车销售服务有限公司,0532-88421777,山东青岛莱西市上海西路16号,370200,青岛市,370000,山东省,","
814,青岛汇丰汽车销售服务有限公司,0532-81123318,青岛胶州市兰州东路699号,370200,青岛市,370000,山东省,"36.298101,120.079572"
848,青岛新濠汽车贸易有限公司,0532-58808902,山东省青岛市市北区重庆南路176号,370200,青岛市,370000,山东省,"36.1272342,120.39189"
849,青岛润亚汽车销售服务有限公司,0532-87721767/1766,青岛市城阳区流亭街道308国道东,370200,青岛市,370000,山东省,"36.264211,120.428174"
1016,青岛瑞亚汽车销售服务有限公司,0532-88155555,山东省青岛市黄岛区东岳中路357号,370200,青岛市,370000,山东省,"35.895619,119.990343"
1056,青岛韩亚汽车销售服务有限公司,0532-86660888555/666,山东省青岛市四方区重庆南路157号,370200,青岛市,370000,山东省,"36.129003,120.395316"
1144,青岛钰滨赫汽车销售服务有限公司,0532―82560666,即墨市经济开发区青威路1050号,370200,青岛市,370000,山东省,"36.424003,120.493812"
1147,青岛悦祺汽车销售有限公司,0532-85360999,青岛市平度市青岛路477-7号（西关汽车城）青岛路4777号青岛千霖西关汽车城,370200,青岛市,370000,山东省,"36.781263,119.936936"
817,淄博悦骋汽车贸易有限公司,0533-7171888,山东省淄博市临淄区临淄大道与清田路路口交汇处向西500米路南,370300,淄博市,370000,山东省,"36.824971,118.225444"
851,淄博东煜达汽车有限公司,0533-2983700,淄博市张店区山泉路212号,370300,淄博市,370000,山东省,"36.771178,118.045871"
937,淄博顺骋汽车贸易有限公司,0533-6219000,山东省淄博市张店区中心路176-1号,370300,淄博市,370000,山东省,"36.832371,118.075076"
689,滕州东亚汽车销售服务有限公司,0632-5085555,滕州市龙泉南路王开转盘南600米路东,370400,枣庄市,370000,山东省,"35.050808,117.204229"
974,枣庄征骋汽车销售服务有限公司,0632-3789999,枣庄市西外环南园立交桥北600米路西,370400,枣庄市,370000,山东省,"34.874972,117.535669"
738,莱阳市弘源汽车销售服务有限公司,0535-7333222,莱阳市开发区118号,370600,烟台市,370000,山东省,"36.946803,120.644909"
852,烟台荣通汽车贸易有限公司,0535-6023158,烟台市芝罘区机场路39-1号,370600,烟台市,370000,山东省,"37.4956848,121.370059"
976,烟台荣悦汽车销售服务有限公司,0535-6833888,烟台市芝罘区幸福南路7-5号,370600,烟台市,370000,山东省,"37.565205,121.341845"
1075,莱州市利源汽车销售有限公司,0535-2298701/2281551,山东神莱州市开发区城港南路1299号,370600,烟台市,370000,山东省,"37.2216021,119.948025"
1110,龙口市东平汽车服务有限公司,0535-8618366,龙口市南山路1162号,370600,烟台市,370000,山东省,"37.619889,120.510703"
647,潍坊华通汽车销售有限公司,0536--8661080,潍城经济开发区309国道以南彩虹路以西（潍城区政府对面）,370700,潍坊市,370000,山东省,"36.729503,119.032909"
782,潍坊华冠汽车销售服务有限公司,0536-2266088,山东省安丘市双丰大道永安路交叉口东行800米路南,370700,潍坊市,370000,山东省,"36.40895,119.229113"
971,寿光华骏汽车销售服务有限公司,0536-5500096,山东省寿光市潍高路与北环路交叉口路南,370700,潍坊市,370000,山东省,"36.898029,118.697586"
981,青州宝亨汽车贸易有限公司,0536-3520277,青州市玲珑山北路2288号,370700,潍坊市,370000,山东省,"36.742967,118.487795"
1009,潍坊隆运汽贸有限公司,0536-2216699,山东省高密市夷安大道8888号,370700,潍坊市,370000,山东省,"36.443065,119.789891"
1094,诸城市盛邦汽车销售服务有限公司,6430868,诸城市西外环与北外环交叉口（桥头部队）路西50米路南,370700,潍坊市,370000,山东省,"36.03113,119.371994"
1141,潍坊华瑞汽车销售服务有限公司,0536-8110001,潍坊市奎文区潍州路418号（金宝乐园南行2公里路西）,370700,潍坊市,370000,山东省,"36.648624,119.137072"
678,梁山铭浩汽车销售服务有限公司,0537-6592299,山东省济宁市梁山县水浒大道与G220国道交汇处向西500米南侧,370800,济宁市,370000,山东省,"35.760019,116.115569"
958,济宁辰鑫汽车销售服务有限公司,0537-3167779,济宁市崇文大道1号东艺工业园内,370800,济宁市,370000,山东省,"35.427662,116.675039"
1173,济宁启华汽车销售服务有限公司,0537-2480333,山东省济宁市105国道金宇汽配城对过,370800,济宁市,370000,山东省,"35.432887,116.553927"
855,泰安市山利达汽车销售有限公司,0538-6661500,泰安市泰山区省庄东部开发区科技中路86号,370900,泰安市,370000,山东省,"36.217671,117.208505"
1103,新泰宝达汽车销售服务有限公司,0538-7188111,山东省新泰市开发区新兴路千米立井南邻,370900,泰安市,370000,山东省,"35.892607,117.734694"
657,威海金阳光振洋汽车销售服务有限公司,0631-5911666,威海市临港区金阳光汽博城7号 起亚店,371000,威海市,370000,山东省,"37.331388,122.147275"
939,威海荣佳汽车贸易有限公司,0631-5961688,山东省威海市珠海路650号,371000,威海市,370000,山东省,"37.41482,122.157162"
1134,文登荣达汽车销售服务有限公司,0631-8770999,文登区九里国际汽车城迎宾路1号东风悦达起亚,371000,威海市,370000,山东省,"37.248603,122.05214"
813,日照悦启汽车销售服务有限公司,0633-3673333,日照市日照北路日照一中向北800米,371100,日照市,370000,山东省,"35.454523,119.471178"
739,莱芜市鑫悦汽车销售服务有限公司,0634-6639999,山东省莱芜市莱城工业区汽车商贸城,371200,莱芜市,370000,山东省,"36.293385,117.657899"
705,临沂瑞驰汽车销售服务有限公司,0539-8179010,临沂市兰山区蒙山大道与平安路交汇南100米路东,371300,临沂市,370000,山东省,"35.049814,118.319179"
850,山东中汽贸易有限公司,0539-7061555,山东省临沂市金九路与沂州路交汇处西500米路南,371300,临沂市,370000,山东省,"35.020946,118.354179"
1117,临沂启华汽车销售服务有限公司,0539-7678877,临沂市河东区温泉路与金桥街交汇处河东汽车超市,371300,临沂市,370000,山东省,"35.103181,118.43674"
703,禹城市博大汽车销售有限公司,0534-7727188,禹城市南外环杨庄大桥东侧200米省道101路北,371400,德州市,370000,山东省,"36.923432,116.621412"
929,德州中冀高级汽车销售有限责任公司,0534-2553398,山东省德州市德城区天衢东路金华茶城本门东侧,371400,德州市,370000,山东省,"37.45876,116.375294"
1152,德州华耀汽车销售有限公司,0534-8398888,山东省德州市德城区东风中路389号,371400,德州市,370000,山东省,"37.448945,116.325485"
938,聊城北斗汽车商贸有限公司,0635-8358888,山东省聊城市经济开发区东昌东路169号,371500,聊城市,370000,山东省,"36.465701,116.071449"
1127,聊城市圣源汽车销售服务有限公司,0635-5096666,聊城市光岳北路（江北汽车城斜对过）,371500,聊城市,370000,山东省,"36.483256,116.033494"
707,邹平福骋汽车贸易有限公司,0543-5065666,邹平县黛溪街道办事处马庄村,371600,滨州市,370000,山东省,"36.913479,117.738423"
940,滨州运通汽车销售有限公司,0543-3479777,滨州市滨城区北外环路中段北侧,371600,滨州市,370000,山东省,"37.442278,118.023575"
602,郓城亿隆汽贸有限公司,0530-6717777,山东省菏泽市郓城县经济开发区开拓路西段路北,371700,菏泽市,370000,山东省,"35.58566,115.976256"
653,菏泽铂亚达汽车销售服务有限公司,0530-6273666,山东省菏泽市定陶县车管所北临范蠡国际汽车城,371700,菏泽市,370000,山东省,"35.118478,115.596361"
984,菏泽正通汽贸有限公司,0530-5602766,牡丹区昆明路中段,371700,菏泽市,370000,山东省,"35.268203,115.56267"
1161,菏泽祥瑞汽贸有限公司,0530-6292999,山东省菏泽市黄河东路800号正大汽车广场（车管所东两公里路南）,371700,菏泽市,370000,山东省,"35.269488,115.563622"
645,河南臻宝汽车贸易有限公司,0371-56173333,郑州市金水区中州大道与光明路（原柳林东路）向西300米路北,410100,郑州市,410000,河南省,"34.83696,113.695425"
697,河南亚琪汽车贸易有限公司,0371-64391118,北京市朝阳区南四环东路49号,410100,郑州市,410000,河南省,"34.7792,113.020645"
716,新郑市汇昌汽车销售服务有限公司,0371-85125888,新郑市郑韩路西段路北366号,410100,郑州市,410000,河南省,"34.4113,113.717332"
787,郑州恒信国亚汽车销售服务有限公司,0371-55050008,郑州市南三环与文治路交叉口南800米,410100,郑州市,410000,河南省,"34.696255,113.729502"
788,河南普泽汽车销售服务有限公司,0371-86521188,郑州市郑东新区黄河南路与经北六路交叉口,410100,郑州市,410000,河南省,"34.739876,113.755716"
868,河南新裕隆汽车销售服务有限公司,0371-65590188,郑州市郑花路北段河南汽车贸易中心院内(东风悦达起亚河南裕隆4S店),410100,郑州市,410000,河南省,"34.869483,113.683883"
869,河南广发汽车销售服务有限公司,0371-56581555,中原西路与杭州路交叉口向西1公里路北大中原国际汽车城C区 东风悦达起亚郑州广发4S店,410100,郑州市,410000,河南省,"34.795031,113.60105"
915,河南万盛汽车销售服务有限公司,0371-69169111,郑州市郑汴路116号中博汽车广场北门,410100,郑州市,410000,河南省,"34.756524,113.714706"
706,开封市万宝麒麟汽车销售有限公司,0371-26652666 / 0371-26712999,祥符区310国道与园区路交叉口向北200米路西（开封县新人民检察院对面）,410200,开封市,410000,河南省,"34.750535,114.463657"
923,开封中悦汽车销售服务有限公司,0371-22267555,开封市金明大道与东京大道交叉(新河南大学)转盘东北角,410200,开封市,410000,河南省,"34.830181,114.309752"
606,洛阳起亚普华汽车销售服务有限公司,0379-65525566,洛阳市洛龙区政和路1号,410300,洛阳市,410000,河南省,"34.628082,112.475956"
784,洛阳市德众中亚汽车销售服务有限公司,0379-69978666,洛阳市西工区汉宫路5号,410300,洛阳市,410000,河南省,"34.695029,112.420833"
985,洛阳悦达汽车有限公司,0379-65278008,洛阳市e河区九都东路名车苑,410300,洛阳市,410000,河南省,"34.6865612,112.515284"
1163,洛阳市天之凯汽车销售有限公司,0379-65266688,河南省洛阳市洛龙区洛龙科技园园西大道众德慧汽车城合资2号,410300,洛阳市,410000,河南省,"34.5831120000,112.3835680000"
1029,平顶山市亚新源汽车销售服务有限公司,0375-3288777,河南省平顶山市建设路东段与开发路交叉口向西50米路南,410400,平顶山市,410000,河南省,"33.7387623,113.390467"
1213,河南浩博路通汽车销售服务有限公司,0375-7353666,河南省平顶山市舞钢市建设路西段半山刘村北（原铁山乡客运院内）,410400,平顶山市,410000,河南省,"33.338978,113.533276"
639,林州东盛弘顺汽车销售有限公司,0372-6133666,林州市南林高速口西1000米路南,410500,安阳市,410000,河南省,"36.062665,113.948671"
1165,安阳市悦睿汽车销售服务有限公司,0372-2116888,安阳市梅东路与文昌大道交叉口,410500,安阳市,410000,河南省,"36.079288,114.310134"
676,长垣大信汽车贸易有限公司,0373-8818999,长垣县山海大道中段,410700,新乡市,410000,河南省,"35.1843,114.653301"
956,新乡市诚盛汽车销售服务有限公司,0373-3537878,新乡市南环路与新飞大道交叉口南环汽车广场院内,410700,新乡市,410000,河南省,"35.266056,113.905657"
968,焦作交运集团富隆汽车销售服务股份有限公司,0391-3563999,焦作市迎宾路沙河桥南富源汽车城,410800,焦作市,410000,河南省,"35.161308,113.269769"
1234,濮阳市瑞晨汽车销售有限公司,0393-4499888,河南省濮阳市中原路与濮水路交叉口东南角,410900,濮阳市,410000,河南省,"35.787788,114.984958"
641,许昌通富汽贸有限公司,0374-8021666,许昌市前进路与许州路交叉口汽车公园内,411000,许昌市,410000,河南省,"34.026127,113.897124"
829,许昌正达汽车销售服务有限公司,0374-3123888,河南省许昌市许由路与延安路交叉口向东300米路北,411000,许昌市,410000,河南省,"34.0098570000,113.8622430000"
1226,漯河润隆汽车销售服务有限公司,0395-3396111,河南省漯河市舞阳县张家港路东段南侧（龙田精密仪器厂西邻）,411100,漯河市,410000,河南省,"33.451878,113.642875"
695,灵宝天紫汽车销售服务有限公司,0398-8659000,灵宝市长安路汽车商贸城,411200,三门峡市,410000,河南省,"34.540524,110.86618"
783,南阳天翊汽车销售服务有限公司,0377-68833333,南阳市北京路北段气象局向北500米路东,411300,南阳市,410000,河南省,"33.029323,112.504254"
1245,南阳兴源汽车销售服务有限公司,0377-67057666,南阳市B11路与经十三路交叉口双铺超站对面泰祥汽车城内,411300,南阳市,410000,河南省,"32.9645140000,112.6031130000"
751,商丘市铭悦汽车销售服务有限公司,0370-3991777,商丘市北海路与星林路交汇处,411400,商丘市,410000,河南省,"34.399854,115.703286"
992,商丘市佳瑞汽车销售服务有限公司,0370-2589911,河南省商丘市平原路86号,411400,商丘市,410000,河南省,"34.455759,115.602055"
1111,永城市羿天汽车销售有限公司,0370-5430889,永城市芒山南路春雨汽车城内,411400,商丘市,410000,河南省,"33.9077172,116.329719"
626,信阳旭日汽车销售服务有限公司,0376-3573333,信阳市312国道与京港澳高速路口交汇处向西500米路南,411500,信阳市,410000,河南省,"32.132744,114.207344"
1054,信阳悦达起亚汽车销售服务有限公司,0376-3711111,河南省信阳市羊山新区312国道银钱村,411500,信阳市,410000,河南省,"32.132135,114.155926"
1214,潢川县鸿悦汽车销售服务有限公司,0376-3118111,河南省信阳市潢川县三环路黄锈集团西侧,411500,信阳市,410000,河南省,"32.150712,115.054049"
629,周口乐达汽车销售服务有限公司,0394-8687788,大庆路与北环路交叉口向东200米路北,411600,周口市,410000,河南省,"33.657194,114.67853"
1229,周口普泽汽车销售服务有限公司,0394-8961888,河南省周口市川汇区中州大道与太昊路交叉口西北角,411600,周口市,410000,河南省,"33.5992040000,114.6418610000"
1185,驻马店市老黑汽车销售服务有限公司,0396-3507777,驿城大道与开源大道交叉口路北200米西,411700,驻马店市,410000,河南省,"33.021459,114.067606"
797,潜江市如日中正汽车贸易有限公司,0728-6492580,潜江市潜阳西路39号天驰汽车城A5-1,419000,省直辖县级行政区划,420000,湖北省,"30.421158,112.870244"
1065,济源市贰仟家昌达汽车销售服务有限公司,0391-6609878,济源市沁园北路（二水厂北200米路东）,419000,省直辖县级行政区划,410000,河南省,"35.106385,112.615072"
812,武汉励嘉汽车服务有限公司,027-86361888,武汉市洪山区和平乡铁机村2号附3号,420100,武汉市,420000,湖北省,"30.599638,114.376043"
865,武汉汇杰汽车销售服务有限公司,027-84673923,湖北省武汉市汉阳大道蔡甸方向董家店村特1号（东风悦达起亚汇杰专营店）,420100,武汉市,420000,湖北省,"30.564611,114.160258"
866,武汉翔仕汽车服务有限公司,027-86368816,武汉市洪山区南湖大道66号,420100,武汉市,420000,湖北省,"30.486267,114.353619"
966,武汉悦莱汽车服务有限公司,027-83911515,武汉市江岸区黄浦科技园特16号,420100,武汉市,420000,湖北省,"30.632924,114.286436"
1116,武汉泽泰汽车销售服务有限公司,027-86698888,湖北省武汉市武昌江夏区藏龙岛九凤街1号,420100,武汉市,420000,湖北省,"30.437633,114.420085"
1197,桐庐昌炎汽车销售服务有限公司,0728-3206233,浙江省桐庐县白云源路1555号（世纪车城内）,420100,武汉市,420000,湖北省,"29.791552,119.693"
994,黄石市恒天盛汽车销售服务有限公司,0714-6398888,湖北省黄石市大泉路168号,420200,黄石市,420000,湖北省,"30.217198,115.01705"
597,湖北智阳物资贸易有限公司,0719-8266686,湖北省十堰市茅箭区和谐大道中段,420300,十堰市,420000,湖北省,"32.608676,110.863844"
920,宜昌华星中南汽车销售服务有限公司,0717-6903066,湖北省宜昌市西陵区发展大道69号（易中建材市场易陶馆1号楼）,420500,宜昌市,420000,湖北省,"30.734861,111.34505"
1202,宜都远征汽车销售有限公司,0717-4908655,湖北省宜都市姚家店镇姚家店村一组民富汽车城内东风悦达起亚4S店,420500,宜昌市,420000,湖北省,"30.374144,111.456517"
715,襄阳佳乐宝汽车销售服务有限公司,0710-3078666,襄阳市富康大道南深圳工业园名车城,420600,襄阳市,420000,湖北省,"32.123355,112.259047"
1002,襄阳金驹汽车销售服务有限公司,0710-3317789,襄阳市邓城大道东段襄阳新城对面,420600,襄阳市,420000,湖北省,"32.102277,112.191976"
1058,湖北荆门大富豪汽车贸易有限公司,0724-2496999,湖北省荆门市虎牙关大道2-5号,420800,荆门市,420000,湖北省,"31.010706,112.210766"
1220,湖北长惠汽车商贸有限公司,0712-8392389,湖北省汉川市滨湖大道9号（东风悦达起亚长惠特约店）,420900,孝感市,420000,湖北省,"30.673522,113.837699"
1227,利辛县迎宾汽车销售服务有限公司,0558-8866008,湖北省汉川市滨湖大道9号（东风悦达起亚长惠特约店）,420900,孝感市,420000,湖北省,"30.648069,113.807412"
1240,孝感元秀汽车销售服务有限公司,0712-2687666,湖北省孝感市孝汉大道6号 ,420900,孝感市,420000,湖北省,"30.9359710000,113.9599190000"
1078,荆州市天颐汽车销售服务有限公司,0716-8492555,荆州市荆州区荆沙大道草市渔场地段,421000,荆州市,420000,湖北省,"30.360952,112.240343"
1205,公安县锦悦汽车销售服务有限公司,0716-5233555,湖北省荆州市公安县恒盛国际汽配城2号楼,421000,荆州市,420000,湖北省,"30.059454,112.207002"
811,黄冈道全安汽车销售服务有限公司,0713-8341677,黄冈市黄州区南湖农场榨舟山,421100,黄冈市,420000,湖北省,"30.452457,114.98552"
1242,随州市孛冉汽车销售服务有限公司,0722-3285888,湖北省随州市交通大道K155号,421300,随州市,420000,湖北省,"31.6971400000,113.4266640000"
1059,恩施宏源瑞驰汽车销售服务责任有限公司,0718-8419222,湖北省恩施市金桂大道133号,422800,恩施土家族苗族自治州,420000,湖北省,"30.328341,109.502691"
601,天门悦鑫汽车销售服务有限公司,0728-5809939,湖北省天门市竟陵街道东环路承天国际车城C3-1,429000,省直辖县级行政区划,420000,湖北省,"30.676618,113.199674"
637,湖南腾飞美达汽车销售服务有限公司,0731-82906555,湖南长沙岳麓区麓谷汽车世界B-7,430100,长沙市,430000,湖南省,"28.216326,112.864989"
719,湖南东润汽车贸易有限公司,0731-83227888,浏阳市花炮大道汽车西站往太平桥方向600米,430100,长沙市,430000,湖南省,"28.15861,113.599484"
750,长沙九亚汽车销售服务有限公司,0371-88557700,长沙市望城区金星北路四段599号（大湖林场附近）,430100,长沙市,430000,湖南省,"28.319836,112.897678"
867,湖南天润凯达汽车销售服务有限公司,4000-198-777,湖南省长沙市中南汽车世界H16号,430100,长沙市,430000,湖南省,"28.242293,113.074369"
1129,湖南九达汽车销售服务有限公司,0731-88812111,湖南省长沙市岳麓区含浦镇（猴子石大桥往长潭西高速方向三公里）,430100,长沙市,430000,湖南省,"28.148313,112.921752"
1168,湖南省珈同汽车贸易有限公司,0731-87542999,长沙市宁乡县白马桥乡白马村大塘组（白龙大道旁）,430100,长沙市,430000,湖南省,"28.242447,112.54064"
1241,湖南兰天天亚汽车销售有限公司,0731-88277607,长沙高新开发区岳麓西大道3599号雷锋街道兰天汽车文化园11号栋102室,430100,长沙市,430000,湖南省,"28.2492110000,112.7942980000"
672,攸县金骏汽车销售服务有限公司,0731-24256699,湖南省株洲市攸县湘东汽贸城侧（东风悦达起亚4S店）,430200,株洲市,430000,湖南省,"26.9825,113.347719"
1020,湖南金凯汽车贸易有限公司,22208222,湖南株洲市天元区栗雨工业园金凯路7号,430200,株洲市,430000,湖南省,"27.842859,113.098554"
1024,湘潭市九亚汽车销售服务有限公司,0731-52728988,湖南省湘潭市九华示范区湘望路2号,430300,湘潭市,430000,湖南省,"27.939871,112.942435"
1050,衡阳市超强汽车销售服务有限公司,0734-8439666,湖南省衡阳市蒸湘区杨柳村二组,430400,衡阳市,430000,湖南省,"26.878208,112.57956"
1045,邵阳顺驰汽车销售服务有限公司,0739-5187171,湖南省邵阳市邵阳大道大兴路口北侧100米,430500,邵阳市,430000,湖南省,"27.260919,111.557051"
773,岳阳广宇汽车销售服务有限公司,0730-8918333,岳阳市巴陵东路八字门汇沣家居城A区,430600,岳阳市,430000,湖南省,"29.428747,113.179489"
1219,华容县东南盛达汽车销售服务有限公司,0730-4265222,湖南省岳阳市华容县胜峰乡珠头山村/414200,430600,岳阳市,430000,湖南省,"29.5393910000,112.6273690000"
770,常德双星星悦汽车销售服务有限公司,0736-2693888、,湖南省常德市常德大道德山樟木桥段（康乐加油站旁）,430700,常德市,430000,湖南省,"28.933481,111.729171"
960,常德市东亚汽车服务有限公司,0736―7776921,常德市湘西北汽贸城龙港北路（丁玲公园斜对面）,430700,常德市,430000,湖南省,"29.074369,111.681235"
1201,澧县湘北汽车城有限公司,0736-3226199,澧县津澧大道与十一支交汇处湘北汽车起亚店,430700,常德市,430000,湖南省,"29.646321,111.739429"
757,张家界九亚汽车销售服务有限公司,0744-8780333 / 0744-8780555,湖南省张家界市阳湖坪工业园九城汽车大世界（长张高速收费站）,430800,张家界市,430000,湖南省,"29.139546,110.564155"
1046,益阳晓园华美汽车销售服务有限公司,0737-2222777,湖南省益阳市赫山区十洲路（农业发展银行旁）,430900,益阳市,430000,湖南省,"28.576603,112.398164"
623,郴州鹏洋恒达汽车销售服务有限公司,0735-2629999,湖南省郴州市苏仙区郴州大道与京珠高速交汇处,431000,郴州市,430000,湖南省,"25.778631,113.075875"
979,郴州华悦贸易有限责任公司,0735-2119777,湖南省郴州市开发区万华路1号,431000,郴州市,430000,湖南省,"25.759054,113.003984"
1081,怀化燕兴汽贸有限公司,0745-2295599,湖南省怀化市鹤城区南环路（廉租房正对面）,431200,怀化市,430000,湖南省,"27.525577,109.990548"
983,娄底市华新汽车销售服务有限公司,0738-8379333, 娄底市湘阳路棉纺厂前50米,431300,娄底市,430000,湖南省,"27.741564,112.04599"
718,吉首晓园汽车销售服务有限公司,0743-8662888,吉首市大田湾肖家坪永通汽贸城,433100,湘西土家族苗族自治州,430000,湖南省,"28.306805,109.763298"
609,广州市悦达汇创汽车销售服务有限公司,020-36403686,白云区黄石东路701号,440100,广州市,440000,广东省,"23.210215,113.289136"
612,广州胜亚汽车销售服务有限公司,020-84767666,广州市番禺区番禺大道冼庄立交南300米瑞华汽车城内,440100,广州市,440000,广东省,"22.987601,113.362625"
690,广州新宏盛汽车服务有限公司,020-82679938,广州市增城区新塘107国道太平洋工业区路段,440100,广州市,440000,广东省,"23.12742,113.583068"
856,广东起骏汽车贸易有限公司,82328300,广州市天河区黄埔大道东255号,440100,广州市,440000,广东省,"23.116683,113.406679"
1011,广州市车粉丝汽车贸易有限公司,020-37088818/37084788,广州市天河区广汕路元岗路段广州汽车市场内,440100,广州市,440000,广东省,"23.1870806,113.358261"
1101,广州市起悦汽车贸易有限公司,020-86970663,广州市花都区建设北路238号（众赢汽车城内）,440100,广州市,440000,广东省,"23.430616,113.221384"
942,韶关市致达汽车销售服务有限公司,0751-8263303/0751-8263313,韶关市浈江区南郊四公里亿华汽车世界内,440200,韶关市,440000,广东省,"24.768987,113.593075"
704,深圳润朋汽车销售服务有限公司,0755-27378877,深圳市宝安区福永街道107国道与怀德南路交汇处2号,440300,深圳市,440000,广东省,"22.662877,113.83323"
898,深圳市汇天源机电设备有限公司,0755-83052528,深圳市福田区红荔西路联合华鹏汽车广场B2-2A,440300,深圳市,440000,广东省,"22.547705,114.03842"
941,深圳市兴唐投资发展有限公司,0755-89731278,深圳市龙岗区横岗镇信仪汽车城38号,440300,深圳市,440000,广东省,"22.673666,114.231349"
1026,珠海市广大昌汽车销售有限公司,0756-3835333,珠海市香洲区前山工业区华威路100号,440400,珠海市,440000,广东省,"22.289563,113.505115"
857,汕头市驰恒汽车有限公司,0754-88811688,汕头市长平路191号（即火车铁路旁）,440500,汕头市,440000,广东省,"23.368734,116.763398"
605,佛山市东众汽车销售服务有限公司,0757-87785225,佛山市三水区南丰大道18号,440600,佛山市,440000,广东省,"23.216507,112.925725"
904,佛山市富亚汽车销售服务有限公司,0757-88033888,佛山市禅城区佛山大道国际车城北区3座2号,440600,佛山市,440000,广东省,"23.0132213,113.105902"
1166,佛山市和威达汽车销售服务有限公司,0757-81857719,广东省佛山市南海区桂城海八路华南汽车城G12-11,440600,佛山市,440000,广东省,"23.073514,113.133971"
725,湛江市东森汽车销售服务有限公司,0759-3107667,广东省湛江市赤坎区双港路15号,440800,湛江市,440000,广东省,"21.303051,110.378344"
858,茂名市东方汽车销售服务有限公司,0668-2730333,茂名市茂水路279号（亿泰汽车城）,440900,茂名市,440000,广东省,"21.635545,110.919921"
1191,肇庆市粤顺达汽车销售服务有限公司,0758-2706928,肇庆市端州区黄岗镇大冲321国道侧,441200,肇庆市,440000,广东省,"23.106023,112.50181"
769,惠州市瑞涛汽车贸易有限公司,0752-2311333,惠州市三栋镇惠南汽车城对面,441300,惠州市,440000,广东省,"22.982277,114.458586"
1118,惠州市辉达汽车贸易有限公司,0752-5815888,惠州市惠城区河南岸大汽车市场内,441300,惠州市,440000,广东省,"23.069054,114.423412"
1119,惠州市润泰投资有限公司,0752-3813999,惠州市惠阳区淡水镇古屋高屋村平龙公路旁,441300,惠州市,440000,广东省,"22.81956,114.500731"
1204,惠州市博骏汽车有限公司,0752-6211999,广东省惠州市博罗县罗阳镇广汕公路旁（联运大厦对面）辉达汽车城起亚店,441300,惠州市,440000,广东省,"23.175034,114.270879"
916,梅州市春天起亚汽车销售服务有限公司,0753-2368111,广东省梅州市环市西路春天汽车城,441400,梅州市,440000,广东省,"24.332094,116.103849"
1108,河源市新英达汽车销售服务有限公司,0762-2859806,河源市河埔大道西细女抱蔬地段,441600,河源市,440000,广东省,"23.716713,114.702225"
1004,阳江市德诚起亚汽车销售服务有限公司,0662-2888999,阳江市华侨新村8路69号,441700,阳江市,440000,广东省,"21.878385,111.979311"
1000,清远市骏飞汽车销售服务有限公司,0763-3388883,广东省清远市新城B28号区奇鸿汽车城5号,441800,清远市,440000,广东省,"23.666397,113.064375"
1215,英德市粤海汽车销售服务有限公司,0763-2271818,英德市英城浈阳路城西派出所后背侧面第一卡,441800,清远市,440000,广东省,"24.187944,113.390869"
611,东莞市福幸汽车销售服务有限公司,0769-38833070,广东省东莞市厚街镇三屯村s256省道三屯派出所旁,441900,东莞市,440000,广东省,"22.959792,113.691405"
674,东莞市常平汇天源汽车销售服务有限公司,0769-86008808/ 0769-86008811,广东东莞常平环常西路金美路段,441900,东莞市,440000,广东省,"22.964873,113.971512"
859,东莞市永濠汽车销售服务有限公司,0769-22904888,东莞市南城区莞太大道周溪路段208号,441900,东莞市,440000,广东省,"22.99949,113.725783"
899,东莞市汇天源汽车销售服务有限公司,0769-83269292,东莞市寮步镇国际汽车城A-01-05（起亚4S中心）,441900,东莞市,440000,广东省,"23.018403,113.855793"
987,东莞市东众实业有限公司,0769-82770999,东莞市塘厦镇塘厦大道北223号,441900,东莞市,440000,广东省,"22.851894,114.102228"
1192,东莞市永泰汽车有限公司,0769-81689558/81689559,广东省东莞市虎门镇莞太大道白沙路段248号,441900,东莞市,440000,广东省,"22.861723,113.682929"
860,中山市永奥汽车贸易有限公司,0760-88282808,中山市火炬开发区大岭中山汽车城内,442000,中山市,440000,广东省,"22.537259,113.46035"
1049,中山市悦雅汽车贸易有限公司,0760-22822922,中山市东升镇坦背105国道达兴汽车城内,442000,中山市,440000,广东省,"22.5823852,113.328318"
1007,潮州市中正汽车贸易有限公司,0768-2981818,浮洋镇潮汕公路乌洋路段乌洋市场斜对面，东风悦达起亚潮州中正店,445100,潮州市,440000,广东省,"23.610183,116.606915"
906,揭阳市荣通汽车贸易有限公司,0663-8222006,广东省揭阳市环市北路与新河路交界处,445200,揭阳市,440000,广东省,"23.574008,116.389414"
832,云浮市华粤汽车销售服务有限公司,0766-8333300,广东省云浮市云城区云城街大i村委机械城侧,445300,云浮市,440000,广东省,"22.921898,112.02783"
604,广西普鑫泽源汽车销售服务有限公司,0771-2807778,沙井大道92号东风悦达起亚普鑫泽源专营店,450100,南宁市,450000,广西壮族自治区,"22.786832,108.258404"
801,广西弘顺汽车销售服务有限公司,7713949386,广西南宁市秀厢大道199号金源汽车城内,450100,南宁市,450000,广西壮族自治区,"22.869611,108.36911"
864,广西通惠汽车销售服务有限公司,0771-2244666,广西南宁市白沙大道69号,450100,南宁市,450000,广西壮族自治区,"22.78218,108.303379"
1034,广西荣力汽车销售服务有限公司,0771-3212688,南宁市快环路秀厢大道22号（科德路口旁）,450100,南宁市,450000,广西壮族自治区,"22.856914,108.265212"
720,桂林新旗亚商贸有限责任公司,0773-2668788,灵川县八里街大西南汽车城八里七路11号,450300,桂林市,450000,广西壮族自治区,"25.359501,110.318127"
721,北海恒威汽车销售有限公司,0779-3990111,北海市北海大道贵航汽车城对面,450500,北海市,450000,广西壮族自治区,"21.488298,109.171875"
1169,钦州东源汽车销售服务有限公司,0777-2550222,钦州市北部湾大道大润发往北直行500米处（右侧）,450700,钦州市,450000,广西壮族自治区,"21.978508,108.618583"
624,玉林市骏利汽车销售服务有限公司,0775-2336767,广西玉林市玉州区正泰路1号,450900,玉林市,450000,广西壮族自治区,"22.649315,110.196878"
722,百色润通汽车销售服务有限公司,0776-2222099,广西百色市右江区城东大道与大旺路交汇处联润汽贸园内,451000,百色市,450000,广西壮族自治区,"23.859815,106.673395"
861,海南创亿汽车销售服务有限公司,0898-66801913,海南省海口市南海大道61号,460100,海口市,460000,海南省,"20.0013166,110.328309"
1157,海口智晨汽车销售服务有限公司,0898-68609900,海口市南海大道南侧华南汽车城,460100,海口市,460000,海南省,"20.001639,110.276155"
1010,三亚创元汽车销售服务有限公司,0898-38210888,三亚市迎宾大道515号东风悦达起亚专营店,460200,三亚市,460000,海南省,"18.28955,109.576098"
691,四川申蓉桂锋汽车销售服务有限公司,028-86496999,四川省成都市武侯区武侯大道南延线武兴路110号,510100,成都市,510000,四川省,"30.626641,103.983036"
696,成都宏嘉汽车销售服务有限公司,028-61283388,成都市成华区成致路1号（龙潭汽车工业园内）,510100,成都市,510000,四川省,"30.688924,104.169433"
732,四川兴天合汽车销售服务有限公司,028-82688633/ 028-82688999,成都市温江区温泉大道三段浩瀚路2号,510100,成都市,510000,四川省,"30.673747,103.856982"
825,四川骏亚汽车销售服务有限公司,028-67356999,成都市新都区蜀龙大道南段三河街道长龙社区（成发420厂与成量厂之间）,510100,成都市,510000,四川省,"30.783279,104.169462"
1146,成都锦华汽车销售有限责任公司,028-87788296,四川省成都市锦江区汽车工业园皇经楼路269号,510100,成都市,510000,四川省,"30.690366,104.172256"
1194,成都宇霖启程汽车销售服务有限公司,028-69288222,成都市金堂县金堂大道997号,510100,成都市,510000,四川省,"30.849061,104.40381"
1235,成都集大成汽车销售服务有限公司,028-82688993,四川省成都市高新区火车南站西路1701号,510100,成都市,510000,四川省,"30.5950940000,104.0362600000"
1072,自贡庞大华泓汽车销售服务有限公司,0813-8777888,四川省自贡市贡井区南环路庞大川南汽贸城内东风悦达起亚4S店,510300,自贡市,510000,四川省,"29.336346,104.712765"
1071,泸州众汇新元素车业有限公司,0830-4276366,四川省泸州市纳溪区蓝安大道顺屋基浙江工业园,510500,泸州市,510000,四川省,"28.853974,105.409336"
1210,合江兴合汽车销售服务有限公司,0830-5286999,四川省泸州四合江县榕山临港工业园区联榕坝片,510500,泸州市,510000,四川省,"28.842512,105.918451"
1003,德阳市中意汽车销售服务有限责任公司,0838-2601688,四川省德阳市旌阳区金沙江路与岷山路交汇处西北角,510600,德阳市,510000,四川省,"31.076471,104.383487"
1211,德阳市晟翔汽车销售服务有限责任公司,0838-3063888,四川省德阳市庐山南路3段38号,510600,德阳市,510000,四川省,"31.093133,104.416486"
891,四川东风南方绵达汽车销售服务有限公司,0816-2545888,绵阳市绵兴东路131号,510700,绵阳市,510000,四川省,"31.4734265393,104.6790023335"
1167,绵阳世邦汽车销售有限公司,0816-2697555,四川省绵阳市经开区绵州大道中段6号,510700,绵阳市,510000,四川省,"31.426597,104.778511"
1042,广元市金悦顺汽车销售有限公司,0839-3563666,四川省广元市下西物流园区(金顺汽车园),510800,广元市,510000,四川省,"32.420438,105.816675"
1132,遂宁骏德汽车有限公司,0825-2376333,四川省遂宁市船山区中国西部现代物流港内（出高速公路遂宁南收费站右转300米）,510900,遂宁市,510000,四川省,"30.460388,105.571853"
599,内江悦嘉汽车销售服务有限公司,0832-2157888,内江市经济技术开发区汉兴路366号,511000,内江市,510000,四川省,"29.576173,105.010588"
1095,乐山天牛东亚汽车销售服务有限公司,0833- 2306066,四川省乐山市市中区通江镇王河村3组,511100,乐山市,510000,四川省,"29.617497,103.743549"
759,南充明云跃起车业有限公司,0817-3357077,四川省南充市高坪区机场大道东顺路68号,511300,南充市,510000,四川省,"30.775958,106.177405"
989,南充一品天成车业有限公司,0817-2516666,四川省南充市顺庆区潆溪镇杨家桥村一社,511300,南充市,510000,四川省,"30.885339,106.059244"
1223,阆中市华志汽贸有限公司,0817-6577566,四川省南充市阆中市七里大道389号（孙家垭收费站旁）,511300,南充市,510000,四川省,"31.550396,106.008173"
760,宜宾安鸿吉亚汽车销售服务有限公司,0831-8886119/ 0831-8880919,四川省宜宾市临港经济开发区飞云路北段安吉汽车城,511500,宜宾市,510000,四川省,"28.801833,104.668348"
1105,达州梁材汽车销售服务有限公司,0818-3736666,四川省达县南外新桥村唐家湾,511700,达州市,510000,四川省,"31.17687,107.514452"
1221,大竹虹辉汽车贸易有限公司,0818-6222766,四川省达州市大竹县东柳乡东柳村9组（西大街柳桥路167号）,511700,达州市,510000,四川省,"30.7488249840,107.2501908693"
790,雅安市百美汽车销售服务有限公司,0835-2610666,四川省雅安市雨城区多营镇下坝村5号,511800,雅安市,510000,四川省,"29.994267,102.962792"
688,巴中圣鞍汽车销售服务有限公司,0827-5013777,巴中市黄家沟西部国际商贸城先锋汽车产业园区,511900,巴中市,510000,四川省,"31.854484,106.812685"
1154,资阳辰宇飞亚汽车销售服务有限公司,028-26602888,四川省资阳市雁江区外环路南段（新四海公司旁）,512000,资阳市,510000,四川省,"30.115525,104.616574"
977,西昌航天车业有限责任公司,0834－2509866,四川省凉山州西昌市名族风情园中路1号,513400,凉山彝族自治州,510000,四川省,"27.878924,102.256772"
635,贵州瀚羿睿宁汽车销售服务有限公司,0851-82543599,贵阳清镇汽车贸易城（贵州省贵阳市金马大道旁）,520100,贵阳市,520000,贵州省,"26.569004,106.511155"
793,贵州华亚新汽车贸易服务有限公司,0851-8334888,贵州省贵阳市花溪区孟关国际汽贸城,520100,贵阳市,520000,贵州省,"26.410151,106.753121"
890,贵州华通华悦汽车贸易服务有限公司,0851-4721666,贵州省贵阳市金阳南路118号,520100,贵阳市,520000,贵州省,"26.597404,106.638387"
795,贵州宏宇嘉和汽车贸易有限公司,0858-8167111,贵州省六盘水市钟山经济开发区红桥新区红山大道南客站斜对面,520200,六盘水市,520000,贵州省,"26.543608,104.911344"
610,遵义华悦通汽车销售有限公司,0851-28797778,贵州省遵义市汇川区董公寺汽车商贸城,520300,遵义市,520000,贵州省,"27.786212,106.927798"
950,遵义白天鹅汽车销售有限公司,0852-7357000,遵义县龙坑镇黔北国际汽车博览城,520300,遵义市,520000,贵州省,"27.601976,106.87587"
820,铜仁市华新汽车销售服务有限公司,0856-3235333,铜仁市谢桥新区铜大高速南出口处500米,522200,铜仁地区,520000,贵州省,"27.690651,109.172748"
1041,贵州林富汽车贸易有限责任公司,0859-3626888,贵州省兴义市坪东大道95号,522300,黔西南布依族苗族自治州,520000,贵州省,"25.099906,104.884528"
708,毕节市兴辉汽车销售有限责任公司,0857-7116777,贵州省毕节市双山新区小瓦路8号,522400,毕节地区,520000,贵州省,"27.271177,105.453263"
1160,贵州省黔东南州恒铃源汽车销售有限责任公司,0855-8517333,凯里市迎宾大道69号,522600,黔东南苗族侗族自治州,520000,贵州省,"26.571683,107.964778"
702,黔南州创力东风汽车贸易有限公司,0854-8580899/ 0854-8580898,贵州省都匀市甘塘创力汽车广场起亚4S店,522700,黔南布依族苗族自治州,520000,贵州省,"26.314828,107.467503"
1209,福泉市致悦汽车销售服务有限公司,0854-2225688,贵州省黔南布依苗族自治州福泉市洒金大道国际汽车城1号楼一、二层 /邮编550599,522700,黔南布依族苗族自治州,520000,贵州省,"26.7186890000,107.5162520000"
646,云南中星汽车销售服务有限公司,0871-67396738,云南省昆明市官渡区彩云北路7452号，云秀路与珥季路中间，中石油加油站旁,530100,昆明市,530000,云南省,"24.96975659,102.7733359"
885,云南谊和汽车经贸有限公司,0871-68329050,昆明市二环西路668号黄土坡烟草兴云汽车城内,530100,昆明市,530000,云南省,"25.075495,102.672606"
886,云南都市车迷苍峨汽车工贸有限公司,0871―65703358,昆明市盘龙区北京路延长线1048号,530100,昆明市,530000,云南省,"25.085357,102.736224"
1150,云南吉至汽车销售有限公司,（0871）3313881,昆明市经开区国际汽车城C-03号,530100,昆明市,530000,云南省,"24.964867,102.810054"
794,宣威捷昱汽车销售服务有限公司,400-0874-338,云南省宣威市东大街（滇能大酒店对面),530300,曲靖市,530000,云南省,"26.225563,104.111162"
917,曲靖谊和汽车经贸有限公司,0874-3216811,云南省曲靖市麒麟区子午路（中央商务区）,530300,曲靖市,530000,云南省,"25.4736696,103.809381"
887,云南玉溪诚达汽车销售服务有限公司,0877-6102099,玉溪市玉带路17-1号,530400,玉溪市,530000,云南省,"24.364713,102.540222"
1121,昭通市滇东北机动车商贸有限公司,0870-8881655/ 0870-8881822,昭通市昭阳区团结路197号,530600,昭通市,530000,云南省,"27.328726,103.72008"
596,丽江悦鑫汽车销售服务有限公司,0888-3198666,丽江市玉龙县聚鑫路与玉泽西路交叉口(中正苑对面),530700,丽江市,530000,云南省,"26.83938,100.232177"
962,普洱鸿达悦亚汽车销售有限公司,0879-2150922,普洱市思茅区宁洱大道16号,530800,普洱市,530000,云南省,"22.824491,100.967545"
666,楚雄悦途汽车销售服务有限公司,0878-3036888,云南省楚雄市三家塘车管所旁,532300,楚雄彝族自治州,530000,云南省,"25.066166,101.504881"
991,云南红河诚达汽车销售服务有限公司,0873-7238666,云南省开远市兴远路3号,532500,红河哈尼族彝族自治州,530000,云南省,"23.708063,103.287868"
798,云南文山嘉宝汽车销售服务有限公司,0876-2146666,文山市国际汽车城（新中医院前行3公里）,532600,文山壮族苗族自治州,530000,云南省,"23.327176,104.285008"
998,大理嘉源汽车销售服务有限公司,0872-2327369,云南省大理市开发区泛亚汽车城南面,532900,大理白族自治州,530000,云南省,"25.6006435,100.269627"
694,芒市和润达程汽车销售服务有限公司,0692-2908888,云南省德宏州芒市河东路148号,533100,德宏傣族景颇族自治州,530000,云南省,"24.449911,98.609184"
921,西藏万融投资有限公司,0891-6835408,拉萨市鲁堆林卡路（八一路口东50米）,540100,拉萨市,540000,西藏自治区,"29.655935,91.084791"
665,陕西天锐盛航汽车销售服务有限公司,029-89690301/ 029-89690302,陕西省西安市长安区航天东路与工业三路十字东南角 029-89690301,610100,西安市,610000,陕西省,"34.15188,108.99689"
780,陕西长久吉盛汽车销售服务有限公司,029-86183275,西安市哄鄙态区汽车主题公园金桥三路中段,610100,西安市,610000,陕西省,"34.30990753,109.058612"
892,陕西百富通汽车服务有限公司,029-86520009,陕西省西安市经济开发区C5区凤城五路58号,610100,西安市,610000,陕西省,"34.335528,108.940405"
893,陕西恒泰汽车销售服务有限公司,029-62899999,西安市三桥经济技术开发区疏导线58号 中国西部国际车城4S店集群区,610100,西安市,610000,陕西省,"34.204805,108.944822"
1135,陕西瑞侨汽车销售服务有限公司,029-89195888,西安市西高新西部大道107号,610100,西安市,610000,陕西省,"34.1782392,108.863785"
711,铜川市星原汽车销售服务有限公司,0919-3158989,陕西省铜川市新区长丰南路,610200,铜川市,610000,陕西省,"34.906276,108.961242"
1005,宝鸡捷高恒泰贸易有限公司,0917-3613666,宝鸡市陈仓大道49号,610300,宝鸡市,610000,陕西省,"34.347868,107.287736"
643,陕西汇宁汽车贸易有限公司,029-33672000,咸阳市秦都区世纪大道以北黄家寨七组,610400,咸阳市,610000,陕西省,"34.325084,108.767216"
1122,陕西尚乘汽车贸易有限公司,029-33128000,陕西省咸阳市西兰路南上召汽车产业园,610400,咸阳市,610000,陕西省,"34.375737,108.679698"
664,陕西金渭悦泰汽车销售服务有限公司,0913-2121009,渭南市高新区乐天大街西段与新盛路十字向西300米,610500,渭南市,610000,陕西省,"34.524824,109.448655"
1001,渭南宏远恒泰汽车销售服务有限公司,0913-2092369,渭南市华山大街东段丰原路口东100米路南,610500,渭南市,610000,陕西省,"34.498393,109.533553"
622,延安汇章汽车销售服务有限公司,0911-8809688,延安市北郊陵园路合力北郊车城,610600,延安市,610000,陕西省,"36.64373689,109.4533737"
1018,延安汇宁汽车贸易有限责任公司,0911-2860666,陕西省延安市宝塔区南二十里铺柳树巷,610600,延安市,610000,陕西省,"36.519653,109.475092"
1076,汉中市恒远汽车销售有限公司,0916-2619333,陕西省汉中市汉台区石马坡什字北侧,610700,汉中市,610000,陕西省,"33.09958641,107.0261102"
804,榆林市阳光汽车发展有限公司,0912-8187711,陕西省榆林市东沙汽车产业园,610800,榆林市,610000,陕西省,"38.33566,109.863638"
978,榆林金利汽车销售服务有限公司,0912-3599555,榆林市开发区草海则村电厂路,610800,榆林市,610000,陕西省,"37.606236,108.828241"
1031,安康源瑞汽车销售服务有限公司,0915-8193333,陕西省安康市高新技术产业开发区钻石东路2号,610900,安康市,610000,陕西省,"32.722895,108.999616"
712,商洛泽泰盛世汽车销售服务有限公司,0914---2281999,陕西省商洛市商州区杨峪河镇谢塬村,611000,商洛市,610000,陕西省,"33.865925,109.894269"
772,兰州永奇汽车销售服务有限公司,0931-2361192/ 0931-2361193,兰州市七里河区南滨河中路1369号,620100,兰州市,620000,甘肃省,"36.095814,103.693079"
895,甘肃宝通汽车销售服务有限公司,0931-8383666,甘肃省兰州市大沙坪八里湾,620100,兰州市,620000,甘肃省,"36.124583,103.83171"
969,兰州悦丰汽车销售有限公司,0931-2553355,兰州市七里河区南滨河西路181号,620100,兰州市,620000,甘肃省,"36.093473,103.726856"
1153,白银钦盛汽车服务有限责任公司,0943-8281222,甘肃省白银市中科院高新技术产业园,620400,白银市,620000,甘肃省,"36.527727,104.185968"
1123,天水永欣汽车销售服务有限公司,0938-6837999,甘肃省天水市麦积区花牛镇花牛村（天水机场东侧）,620500,天水市,620000,甘肃省,"34.55974,105.876383"
663,武威铭泰汽车销售服务有限公司,0935-2566111,武威市凉州区大马大道城东工业区,620600,武威市,620000,甘肃省,"37.89990045,102.6816084"
714,张掖市天驰凯悦汽车销售服务有限责任公司,0936-5979999,张掖市东北郊工业园区昆仑大道北侧,620700,张掖市,620000,甘肃省,"38.945115,100.48699"
1098,酒泉金岛璐达汽车销售有限公司,0937-2855155,酒泉市西郊工业园区风光大厦向西3公里处,620900,酒泉市,620000,甘肃省,"39.77602906,98.3978085"
1040,庆阳晟驰汽车销售服务有限公司,0934-8888868,甘肃省庆阳市西峰区世纪大道南段,621000,庆阳市,620000,甘肃省,"35.755422,107.638188"
621,陇南协和美达汽车销售有限责任公司,0939-8898777,武都区吉石坝新区长江大道西延伸段协和汽贸城,621200,陇南市,620000,甘肃省,"33.41401008,104.858192"
758,临夏市环球顺腾汽车销售服务有限公司,0930-6289900 / 0930-6299922,甘肃省临夏州临夏市南龙镇马家庄（穆斯林物流园区）,622900,临夏回族自治州,620000,甘肃省,"35.5931054,103.2469827"
614,青海紫丰汽车销售服务有限公司,0971-7790000,青海省西宁市同安路156号,630100,西宁市,630000,青海省,"36.53630756,101.6694753"
961,青农集团青海三江源汽车贸易有限公司,0971-5226888,青海生物科技产业园海湖大道22号,630100,西宁市,630000,青海省,"36.69023706,101.7473082"
1104,青海嘉恒汽车销售有限公司,0971-8828333,青海省西宁市城东经济技术开发区昆仑东路14号,630100,西宁市,630000,青海省,"36.56836618,101.8787018"
654,格尔木广汇金屹汽车销售服务有限公司,0979-8425997,青海省格尔木市昆仑开发区广汇汽车城,632801,格尔木市,630000,青海省,"36.38942107,94.97638079"
779,银川恒信国亚汽车销售服务有限公司,0951-5660882,宁夏省银川市金凤区工业集中区创业街西侧,640100,银川市,640000,宁夏回族自治区,"38.4544598,106.1583771"
896,宁夏天利新华夏汽车连锁有限公司,0951-8988858,宁夏银川市德胜工业园区中央大道1-1号,640100,银川市,640000,宁夏回族自治区,"38.532656,106.322598"
1066,宁夏人和汽车销售服务有限公司,0951-8988758,银川市德胜工业区德鑫路,640100,银川市,640000,宁夏回族自治区,"38.542118,106.331271"
733,石嘴山恒信国亚汽车销售服务有限公司,0952-2039000,石嘴山市大武口区西环路东规划四号路北,640200,石嘴山市,640000,宁夏回族自治区,"39.025153,106.346679"
734,宁夏志成汽车销售服务有限公司,0953-2707222,宁夏省吴忠市利通区世纪大道北侧,640300,吴忠市,640000,宁夏回族自治区,"38.010441,106.227784"
607,新疆博亚天成汽车销售有限公司,0991-4169199,新疆乌鲁木齐南湖北路866号起亚4S店,650100,乌鲁木齐市,650000,新疆维吾尔自治区,"43.86236956,87.61238691"
662,新疆天宇华鑫汽车销售有限公司,0991-4189088/ 0991-6928928,新疆乌鲁木齐市经济技术开发区（头屯河区）工业园区头屯河公路2345号新疆天恒基国际汽车文化城A区2-4,650100,乌鲁木齐市,650000,新疆维吾尔自治区,"43.89750339,87.38309525"
821,新疆新旭汽车贸易有限公司,0991-6887272,新疆乌鲁木齐市米东区永顺街478号（交通学校院内）,650100,乌鲁木齐市,650000,新疆维吾尔自治区,"43.95146128,87.63855489"
894,新疆永泰祥车业贸易有限责任公司,0991-3756888,新疆维吾尔自治区乌鲁木齐市喀什西路756号附3号,650100,乌鲁木齐市,650000,新疆维吾尔自治区,"43.8843568,87.532858"
908,乌鲁木齐国奥和成汽车贸易有限责任公司,0991-6686920,乌鲁木齐市鲤鱼山北路1号赛博特国际汽车城c-5,650100,乌鲁木齐市,650000,新疆维吾尔自治区,"43.8808889,87.5996072"
1106,克拉玛依华悦起亚汽车销售服务有限公司,0990-6369518,新疆克拉玛依市西环路6号,650200,克拉玛依市,650000,新疆维吾尔自治区,"45.56364826,84.90210275"
700,吐鲁番广达汽车销售服务有限公司,0995-7602888,新疆吐鲁番地区吐鲁番市现代大道8号,652100,吐鲁番地区,650000,新疆维吾尔自治区,"43.019204,89.138035"
809,哈密市盈凯汽车销售服务有限公司,0902-2506067,哈密市广东工业园区岭南路,652200,哈密地区,650000,新疆维吾尔自治区,"42.824935,93.521008"
807,新疆昌吉汇京昌顺汽车销售服务有限公司,0994-6531668,昌吉市乌伊西路中山路街道办事处夹滩村汽车城南侧,652300,昌吉回族自治州,650000,新疆维吾尔自治区,"44.03328882,87.25192938"
1073,巴州强运汽车销售服务有限公司,0996-2708822,新疆库尔勒石化大道神州汽车城（车城美居旁）,652800,巴音郭楞蒙古自治州,650000,新疆维吾尔自治区,"41.72817775,86.21911327"
1087,阿克苏悦诚汽车销售有限公司,09972620222 / 09972620111,阿克苏市交通路25号金土地农哈哈大世界二期17号,652900,阿克苏地区,650000,新疆维吾尔自治区,"41.153026,80.303943"
710,喀什永祥起亚汽车销售有限公司,0998-6539008 6539009,新疆维吾尔自治区喀什地区疏勒县齐鲁工业园区,653100,喀什地区,650000,新疆维吾尔自治区,"39.420837,76.032264"
1189,伊犁沛林汽车销售有限公司,0999-7869999,新疆伊宁市巴彦岱中亚汽车博览中心,654000,伊犁哈萨克自治州,650000,新疆维吾尔自治区,"43.977875,81.23604"
709,阿勒泰地区华越升汽车销售服务有限公司,0906-3908880,新疆北屯西北路S319省道4公里处,654300,阿勒泰地区,650000,新疆维吾尔自治区,"44.4027897,84.92354707"
655,石河子市恒通吉成汽车销售服务有限公司,0993-7657777,新疆石河子市36小区东一路军垦汽车城186-3号,659000,自治区直辖县级行政区划,650000,新疆维吾尔自治区,"44.28807233,86.05937858"
