ID,Name,DealersID,AddressArea,Province,City,Area,Address,BaiduMapLng,BaiduMapLat,Telphone,Sites,SiteID,Brand,CanTestDrive,cars,ShopSaleTel,ShopID
818,安徽元盛汽车销售服务有限公司,安徽元盛汽车销售服务有限公司,,安徽省,合肥市,包河区,安徽省合肥市包河区安天机电2号楼(长春街与长白山路交口),117.3495026,31.80604935,,0,0,长城 哈弗,1,"125,126,522,44,411",0551-65796788,340105
811,安徽源润汽车服务有限公司,安徽源润汽车服务有限公司,,安徽省,蚌埠市,禹会区,安徽省蚌埠市迎宾大道西侧蚌埠国际汽车城,117.3190002,32.86803055,,0,0,长城 哈弗,1,"125,126,522,44,411",0552-4022666,340302
1280,安康奋发实业有限公司,安康奋发实业有限公司,,陕西省,安康市,汉滨区,陕西省安康市高新技术产业开发区钻石东路2号,108.9994965,32.72309875,,0,0,长城 哈弗,1,,0915-3313333,610902
810,安庆市联友汽车贸易有限责任公司,安庆市联友汽车贸易有限责任公司,,安徽省,安庆市,大观区,安徽省安庆市大观区丁香路06号,116.9810028,30.53248978,,0,0,长城 哈弗,1,"125,126,522,44,411",0556-5228899,340802
974,安阳市正兴汽车销售服务有限公司,安阳市正兴汽车销售服务有限公司,,河南省,安阳市,文峰区,河南省安阳市长江大道与光明路交叉口向北100米路西豫北汽车市场,114.4205017,36.05509949,,0,0,长城 哈弗,1,"125,126,522,44,411",0372-2167601/2167619,410504
1146,鞍山哲盛汽车销售服务有限公司,鞍山哲盛汽车销售服务有限公司,,辽宁省,鞍山市,千山区,辽宁省鞍山市千山区建设大道591号,122.9550018,41.16291046,,0,0,长城 哈弗,1,"125,126,522,44,411",0412-8591111,210303
1168,巴彦淖尔市宏途汽车销售有限责任公司,巴彦淖尔市宏途汽车销售有限责任公司,,内蒙古自治区,巴彦淖尔市,临河区,内蒙古巴彦淖尔市经济开发区(现代农畜产品B型保税物流园区),107.4237976,40.7691803,,0,0,长城 哈弗,1,"125,126,522,44,411",0478-8912888,150805
1169,巴彦淖尔市利丰汽车销售服务有限公司,巴彦淖尔市利丰汽车销售服务有限公司,内蒙古自治区%3a巴彦淖尔市%3a438,内蒙古自治区,巴彦淖尔市,,巴彦淖尔市临河区经济开发区东区利丰新园区长城汽车4S店（临五路与朔方路交叉路口，向北50米路东),107.4513016,40.79578018,,0,0,长城 哈弗,1,"125,126,522,44,411",0478-8294271/8294272,150804
1343,巴州天宇志城汽车销售有限公司,巴州邦普商贸有限公司,新疆维吾尔自治区%3a巴音郭楞蒙古自治州%3a3235,新疆维吾尔自治区,巴音郭楞蒙古自治州,,新疆库尔勒市石化大道74号小区,86.18296,41.74088,,0,0,长城 哈弗,1,"125,126,522,44,411",0996-2102111,652806
958,霸州市北方伟业汽车销售有限公司,霸州市北方伟业汽车销售有限公司,河北省%3a廊坊市%3a214,河北省,廊坊市,,河北省霸州市东环路小魏营村东侧,116.4352036,39.13574982,,0,0,长城 哈弗,1,"125,126,522,44,411",0316-7881888,131005
1078,白山市隆泰汽车销售服务有限公司,白山市隆泰汽车销售服务有限公司,,吉林省,白山市,市辖区,白山市浑江区北安大街7366号,126.479599,41.97616959,,0,0,长城 哈弗,1,"125,126,522,44,411",0439-5023999,220602
856,白银竞成汽车销售服务有限公司,白银竞成汽车销售服务有限公司,,甘肃省,白银市,白银区,甘肃省白银市白银区银西工业园,104.1305008,36.51152039,,0,0,长城 哈弗,1,"125,126,522,44,411",0943-8288666,620405
910,百色市森海汽车销售服务有限公司,百色市森海汽车销售服务有限公司,,广西壮族自治区,百色市,右江区,广西百色市右江区大旺路1-3号B区07座,106.6744003,23.86206055,,0,0,长城 哈弗,1,,0776-2812999,451004
1170,包头市奥鹿达汽贸有限责任公司,包头市奥鹿达汽贸有限责任公司,,内蒙古自治区,包头市,昆都仑区,包头市昆区白云路与校园路交叉口南200米,109.8197021,40.68146896,,0,0,长城 哈弗,1,"125,126,522,44,411",0472-2368888,150202
1171,包头市辰业汽贸有限公司,包头市辰业汽贸有限公司,,内蒙古自治区,包头市,青山区,内蒙古包头市稀土高新技术开发区东端,109.846199,40.64712143,,0,0,长城 哈弗,1,,0472-6140111,150204
1172,包头市驰久汽车销售有限公司,包头市驰久汽车销售有限公司,内蒙古自治区%3a包头市%3a379,内蒙古自治区,包头市,,内蒙古自治区包头市稀土高新区稀土路7号（西捷物流公司院内）,109.8906021,40.63792038,,0,0,长城 哈弗,1,"125,126,522,44,411",0472-6166678,150205
1281,宝鸡迪鑫汽车销售服务有限公司,宝鸡迪鑫汽车销售服务有限公司,,陕西省,宝鸡市,渭滨区,陕西省宝鸡市高新十二路西23号,107.2904968,34.34700012,,0,0,长城 哈弗,1,"125,126,522,44,411",0917-3157318,610303
942,保定五洲汽车销售服务有限公司,保定五洲汽车销售服务有限公司,,河北省,保定市,新市区,保定市乐凯北大街1869号,115.4561005,38.92097092,,0,0,长城 哈弗,1,"125,126,522,44,411",0312-3195088,130609
943,保定五洲汽车销售服务有限公司长城北大街分公司,保定五洲汽车销售服务有限公司长城北大街分公司,,河北省,保定市,北市区,河北省保定市北市区长城北大街2999号,115.5660019,38.92464066,,0,0,长城 哈弗,1,"125,126,522,44,411",0312-3195088,130615
944,保定五洲汽车销售服务有限公司长城大街分公司,保定五洲汽车销售服务有限公司长城大街分公司,,河北省,保定市,南市区,河北省保定市长城南大街1568号,115.5114975,38.83493042,,0,0,长城 哈弗,1,"125,126,522,44,411",0312-3195088,130616
832,北京泊士联汽车销售中心,北京泊士联汽车销售中心,,北京市,北京市,朝阳区,北京市朝阳区豆各庄乡黄厂村甲399号1幢,116.5617981,39.86059189,,0,0,长城 哈弗,1,"125,126,522,44,411",010-87391622/87391722,110120
833,北京泊士联汽车销售中心肖村店,北京泊士联汽车销售中心肖村店,,北京市,北京市,朝阳区,北京市朝阳区南四环东路95号,116.4403,39.83921814,,0,0,长城 哈弗,1,"125,126,522,44,411",010-87681160\87680810,110104
834,北京泊士联汽车销售中心亚市店,北京泊士联汽车销售中心亚市店,,北京市,北京市,昌平区,北京市昌平区新亚市南门向东200米,116.2164993,40.22172928,,0,0,长城 哈弗,1,"125,126,522,44,411",010-61750559/61755089,110117
1437,北京泊易达汽车销售服务有限公司,北京泊易达汽车销售服务有限公司,北京%3a北京市%3a2,北京,北京市,,北京市房山区凯旋大街与白杨西路交叉口东400米路北,116.1366,39.71525,,,,0,长城 哈弗,1,,010-69368123,110124
837,北京长城赛弗汽车销售有限公司,北京长城赛弗汽车销售有限公司,,北京市,北京市,丰台区,北京市丰台区大瓦窑路小郭庄28号,116.2356033,39.87192154,,0,0,长城 哈弗,1,"125,126,522,44,411",010-83695735/83695865,110105
835,北京航天瑞晨汽车销售服务有限责任公司,北京航天瑞晨汽车销售服务有限责任公司,,北京市,北京市,海淀区,北京市海淀区巨山路99号-1,116.2412033,39.95289993,,0,0,长城 哈弗,1,"125,126,522,44,411",010-62720260,110118
836,北京宁北汽车销售服务有限公司,北京宁北汽车销售服务有限公司,,北京市,北京市,昌平区,北京市昌平区城北街道高速路西西关槐树巷南侧1号,116.2285004,40.22291183,,0,0,长城 哈弗,1,,010-89789558,110123
1193,滨州惠骋汽车销售服务有限公司,滨州惠骋汽车销售服务有限公司,,山东省,滨州市,邹平县,山东省滨州市邹平县黛溪办事处马庄村,117.7372971,36.90843964,,0,0,长城 哈弗,1,"125,126,522,44,411",0543-4618008,371604
1194,滨州顺骋汽车贸易有限公司,滨州顺骋汽车贸易有限公司,,山东省,滨州市,滨城区,滨州市滨城区渤海五路1111号,118.0045013,37.4534111,,0,0,长城 哈弗,1,"125,126,522,44,411",0543-3228000,371603
1195,滨州悦骋汽车销售服务有限公司,滨州悦骋汽车销售服务有限公司,,山东省,滨州市,滨城区,滨州经济开发区渤海二十四路以西长江二路以北,116.4786987,40.41867065,,0,0,长城 哈弗,1,"125,126,522,44,411",0543-3061000,371606
812,亳州市安腾汽车销售服务有限公司,亳州市安腾汽车销售服务有限公司,,安徽省,亳州市,谯城区,安徽省亳州市谯城区105国道与杜仲西路交叉口东南角,115.8127975,33.78292084,,0,0,长城 哈弗,1,"125,126,522,44,411",0558-5796222/5767888,341602
948,沧州市宝丰汽车销售有限公司,沧州市宝丰汽车销售有限公司,,河北省,沧州市,新华区,沧州市新华区解放东路芦家园村南,116.8890991,38.30715179,,0,0,长城 哈弗,1,"125,126,522,44,411",0317-5670988 ,130906
949,沧州市世盛汽车销售有限公司,沧州市世盛汽车销售有限公司,,河北省,沧州市,运河区,河北省沧州市开发区沧盐路与307国道交口,116.9138031,38.29328918,,0,0,长城 哈弗,1,,0317-5515101/5515108,130900
1399,苍南华盛汽车销售服务有限公司,苍南华盛汽车销售服务有限公司,,浙江省,温州市,苍南县,浙江省苍南县火车站前方 通福路与车站大道红绿灯交叉口(通福路往温州100米处),120.406601,27.52363014,,0,0,长城 哈弗,1,"125,126,522,44,411",0577-59888887,330310
1183,察右前旗金海龙工贸有限公司,察右前旗金海龙工贸有限公司,,内蒙古自治区,乌兰察布市,集宁区,内蒙古自治区乌兰察布市集宁区208国道南2公里处（新车管所北侧）,113.1244965,40.95571899,,0,0,长城 哈弗,1,"125,126,522,44,411",0474-3608168,150901
1431,昌吉卓辉祥汽车销售服务有限公司,昌吉卓辉祥汽车销售服务有限公司,新疆维吾尔自治区%3a昌吉回族自治州%3a3222,新疆维吾尔自治区,昌吉回族自治州,,昌吉市中山路夹滩村汽车城内12栋,87.25233,44.0368,,,0,长城 哈弗,0,"411,522,44,125,126",0994-2525666,652303
1089,长春长兴汽车销售服务有限公司,长春长兴汽车销售服务有限公司,,吉林省,长春市,朝阳区,吉林省长春市硅谷大街5999号,125.2433014,43.80772018,,0,0,长城 哈弗,1,"125,126,522,44,411",0431-89292222,220104
1433,长沙长盛信和汽车销售服务有限公司,安徽新动力汽车服务有限公司,湖南省%3a长沙市%3a1884,湖南省,长沙市,,湖南省长沙县湘龙街道博展路中南汽车世界A09-2,113.0698,28.23866,,,0,长城 哈弗,0,,0731-84878088,0
1076,长沙鼎道汽车销售服务有限公司,长沙鼎道汽车销售服务有限公司,,湖南省,长沙市,岳麓区,长沙高新开发区嘉运路11号麓谷汽车世界D-05,112.8655014,28.20895004,,0,0,长城 哈弗,1,"125,126,522,44,411",0731-89836788,430107
1278,长治市飞跃汽车销售有限公司,长治市飞跃汽车销售有限公司,,山西省,长治市,郊区,长治市郊区老顶山镇关村（长治市北外环路工程机械汽贸城内）,113.1644974,36.22534943,,0,0,长城 哈弗,1,"125,126,522,44,411",0355-2088201,140402
1279,长治市明瑞汽车销售服务有限公司,长治市明瑞汽车销售服务有限公司,,山西省,长治市,郊区,山西省长治市郊区西二环路小庄村口,113.0656967,36.19509888,,0,0,长城 哈弗,1,"125,126,522",03556012403,140403
1057,常德长盛长城汽车销售服务有限公司,常德长盛长城汽车销售服务有限公司,,湖南省,常德市,武陵区,湖南省常德市武陵区东郊乡高坪头社区常德大道1996号,111.7337036,29.03443909,,0,0,长城 哈弗,1,"125,126,522,44,411",400-008-0736/0736-7712688,430702
1056,常德湘盛汽车销售服务有限公司,常德湘盛汽车销售服务有限公司,,湖南省,常德市,武陵区,湖南省常德市武陵区南坪街道办事处竹根潭社区龙港路与三星路交汇处,111.6819,29.07961082,,0,0,长城 哈弗,1,"125,126,522,44,411",0736-7122588,430703
1109,常熟市常通汽车销售服务有限公司,常熟市常通汽车销售服务有限公司,,江苏省,苏州市,常熟市,江苏省常熟市青墩塘路188号A区5幢(东三环与204国道交叉口),120.8015976,31.64307976,,0,0,长城 哈弗,1,"125,126,522,44,411",0512-52303111,320509
872,潮州市通达汽车贸易有限公司,潮州市通达汽车贸易有限公司,,广东省,潮州市,市辖区,广东省潮州市枫溪区古板头新渠路11-13号,116.6120987,23.6377697,,0,0,长城 哈弗,1,"125,126,522,44,411",0768-6881688,445102
1058,郴州亚龙汽车销售有限公司,郴州亚龙汽车销售有限公司,,湖南省,郴州市,北湖区,湖南省郴州市开发区科技工业园斜对面,113.0376968,25.78226089,,0,0,长城 哈弗,1,"125,126,522,44,411",0735-2154588,431003
1300,成都嘉诚汽车销售服务有限公司,成都嘉诚汽车销售服务有限公司,,四川省,成都市,武侯区,成都市高新区益新大道288号石羊工业园2号楼(收车：蔡银辉%3a13982073883),104.0401001,30.60322952,,0,0,长城 哈弗,1,,028-65559393,510105
1301,成都建国汽车贸易有限公司,成都建国汽车贸易有限公司,,四川省,成都市,武侯区,四川省成都市高新区火车南站西路799号,104.0544968,30.60828972,,0,0,长城 哈弗,1,"44,411",028-85126226,510104
1302,成都天致汽车销售服务有限公司,成都天致汽车销售服务有限公司,,四川省,成都市,锦江区,成都市锦江区ㄗ邮鞔迤咦196号,104.1167984,30.59976006,,0,0,长城 哈弗,1,"44,411",028-85913201,510114
1303,成都新耀汽车销售服务有限公司,成都新耀汽车销售服务有限公司,,四川省,成都市,龙泉驿区,成都经济技术开发区南一路999号,104.2003021,30.56258965,,0,0,长城 哈弗,1,,028-65076262,510113
952,承德市庞大物流仓储有限责任公司,承德市庞大物流仓储有限责任公司,河北省%3a承德市%3a185,河北省,承德市,,承德市双桥区大石庙镇太平庄庞大汽车城,117.9877014,40.89509964,,0,0,长城 哈弗,1,"125,126,522,44,411",0314-2101286/0314-2122106,130801
813,池州元进汽车销售有限公司,池州元进汽车销售有限公司,,安徽省,池州市,贵池区,安徽省池州市站前区汽车集聚园F地块,117.4944992,30.66002083,,0,0,长城 哈弗,1,"125,126,522,44,411",0566-3390801,341702
1173,赤峰安舵商贸有限公司,赤峰安舵商贸有限公司,内蒙古自治区%3a赤峰市%3a393,内蒙古自治区,赤峰市,,赤峰市赤锡路116号,118.9440002,42.32120132,,0,0,长城 哈弗,1,"125,126,522,44,411",0476-8773338,150404
1174,赤峰市利丰汽车行有限公司,赤峰市利丰汽车行有限公司,,内蒙古自治区,赤峰市,红山区,赤峰市辽河路北段288号,118.9272003,42.33544159,,0,0,长城 哈弗,1,"44,411",0476-8773916,150402
814,滁州通润商贸有限公司,滁州通润商贸有限公司,,安徽省,滁州市,南谯区,安徽省滁州市花园东路698号,118.3522034,32.27450943,,0,0,长城 哈弗,1,"125,126,522,44,411",0550-6810888,341102
1359,楚雄超达鸿云汽车销售服务有限公司,楚雄超达鸿云汽车销售服务有限公司,,云南省,楚雄彝族自治州,楚雄市,云南省楚雄州楚雄市鹿城镇河前社区下三村,101.5737991,25.03977013,,0,0,长城 哈弗,1,,0878-3871688,532303
959,大城县乐达汽车销售有限公司,大城县乐达汽车销售有限公司,,河北省,廊坊市,大城县,河北省廊坊市大城县廊泊路西侧兴庄东侧,116.6456985,38.67258072,,0,0,长城 哈弗,1,"125,126,522,44,411",0316-8066979,131007
1361,大理超达汽车贸易有限公司,大理超达汽车贸易有限公司,,云南省,大理白族自治州,大理市,云南省大理市凤仪镇祥云路（凤仪创新工业园区）,100.3181992,25.59079933,,0,0,长城 哈弗,1,,0872-2329111,532905
1149,大连市天宝佳合汽车销售服务有限公司,大连市天宝佳合汽车销售服务有限公司,,辽宁省,大连市,沙河口区,大连市沙河口区香周路198号,121.5979996,38.94343948,,0,0,长城 哈弗,1,,0411-86646677,210205
1151,大连鑫鼎盛轿车服务有限公司,大连鑫鼎盛轿车服务有限公司,,辽宁省,大连市,甘井子区,辽宁省大连市甘井子区华东路134号,121.6014023,39.00674057,,0,0,长城 哈弗,1,"125,126,522,44,411",0411-86503733/86508933/86528622,210201
1016,大庆合庆汽车销售维修有限公司,大庆合庆汽车销售维修有限公司,黑龙江省%3a大庆市%3a740,黑龙江省,大庆市,,黑龙江省大庆市让胡路区经济开发区翔驰路13号,124.8648987,46.68210983,,0,0,长城 哈弗,1,"125,126,522,44,411",0459-5052234/5052444,230601
1017,大庆市兄弟汽车销售有限公司,大庆市兄弟汽车销售有限公司,,黑龙江省,大庆市,萨尔图区,黑龙江省大庆市新村开发区祥阁汽配城,125.1069031,46.60105896,,0,0,长城 哈弗,1,"125,126,522,44,411",0459-8106005,230602
1261,大同市大信机电贸易有限公司,大同市大信机电贸易有限公司,,山西省,大同市,南郊区,山西省大同市南环路西延段东侧庞大汽车文化广场,113.2904968,40.11373901,,0,0,长城 哈弗,1,"125,126,522,44,411",0352-2079666,140203
1153,丹东恒元汽车配件有限公司,丹东恒元汽车配件有限公司,,辽宁省,丹东市,振兴区,丹东市振兴区集环路汤池工业园95号,124.3016968,40.07271957,,0,0,长城 哈弗,1,"125,126,522,44,411",0415-6253111,210602
1128,丹阳市飞龙汽贸有限公司,丹阳市飞龙汽贸有限公司,,江苏省,镇江市,丹阳市,江苏省丹阳市开发区黄金塘东路,119.6122971,32.04388046,,0,0,长城 哈弗,1,"125,126,522,44,411",0511-85778008,321103
1201,单县博豪汽车销售有限公司,单县博豪汽车销售有限公司,,山东省,菏泽市,单县,山东省单县开发区单丰路与东环路交叉口,116.146698,34.79206085,,0,0,长城 哈弗,1,"125,126,522,44,411",0530-2099988,371706
1308,德阳嘉诚汽车销售服务有限公司,德阳嘉诚汽车销售服务有限公司,四川省%3a德阳市%3a2408,四川省,德阳市,,四川省德阳市旌阳区衡山路与嘉陵江西路交叉口,104.3684998,31.09877968,,0,0,长城 哈弗,1,,0838-6931111,510603
1309,德阳建国汽车销售服务有限公司,德阳建国汽车销售服务有限公司,,四川省,德阳市,旌阳区,四川省德阳市东海路与二环路交叉口(天元镇武庙村二组）,104.3398972,31.12451935,,0,0,长城 哈弗,1,"44,411",0838-2850701,510602
1196,德州兴泽汽贸有限公司,德州兴泽汽贸有限公司,,山东省,德州市,德城区,山东省德州市经济开发区天衢路1999号,116.3206024,37.46414948,,0,0,长城 哈弗,1,,0534-5014999/5080666,371404
1197,德州中源汽贸有限公司,德州中源汽贸有限公司,,山东省,德州市,德城区,山东省德州市经济开发区晶华大道1726号,116.3848038,37.46474838,,0,0,长城 哈弗,1,"125,126,522,44,411",0534-5011888,371403
945,定州市广源汽车销售有限公司,定州市广源汽车销售有限公司,,河北省,保定市,定州市,河北省定州市赵村乡政府对面庞大汽贸园4%23店,114.9246979,38.55741882,,0,0,长城 哈弗,1,,0312-2378888,130614
873,东莞市鸿燕贸易有限公司,东莞市鸿燕贸易有限公司,,广东省,东莞市,市辖区,东莞市南城区袁屋边三和市一巷九号,113.7221985,22.99679947,,0,0,长城 哈弗,1,"125,126,522,44,411",0769-22887260,441904
875,东莞市穗东进汽车贸易有限公司,东莞市穗东进汽车贸易有限公司,,广东省,东莞市,市辖区,东莞市南城区莞太路袁屋边路段272号,113.7231979,22.99806023,,0,0,长城 哈弗,1,,0769-22802291,441905
876,东莞市新东联汽车贸易有限公司,东莞市新东联汽车贸易有限公司,,广东省,东莞市,市辖区,广东省东莞市寮步镇莞樟路西68号,113.8813019,23.00371933,,0,0,长城 哈弗,1,"125,126,522",0769-83226789,441902
1199,东营博睿汽车贸易有限公司,东营博睿汽车贸易有限公司,,山东省,东营市,垦利县,东营市北二路5号北二路汽车交易市场,118.2503967,37.28419876,,0,0,长城 哈弗,1,"125,126,522,44,411",0546-2161888,370504
1415,东营骏骋汽车销售有限公司,东营骏骋汽车销售有限公司,山东省%3a东营市%3a1457,山东省,东营市,,山东省东营市东八路101号1幢,118.766502380371,37.4428596496582,,,0,长城 哈弗,1,"125,126,522,44,411",0546-7765757	,370507
1304,都江堰东创建国汽车销售服务有限公司,都江堰东创建国汽车销售服务有限公司,,四川省,成都市,都江堰市,四川省成都市都江堰市四川都江堰经济开发区拉法基3号,103.6372986,31.03911972,,0,0,长城 哈弗,1,"44,411",028-87235198,510112
1175,鄂尔多斯市和兴汽车销售服务有限公司,鄂尔多斯市和兴汽车销售服务有限公司,,内蒙古自治区,鄂尔多斯市,东胜区,鄂尔多斯市东胜区铜川镇汽车博览园和兴长城4S店,110.1093979,39.79587173,,0,0,长城 哈弗,1,"125,126,522",0477-8101966,150602
1176,鄂尔多斯市天意汽车销售有限公司,鄂尔多斯市天意汽车销售有限公司,,内蒙古自治区,鄂尔多斯市,东胜区,鄂尔多斯市包东高速公路92公里处,109.9965973,40.23736954,,0,0,长城 哈弗,1,"125,126,522,44,411",0477-8560140,150601
877,佛山市赛通汽车贸易有限公司,佛山市赛通汽车贸易有限公司,,广东省,佛山市,禅城区,佛山市禅城区佛山大道中83号佛山（国际）车城南区三座2号,113.106102,23.01217079,,0,0,长城 哈弗,1,"125,126,522,44,411",0757-83839059,440605
878,佛山市赛通汽车贸易有限公司南海分公司,佛山市赛通汽车贸易有限公司南海分公司,,广东省,佛山市,南海区,广东省佛山市南海区文华北路22-23号,113.1322098,23.06738091,,0,0,长城 哈弗,1,"125,126,522,44,411",0757-86316038,440604
879,佛山市顺德区汽车销售有限公司,佛山市顺德区汽车销售有限公司,,广东省,佛山市,顺德区,广东省佛山市顺德区伦教广珠公路新松路段,113.2406006,22.85835075,,0,0,长城 哈弗,1,"125,126,522,44,411",0757-22202628,440601
843,福建鸿泽汽车有限公司,福建鸿泽汽车有限公司,,福建省,宁德市,蕉城区,福建省宁德市东侨经济开发区万安东路18号,119.5679016,26.64786911,,0,0,长城 哈弗,1,"125,126,522,44,411",0593-2615666,352102
841,福建省龙岩市万国汽车销售有限公司,福建省龙岩市万国汽车销售有限公司,福建省%3a龙岩市%3a1279,福建省,龙岩市,,福建省龙岩市新罗区龙门镇319国道旁,116.9792023,25.10172081,,0,0,长城 哈弗,1,"125,126,522,44,411",0597-2829666,350806
844,福建省宁德市万国汽车销售服务有限公司,福建省宁德市万国汽车销售服务有限公司,福建省%3a宁德市%3a1287,福建省,宁德市,,宁德市东侨经济开发区国宝路22号,119.5670013,26.64583015,,0,0,长城 哈弗,1,"125,126,522,44,411",0593-2750000,350901
845,福建省莆田市万禾汽车销售服务有限公司,福建省莆田市万禾汽车销售服务有限公司,福建省%3a莆田市%3a1223,福建省,莆田市,,福建省莆田市涵江区白塘镇埭里工业区,119.0820007,25.47160912,,0,0,长城 哈弗,1,"125,126,522,44,411",0594-3608222,350303
849,福建省泉州市万国汽车配件有限公司,福建省泉州市万国汽车配件有限公司,,福建省,泉州市,鲤城区,福建省泉州市鲤城区南环路常泰路68号,118.5239029,24.92159081,,0,0,长城 哈弗,1,,0595-28292056,350506
850,福建省泉州市万国汽车销售服务有限公司,福建省泉州市万国汽车销售服务有限公司,,福建省,泉州市,鲤城区,福建省泉州市鲤城区南环路常泰街万国汽车城,118.5238037,24.92119026,,0,0,长城 哈弗,1,"125,126,522,44,411",0595-28292222/28293333,350501
1441,福州市魏派汽车销售有限公司,福州市魏派汽车销售有限公司,福建省%3a福州市%3a1199,福建省,福州市,,福州市仓山安庆高仕路5号,119.3591,26.02555,,,,0,长城 哈弗,1,,0591-86252277,350112
1154,抚顺大乘汽车销售有限公司,抚顺大乘汽车销售有限公司,,辽宁省,抚顺市,望花区,抚顺市望花区丹东路西段20号%2520方大碳素厂西侧(抚顺市望花区工农街),123.7778015,41.85659027,,0,0,长城 哈弗,1,"44,411",024-56803888,210403
1155,抚顺广联达诚顺汽车销售服务有限公司,抚顺广联达诚顺汽车销售服务有限公司,,辽宁省,抚顺市,东洲区,抚顺市东洲区青年路中段（二粮库对面）,124.0292969,41.83359146,,0,0,长城 哈弗,1,"125,126,522,44,411",024-54567888,210402
1130,抚州市元兴汽车销售有限公司,抚州市元兴汽车销售有限公司,,江西省,抚州市,临川区,抚州市临川区临川大道2001号,116.3328018,27.96188927,,0,0,长城 哈弗,1,"125,126,522,44,411",0794-2150777,361004
1131,抚州新诚汽车销售服务有限公司,抚州新诚汽车销售服务有限公司,,江西省,抚州市,临川区,江西省抚州市金巢开发区安石大道,116.3743973,27.97141075,,0,0,长城 哈弗,1,,0794-8733180,361003
1156,阜新渤瑞汽车销售服务有限公司,阜新渤瑞汽车销售服务有限公司,辽宁省%3a阜新市%3a560,辽宁省,阜新市,,辽宁省阜新市细河区海清路8号,121.6103,41.99681,,0,0,长城 哈弗,1,"125,126,522,44,411",0418-6691888,210903
1157,阜新蓝润汽车销售服务有限公司,阜新蓝润汽车销售服务有限公司,,辽宁省,阜新市,市辖区,阜新市新邱区长营子镇长营子村30号,121.7711029,42.07442093,,0,0,长城 哈弗,1,"125,126,522,44,411",0418-6667777,210904
815,阜阳荣发汽车销售服务有限公司,阜阳荣发汽车销售服务有限公司,,安徽省,阜阳市,颍州区,阜阳市颍州区汽贸物流园126号,116.6973038,33.94231033,,0,0,长城 哈弗,1,"125,126,522,44,411",0558-2177236,341203
1435,阜阳市金润沣汽车销售服务有限公司,阜阳市金润沣汽车销售服务有限公司,安徽省%3a阜阳市%3a1150,安徽省,阜阳市,,阜阳市颍州区人民西路816号,115.8148,32.91312,,,0,长城 哈弗,1,,0558-380880  ,341205
816,阜阳市雪峰宏业汽车销售服务有限公司,阜阳市雪峰宏业汽车销售服务有限公司,,安徽省,阜阳市,颍州区,安徽省阜阳市经济技术开发区裕和路南侧,115.8209,32.90121078,,0,0,长城 哈弗,1,"125,126,522",0558-2220017,341202
860,甘肃宁北长城汽车专营有限公司,甘肃宁北长城汽车专营有限公司,,甘肃省,兰州市,城关区,甘肃省兰州市北滨河东路88号,103.854599,36.0746994,,0,0,长城 哈弗,1,,0931-2105288,620104
1440,甘肃宁北长兴汽车销售有限公司,甘肃宁北长兴汽车销售有限公司,甘肃省%3a临夏回族自治州%3a3102,甘肃省,临夏回族自治州,,甘肃省兰州市西固区南滨河西路6号天毅汽车城内,103.6677,36.11945,,,0,长城 哈弗,1,,0931-2115678,620109
862,甘肃仕通汽车销售有限公司店2,甘肃仕通汽车销售有限公司店2,,甘肃省,兰州市,七里河区,甘肃省兰州市七里河区西津西路1210号,103.6909027,36.08649826,,0,0,长城 哈弗,1,"125,126,522,44,411",0931-2566634,620105
858,甘肃仕通汽车销售有限公司酒泉分公司,甘肃仕通汽车销售有限公司酒泉分公司,甘肃省%3a酒泉市%3a3067,甘肃省,酒泉市,,甘肃省酒泉市肃州区新312国道2873公里（酒泉市巨龙食品园西侧）,98.44536,39.76654,,0,0,长城 哈弗,1,"125,126,522,44,411",0937-2802281,620903
1132,赣州名荣汽车销售有限公司,赣州名荣汽车销售有限公司,,江西省,赣州市,章贡区,江西省赣州市经济技术开发区金潭大道中段,114.8943024,25.84590912,,0,0,长城 哈弗,1,"125,126,522,44,411",0797-8172000,360706
1133,赣州正邦汽车销售有限公司,赣州正邦汽车销售有限公司,,江西省,赣州市,章贡区,江西省赣州市迎宾大道26号华坚国际汽车城二期,114.9386978,25.84342003,,0,0,长城 哈弗,1,"125,126,522,44,411",0797-8388177,360705
946,高碑店市五洲汽车销售服务有限公司,高碑店市五洲汽车销售服务有限公司,,河北省,保定市,高碑店市,河北省高碑店市五四东路与科苑路交叉口新春驾校院内,115.9160995,39.34502029,,0,0,长城 哈弗,1,"125,126,522,44,411",0312-2830369,130613
1005,巩义市德嘉汽车销售服务有限公司,巩义市德嘉汽车销售服务有限公司,,河南省,郑州市,巩义市,巩义市站街镇集沟村,113.0623016,34.78580093,,0,0,长城 哈弗,1,"125,126,522,44,411",0371-85028588,410108
1430,固始宏和汽车销售服务有限公司,固始宏和汽车销售服务有限公司,河南省%3a信阳市%3a1730,河南省,信阳市,,河南省固始县中原路与新五街交叉口,115.6663,32.18774,,,0,长城 哈弗,0,,0376-6771333,411505
1310,广安嘉诚佳美汽车销售服务有限公司,广安嘉诚佳美汽车销售服务有限公司,,四川省,广安市,广安区,四川省广安经济技术开发区护安汽博城,106.7071991,30.52139091,,0,0,长城 哈弗,1,"125,126,522",0826-2233888,511603
1311,广安建国汽车销售服务有限公司,广安建国汽车销售服务有限公司,,四川省,广安市,广安区,四川省广安市前锋区护安镇护安村国际汽车城建国汽车产业园区,106.7044983,30.51405907,,0,0,长城 哈弗,1,"44,411",0826-2644888,511602
880,广东有道汽车集团股份有限公司,广东有道汽车集团股份有限公司,,广东省,广州市,海珠区,广东省广州市海珠区新蛭髀68号（D1--6档）广通车城,113.3175964,23.08282089,,0,0,长城 哈弗,1,"125,126,522,44,411",020-82563788,440103
889,广东有道汽车集团股份有限公司江门分公司,广东有道汽车集团股份有限公司江门分公司,,广东省,江门市,蓬江区,江门市蓬江区建设一路113号31幢101-102-103,113.0607986,22.66012955,,0,0,长城 哈弗,1,"125,126,522,44,411",0750-3881222,440702
905,广东有道汽车集团股份有限公司湛江分公司,广东有道汽车集团股份有限公司湛江分公司,,广东省,湛江市,赤坎区,广东省湛江市赤坎区东盛路7号S15,110.3796997,21.28767014,,0,0,长城 哈弗,1,,0759-3331338,440803
925,广西长道汽车销售服务有限公司,广西长道汽车销售服务有限公司,广西壮族自治区%3a南宁市%3a2172,广西壮族自治区,南宁市,,南宁市安吉大道都南高速路口斜对面的汽车展厅A栋2号,108.3050003,22.87846947,,0,0,长城 哈弗,1,"125,126,522,44,411",07713813508,450106
913,广西长道汽车销售服务有限公司贵港分公司,广西长道汽车销售服务有限公司贵港分公司,,广西壮族自治区,贵港市,港北区,广西省贵港市金港大道东段613号（市公安局对面）,109.6317978,23.11042023,,0,0,长城 哈弗,1,"125,126,522,44,411",0775-4531888,450804
926,广西长道汽车销售服务有限公司南宁白沙分公司,广西长道汽车销售服务有限公司南宁白沙分公司,,广西壮族自治区,南宁市,江南区,广西壮族自治区南宁市江南区白沙大道中段北面12-1号,108.3423996,22.81966972,,0,0,长城 哈弗,1,"125,126,522",0771-5780290,450107
929,广西长道汽车销售服务有限公司玉林分公司,广西长道汽车销售服务有限公司玉林分公司,,广西壮族自治区,玉林市,玉州区,玉林市人民东路南侧（茂林镇陂石村段）,110.2854004,22.68734932,,0,0,长城 哈弗,1,"44,411",0775-3881155,450904
923,广西福泰汽车销售服务有限公司,广西福泰汽车销售服务有限公司,,广西壮族自治区,南宁市,兴宁区,广西壮族自治区南宁市兴宁区秀厢大道199号,108.3604965,22.87046051,,0,0,长城 哈弗,1,"125,126,522,44,411",0771-3111258,450105
911,广西广N汽车销售服务有限责任公司,广西广N汽车销售服务有限责任公司,,广西壮族自治区,百色市,右江区,百色市进城大道与东环路交汇处工业品市场,106.6744003,23.86206055,,0,0,长城 哈弗,1,"125,126,522,44,411",0776-2836666,451003
918,广西贺州市八通汽车销售有限公司,广西贺州市八通汽车销售有限公司,,广西壮族自治区,贺州市,八步区,广西贺州市工业大道（距东风日产4S店1米）,111.594101,24.4033699,,0,0,长城 哈弗,1,"125,126,522,44,411",0774-5226668,451102
924,广西弘泰汽车销售服务有限公司,广西弘泰汽车销售服务有限公司,,广西壮族自治区,南宁市,江南区,南宁市星光大道228号,108.3173981,22.7747097,,0,0,长城 哈弗,1,"125,126,522,44,411",0771-4517559,450103
927,广西泰禾汽车销售服务有限公司,广西泰禾汽车销售服务有限公司,,广西壮族自治区,钦州市,钦南区,广西钦州市金海湾东大街黎合江大花坛附近,108.6962967,21.93909073,,0,0,长城 哈弗,1,"125,126,522,44,411",0777-2109000,450701
1313,广元市金嘉诚汽车贸易服务有限公司,广元市金嘉诚汽车贸易服务有限公司,,四川省,广元市,利州区,四川省广元市经济开发区金顺汽车园下西物流园区,105.8169022,32.42050171,,,0,0,长城 哈弗,1,"125,126,522",0839-3313133,510801
883,广州市为众长弗汽车服务有限公司,广州市为众长弗汽车服务有限公司,,广东省,广州市,增城区,广州市增城朱村街朱村大道东1号,113.764801,23.28606033,,0,0,长城 哈弗,1,"125,126,522,44,411",020-32811777,440111
884,广州市新东联汽车贸易有限公司,广州市新东联汽车贸易有限公司,,广东省,广州市,天河区,广东省广州市天河区东圃二马路72号自编房1号,113.4073029,23.11761093,,0,0,长城 哈弗,1,"125,126,522,44,411",020-82303680,440109
885,广州市友道汽车贸易有限公司,广州市友道汽车贸易有限公司,,广东省,广州市,白云区,广州市白云区鹤龙街106国道鹤龙路5号,113.2605972,23.21509933,,0,0,长城 哈弗,1,"125,126,522,44,411",02086212921,440107
914,贵港市方盛汽车销售服务有限公司,贵港市方盛汽车销售服务有限公司,,广西壮族自治区,贵港市,港北区,广西壮族自治区贵港市环城一级路与南梧二级路交汇处贵港市农科所对面（金泰汽车城）,110.1867981,22.64827919,,0,0,长城 哈弗,1,,0775-6798111,450803
930,贵州万利源驰成汽车销售服务有限公司,贵州万利源驰成汽车销售服务有限公司,,贵州省,安顺市,西秀区,贵州省安顺市开发区黄果树大街,105.9511032,26.24221039,,0,0,长城 哈弗,1,"125,126,522,44,411",0851-33733777,520402
932,贵州兴盛汽车销售服务有限公司,贵州兴盛汽车销售服务有限公司,,贵州省,黔南布依族苗族自治州,都匀市,贵州省都匀市开发区纬八西路（马踏飞燕西侧100米）,107.4776001,26.15365982,,0,0,长城 哈弗,1,"125,126,522",0854--4996018,522704
931,贵州颖峰实业有限公司,贵州颖峰实业有限公司,,贵州省,贵阳市,花溪区,贵州省贵阳市花溪区孟关乡国际汽车贸易城A-15号,106.7554016,26.41394997,,0,0,长城 哈弗,1,"125,126,522,44,411",0851-83811527,520105
935,贵州遵义新元素汽车销售服务有限公司,贵州遵义新元素汽车销售服务有限公司,,贵州省,遵义市,红花岗区,遵义市红花岗区忠庄立交桥南领航商贸楼负一层,106.922699,27.67044067,,0,0,长城 哈弗,1,"125,126",0851-28449106,520305
916,桂林弘福汽车销售服务有限公司,桂林弘福汽车销售服务有限公司,,广西壮族自治区,桂林市,灵川县,广西桂林灵川大道八里街工业园区76-1号,110.3146973,25.3593998,,0,0,长城 哈弗,1,"44,411",0773-2668833,450206
1018,哈尔滨市博能汽车零配件制造有限公司,哈尔滨市博能汽车零配件制造有限公司,,黑龙江省,哈尔滨市,平房区,黑龙江省哈尔滨市平房区松花路37号,126.6079025,45.61587906,,0,0,长城 哈弗,1,"125,126,522,44,411",0451-51998666,230104
1019,哈尔滨市博能汽车销售有限公司,哈尔滨市博能汽车销售有限公司,,黑龙江省,哈尔滨市,道里区,哈尔滨市道里区机场路30号(新发高速路口进哈市机场路 收车电话84303737),126.5558014,45.70772171,,0,0,长城 哈弗,1,"125,126,522,44,411",0451-84308833/84303939/53610008,230103
1020,哈尔滨市晨宇汽车经销服务有限公司,哈尔滨市晨宇汽车经销服务有限公司,,黑龙江省,哈尔滨市,平房区,黑龙江省哈尔滨市平房区松花路37号,126.6079025,45.61587906,,0,0,长城 哈弗,1,"125,126,522,44,411",0451-51941222,230106
1021,哈尔滨市聪昊汽车销售有限公司,哈尔滨市聪昊汽车销售有限公司,,黑龙江省,哈尔滨市,道外区,哈尔滨市道外区先锋路22-4号,126.7450027,45.77904129,,0,0,长城 哈弗,1,"125,126,522,44,411",0451-53903456,230107
1346,哈密市大超汽车贸易有限责任公司,哈密市大超汽车贸易有限责任公司,,新疆维吾尔自治区,哈密地区,哈密市,新疆哈密市十三师火箭农场前进大道以北兴业路以东交汇处,93.4899826,42.90567017,,0,0,长城 哈弗,1,"125,126,522,44,411",0902-6969999,652201
939,海南宝德汽车服务有限公司,海南宝德汽车服务有限公司,,海南省,海口市,秀英区,海南省海口市秀英区南海大道238号,110.2768021,20.0016098,,0,0,长城 哈弗,1,"125,126,522,44,411",0898-68683602,460104
940,海南九兴汽车贸易有限公司,海南九兴汽车贸易有限公司,,海南省,海口市,秀英区,海口市南海大道233号,110.2807999,20.00274086,,0,0,长城 哈弗,1,"125,126,522,44,411",0898-68639559/68639622,460103
941,海南九兴汽车贸易有限公司三亚分公司,海南九兴汽车贸易有限公司三亚分公司,,海南省,三亚市,市辖区,海南省三亚市迎宾路451号,109.5740967,18.29003906,,0,0,长城 哈弗,1,"125,126,522,44,411",0898-88657907,460202
1248,海阳市海嘉汽车城有限公司,海阳市海嘉汽车城有限公司,,山东省,烟台市,海阳市,山东省海阳市海天路188号,121.2319031,36.77833939,,0,0,长城 哈弗,1,"125,126,522,44,411",0535-3526999,370605
953,邯郸凯盛汽车销售服务有限公司,邯郸凯盛汽车销售服务有限公司,河北省%3a邯郸市%3a100,河北省,邯郸市,,邯郸市经济开发区邯临路与和谐大街交叉口西北角（时代广场）C馆C01展厅,114.6696014,36.61727905,,0,0,长城 哈弗,1,"44,411",0310-8155888,130406
954,邯郸市世盛汽车销售服务有限公司,邯郸市世盛汽车销售服务有限公司,,河北省,邯郸市,复兴区,邯郸市复兴区北环路西段路北监狱南侧,114.4480972,36.61037064,,0,0,长城 哈弗,1,"125,126,522,44,411",0310-6093000,130405
1282,汉中超达汽车销售服务有限公司,汉中超达汽车销售服务有限公司,,陕西省,汉中市,汉台区,汉中市汉台区宗营镇韩塘村,107.0084,33.13462067,,0,0,长城 哈弗,1,"125,126,522,44,411",0916-8152111,610703
1283,汉中真信诚汽车销售服务有限公司,汉中迪鑫汽车销售有限公司,陕西省%3a汉中市%3a2973,陕西省,汉中市,,陕西省汉中市汉台区宗营镇韩塘村崔家沟转盘,107.0123,33.12779,,0,0,长城 哈弗,1,"125,126,522,44,411",0916-8152111,610705
1381,杭州百福达汽车贸易有限公司,杭州百福达汽车贸易有限公司,,浙江省,杭州市,拱墅区,杭州市石祥路192号（板车运输请往储鑫路进专卖店）,120.1716995,30.33609009,,0,0,长城 哈弗,1,"125,126,522",0571-88281888,330102
1382,杭州国城汽车销售服务有限公司,杭州国城汽车销售服务有限公司,,浙江省,杭州市,滨江区,浙江省杭州市滨江区滨康路105号,120.2282028,30.18590927,,0,0,长城 哈弗,1,"125,126,522,44,411",0571-88294449,330106
1442,杭州元杰汽车有限公司,杭州元杰汽车有限公司,浙江省%3a杭州市%3a970,浙江省,杭州市,,杭州市萧山区新城路1328号,120.3159,30.17779,,,0,长城 哈弗,1,,0571-83829366,330111
819,合肥元进汽车有限公司,合肥元进汽车有限公司,,安徽省,合肥市,蜀山区,安徽省合肥市蜀山区长江西路1068号（祥龙汽车城合肥元进4s店）,117.1832962,31.85850906,,0,0,长城 哈弗,1,"125,126,522,44,411",0551-65797625,340106
963,河北环润汽车销售有限公司,河北环润汽车销售有限公司,,河北省,石家庄市,新华区,河北省石家庄市新华区北二环西路268号,114.4745026,38.09128189,,0,0,长城 哈弗,1,"125,126,522",0311-87756981,130103
964,河北杰瑞汽车销售服务有限公司,河北杰瑞汽车销售服务有限公司,,河北省,石家庄市,裕华区,河北省石家庄市裕华区槐安路与东二环交叉口东南角,114.5307999,38.02722168,,0,0,长城 哈弗,1,"125,126,522,44,411",0311-86114521,130104
1006,河南恒联汽车销售有限公司,河南恒联汽车销售有限公司,河南省%3a郑州市%3a1582,河南省,郑州市,,河南省郑州市中原区郑上路882号院内,114.3516,34.7958,,0,0,长城 哈弗,1,"125,126,522",0371-88883737,410111
1007,河南瑞丰汽车销售服务有限公司,河南瑞丰汽车销售服务有限公司,,河南省,郑州市,管城回族区,河南省郑州市管城区城东南路30-1号,113.6973038,34.72713089,,0,0,长城 哈弗,1,"125,126,522",0371-68880606,410107
1009,河南瑞嘉汽车销售有限公司,河南瑞嘉汽车销售有限公司,,河南省,郑州市,金水区,郑州市郑东新区白沙镇物流通道与康庄路交叉口庞大汽车园,113.7317963,34.76982117,,0,0,长城 哈弗,1,"125,126,522,44,411",0371-55367222,410110
1010,河南瑞亿汽车销售有限公司,河南瑞亿汽车销售有限公司,,河南省,郑州市,市辖区,郑州高新技术产业开发区西三环与化工路交叉口北1000米路西西环汽车公园9号店面,113.351799,34.47259903,,0,0,长城 哈弗,1,"125,126,522,44,411",0371-55351888,410109
1424,河南瑞宇汽车销售服务有限公司,河南瑞宇汽车销售服务有限公司,河南省%3a郑州市%3a1582,河南省,郑州市,,新郑市郑韩路帝都佳苑东侧第一幢门面房,113.7246,34.41082,,,0,长城 哈弗,0,,0371-55351999,0
886,河源市奔爵汽车销售服务有限公司,河源市奔爵汽车销售服务有限公司,,广东省,河源市,源城区,广东省河源市河源大道湛珠湖地段,114.7145996,23.79478073,,0,0,长城 哈弗,1,"125,126,522,44,411",0762-3613888,441602
1202,菏泽博豪汽车销售服务有限公司,菏泽博豪汽车销售服务有限公司,,山东省,菏泽市,定陶县,山东省菏泽市定陶区杜堂镇杨店村（范蠡汽车城院内）,115.5914993,35.12229919,,0,0,长城 哈弗,1,"125,126,522",0530-6275333,371709
1204,菏泽正大动力科技有限责任公司,菏泽正大动力科技有限责任公司,,山东省,菏泽市,牡丹区,山东省菏泽市牡丹区黄河东路800号,115.5623016,35.26898956,,0,0,长城 哈弗,1,"125,126,522,44,411",0530-5702002,371704
975,鹤壁宝瑞汽车销售服务有限公司,鹤壁宝瑞汽车销售服务有限公司,,河南省,鹤壁市,淇滨区,鹤壁市淇滨区东海路与淇滨大道交叉口东南角,114.3235016,35.75588989,,0,0,长城 哈弗,1,"125,126,522,44,411",0392-3632111,410601
976,鹤壁市通达龙威汽车销售服务有限公司,鹤壁市通达龙威汽车销售服务有限公司,,河南省,鹤壁市,淇滨区,鹤壁市淇滨区107国道与渤海路交叉口北100米路东,114.3162003,35.7781105,,0,0,长城 哈弗,1,"125,126,522,44,411",0392-3630111,410602
1022,鹤岗市博能汽车销售有限公司,鹤岗市博能汽车销售有限公司,,黑龙江省,鹤岗市,东山区,黑龙江省鹤岗市东山区哈萝公路3公里路段北侧,130.2474976,47.48374176,,0,0,长城 哈弗,1,"125,126,522,44,411",0468-3635222,230401
955,衡水宝丰汽车销售服务有限公司,衡水宝丰汽车销售服务有限公司,,河北省,衡水市,桃城区,河北省衡水市经济开发区昌明南大街1228号,115.6425018,37.73445892,,0,0,长城 哈弗,1,"125,126,522,44,411",0318-6106888,131010
956,衡水宝丰汽车销售服务有限公司安平店,衡水宝丰汽车销售服务有限公司安平店,,河北省,衡水市,安平县,河北省衡水市安平县大同新村北灿达创业基地西邻（兴安大道南侧）,115.5273972,38.20676041,,0,0,长城 哈弗,1,"125,126,522,44,411",0318-7880588,131011
957,衡水宝丰汽车销售服务有限公司宁安店,衡水宝丰汽车销售服务有限公司宁安店,,河北省,衡水市,桃城区,河北省衡水市经济开发区宁安路468号,115.6462021,37.73360062,,0,0,长城 哈弗,1,"125,126,522",0318-2361886/2362886,131008
1059,衡阳大鹏汽车销售服务有限公司,衡阳大鹏汽车销售服务有限公司,,湖南省,衡阳市,石鼓区,湖南省衡阳市石鼓区黄沙湾街道进步村第一组（107国道旁）,112.6031036,26.92539024,,0,0,长城 哈弗,1,"125,126,522",0734-8688111,430405
1060,衡阳鹏成长城汽车销售服务有限公司,衡阳鹏成长城汽车销售服务有限公司,,湖南省,衡阳市,蒸湘区,衡阳市蒸湘区杨柳村3号（杨柳汽车城）,112.5811996,26.88106918,,0,0,长城 哈弗,1,"125,126,522,44,411",0734-8668111,430404
1265,洪洞县泽润汽配贸易有限公司,洪洞县泽润汽配贸易有限公司,,山西省,临汾市,洪洞县,山西省临汾市洪洞县大槐权镇西冯堡村（一级路东）,111.7155991,36.27352142,,0,0,长城 哈弗,1,"125,126,522,44,411",0357-6287222/3932999,141003
1177,呼和浩特市际虹汽车销售有限责任公司,呼和浩特市际虹汽车销售有限责任公司,,内蒙古自治区,呼和浩特市,回民区,内蒙古自治区呼和浩特市回民区金海路南(华银机械商城)中央展厅2号,111.6215973,40.82909012,,0,0,长城 哈弗,1,"125,126,522,44,411",0471-3673444,150104
1179,呼伦贝尔市利丰汽车行有限公司,呼伦贝尔市利丰汽车行有限公司,,内蒙古自治区,呼伦贝尔市,鄂温克族自治旗,呼伦贝尔市鄂温克旗海伊公路东侧利丰汽车城,119.7608032,49.20164108,,0,0,长城 哈弗,1,"125,126,522,44,411",0470-8989851,150705
1053,湖北华骏汽车销售有限公司,湖北华骏汽车销售有限公司,,湖北省,孝感市,孝南区,湖北省孝感市孝南经济开发区状路289号,113.9828033,30.89642906,,0,0,长城 哈弗,1,"125,126,522",0712-2360186,420901
1044,湖北骏马贸易有限公司,湖北骏马贸易有限公司,,湖北省,武汉市,洪山区,湖北省武汉市洪山区华中汽车生态产业园,114.3318024,30.52387047,,0,0,长城 哈弗,1,"125,126,522",027-88025919,420106
1074,湖南鑫齐长城汽车销售服务有限公司,湖南鑫齐长城汽车销售服务有限公司,,湖南省,长沙市,岳麓区,高新区麓谷街道东方红路与文轩路交汇处麓谷汽车世界D-01,112.8631973,28.21294022,,0,0,长城 哈弗,1,,0731-88292938,430106
1075,湖南有道汽车有限公司,湖南有道汽车有限公司,,湖南省,长沙市,长沙县,长沙县湘龙街道中南汽车世界J16区,113.0698013,28.23866081,,0,0,长城 哈弗,1,"125,126,522,44,411",0731-84088488,430105
1383,湖州元盛汽车有限公司,湖州元盛汽车有限公司,,浙江省,湖州市,吴兴区,浙江省湖州市吴兴区八里店三里桥路1501号,120.1584015,30.84848976,,0,0,长城 哈弗,1,"125,126,522,44,411",0572-2230088,330503
1158,葫芦岛市宝顺汽车销售有限责任公司,葫芦岛市宝顺汽车销售有限责任公司,辽宁省%3a葫芦岛市%3a597,辽宁省,葫芦岛市,,辽宁省葫芦岛市龙港区锦葫路中段27号,120.8928986,40.74353027,,0,0,长城 哈弗,1,"125,126,522,44,411",0429-2660000/3822888,211401
1061,怀化市生晖汽车销售服务有限公司,怀化市生晖汽车销售服务有限公司,,湖南省,怀化市,鹤城区,怀化市鹤城区杨村西部物流产业中心,110.0197983,27.54184914,,0,0,长城 哈弗,1,,0745-2758000,431201
1095,淮安长菱联华汽车销售服务有限公司,淮安长菱联华汽车销售服务有限公司,,江苏省,淮安市,清河区,江苏省淮安市清河新区旺旺路28号,119.1184998,33.61740875,,0,0,长城 哈弗,1,"125,126,522,44,411",0517-83797211,320804
1096,淮安长菱汽车销售服务有限公司,淮安长菱汽车销售服务有限公司,,江苏省,淮安市,清河区,淮安市清河新区旺旺路50号,119.1192017,33.61764908,,0,0,长城 哈弗,1,"125,126,522,44,411",0517-83797228,320803
820,淮北盈泰汽车销售服务有限公司,淮北盈泰汽车销售服务有限公司,,安徽省,淮北市,烈山区,安徽省淮北市烈山区淮北国购汽车文化园4%23楼401、402号,116.8436966,33.89266968,,0,0,长城 哈弗,1,"125,126,522,44,411",0561-3809388,340603
821,淮南市风行物资有限责任公司,淮南市风行物资有限责任公司,,安徽省,淮南市,凤台县,安徽省淮南市凤台县工业园区,116.5848999,32.79141998,,0,0,长城 哈弗,1,"125,126,522,44,411",0554-8910068,340401
1033,黄冈源华本诚汽车销售服务有限公司,黄冈源华本诚汽车销售服务有限公司,,湖北省,黄冈市,黄州区,湖北省黄冈市黄州区南湖农场柞舟山,114.9753036,30.45459938,,0,0,长城 哈弗,1,"125,126,522,44,411",0713-8348880,421101
1034,黄冈源华兴瑞汽车销售服务有限公司,黄冈源华兴瑞汽车销售服务有限公司,,湖北省,黄冈市,黄州区,黄冈市黄州区南湖大道,114.9496002,30.51880074,,0,0,长城 哈弗,1,"125,126,522,44,411",0713-8113567,421102
950,黄骅市骅驰汽车销售服务有限公司,黄骅市骅驰汽车销售服务有限公司,,河北省,沧州市,黄骅市,河北省黄骅市开发区,117.4001999,38.40151978,,0,0,长城 哈弗,1,"125,126,522,44,411",03178880884,130908
822,黄山元汇汽车销售服务有限公司,黄山元汇汽车销售服务有限公司,,安徽省,黄山市,屯溪区,安徽省黄山市休宁县万安镇万新村,118.2701035,29.75554085,,0,0,长城 哈弗,1,"125,126,522,44,411",0559-7817888,341002
1432,黄石东盛江龙汽车销售服务有限公司,安徽新动力汽车服务有限公司,湖北省%3a黄石市%3a1780,湖北省,黄石市,,黄石市大棋路396号,115.0313,30.14182,,,0,长城 哈弗,0,,0714-8668111,0
1035,黄石同发汽车销售服务有限公司,黄石同发汽车销售服务有限公司,,湖北省,黄石市,下陆区,湖北省黄石市黄金山经济技术开发区大棋路,115.0053024,30.18992996,,0,0,长城 哈弗,1,"125,126,522,44,411",0714-6395111,420202
887,惠州市国鑫汽车贸易有限公司,惠州市国鑫汽车贸易有限公司,,广东省,惠州市,惠城区,惠州市惠城区江北惠博沿江路金山汽车城内2号展场,114.4064026,23.14031982,,0,0,长城 哈弗,1,"125,126,522,44,411",0752-2538233/2850805,441302
888,惠州市新东联汽车贸易有限公司,惠州市新东联汽车贸易有限公司,广东省%3a惠州市%3a2105,广东省,惠州市,,广东省惠州市惠博沿江路金山汽车城对面,114.4012985,23.13727951,,0,0,长城 哈弗,1,"125,126,522,44,411",0752-7776003,441304
1024,鸡西市博能汽车销售有限公司,鸡西市博能汽车销售有限公司,,黑龙江省,鸡西市,鸡冠区,黑龙江省鸡西市鸡冠区汽车工业产业园区A-07-1号,130.9409027,45.26581955,,0,0,长城 哈弗,1,"125,126,522,44,411",0467-6101155,230302
1134,吉安恒瑞汽车贸易有限公司,吉安恒瑞汽车贸易有限公司,,江西省,吉安市,青原区,吉安市青原区青原大道规划支路以北汽车文化产业园内,115.0223999,27.11317062,,0,0,长城 哈弗,1,"125,126,522,44,411",0796-2091111,360803
1135,吉安众城汽车销售服务有限公司,吉安众城汽车销售服务有限公司,,江西省,吉安市,吉州区,江西省吉安市吉州区藤桥路北B-08-05地块（城南专业市场）,114.9604034,27.16091919,,0,0,长城 哈弗,1,"125,126,522,44,411",0796-2198333,360805
1087,吉林省长兴汽车销售服务有限公司,吉林省长兴汽车销售服务有限公司,,吉林省,长春市,绿园区,吉林省长春市汽车产业开发区长沈路4001号,125.2576981,43.87593079,,0,0,长城 哈弗,1,"125,126,522,44,411",0431-85122221/87680700,220103
1088,吉林省长兴汽车销售服务有限公司经开分公司,吉林省长兴汽车销售服务有限公司经开分公司,,吉林省,长春市,绿园区,吉林省长春市经济开发区世纪大街1567号,125.4161987,43.85979843,,0,0,长城 哈弗,1,"125,126,522,44,411",0431-82535888,220106
1083,吉林省华原汽车服务有限公司,吉林省华原汽车服务有限公司,,吉林省,松原市,宁江区,吉林省松原市长宁北街499号,124.8189011,45.1986618,,0,0,长城 哈弗,1,"125,126,522,44,411",0438-6388888,220702
1086,吉林省吉刚吉鑫汽车销售服务有限公司,吉林省吉刚吉鑫汽车销售服务有限公司,,吉林省,长春市,南关区,吉林省长春市经济开发区自由大道6308号楼1楼101号,125.3376999,43.89723969,,0,0,长城 哈弗,1,"125,126,522,44,411",0431-84610999,220105
1079,吉林市鑫隆汽车贸易有限责任公司,吉林市鑫隆汽车贸易有限责任公司,吉林省%3a吉林市%3a616,吉林省,吉林市,,吉林省吉林市丰满区小兰旗村88号,126.5807,43.78873,,0,0,长城 哈弗,1,"125,126,522,44,411",0432-64633000,220203
1080,吉林市友仁汽车销售服务有限公司,吉林市友仁汽车销售服务有限公司,,吉林省,吉林市,昌邑区,吉林省吉林市昌邑区珲春北街16号,126.531601,43.88607025,,0,0,长城 哈弗,1,"125,126,522",0432-65117777,220205
1205,济南锦骋汽车销售服务有限公司,济南锦骋汽车销售服务有限公司,,山东省,济南市,槐荫区,济南市西外环路68号匡山汽车大世界东区12号,116.9403992,36.6962204,,0,0,长城 哈弗,1,"125,126,522,44,411",0531-85605888/85962999,370106
1206,济南仁和汽车销售服务有限公司,济南仁和汽车销售服务有限公司,,山东省,济南市,章丘市,章丘市龙泉路与世纪西路口西行200米路南,117.5360031,36.73019028,,0,0,长城 哈弗,1,"125,126,522,44,411",0531-83386999,370109
1207,济南悦骋汽车销售有限公司,济南悦骋汽车销售有限公司,,山东省,济南市,历下区,山东省济南市历下区经十东路3731号,117.0951004,36.66094971,,0,0,长城 哈弗,1,"125,126,522,44,411",0531-88898111,370112
1208,济南众骋汽车销售服务有限公司,济南众骋汽车销售服务有限公司,山东省%3a济南市%3a1414,山东省,济南市,,山东省济南市槐荫区匡山汽车大世界西区五号,116.9395981,36.69607162,,0,0,长城 哈弗,1,"125,126,522",0531-81601988,370111
1212,济宁赛迪汽车销售服务有限公司,济宁赛迪汽车销售服务有限公司,,山东省,济宁市,任城区,山东省济宁市高新区哺河东侧327国道北(圣达汽车博览中心内),116.6542969,35.44739151,,0,0,长城 哈弗,1,"125,126,522",0537-3151188,370902
1213,济宁圣华汽车销售服务有限公司,济宁圣华汽车销售服务有限公司,,山东省,济宁市,任城区,济宁高新区327国道南营村虎标工业园院内,116.6813965,35.44493103,,0,0,长城 哈弗,1,"125,126,522,44,411",0537-2372717,370905
1214,济宁圣华汽车销售服务有限公司梁山分公司,济宁圣华汽车销售服务有限公司梁山分公司,,山东省,济宁市,梁山县,山东省济宁市梁山县水浒大道（浩顺汽车城内）,116.1032028,35.76445007,,0,0,长城 哈弗,1,"125,126,522,44,411",0537-3742888,370807
1215,济宁圣华汽车销售服务有限公司曲阜分公司,济宁圣华汽车销售服务有限公司曲阜分公司,山东省%3a济宁市%3a1494,山东省,济宁市,,山东省曲阜市陵城镇镇政府南500米,116.9470978,35.538311,,0,0,长城 哈弗,1,"125,126,522,44,411",0537-4448111,370909
1216,济宁圣华汽车销售服务有限公司邹城分公司,济宁圣华汽车销售服务有限公司邹城分公司,,山东省,济宁市,邹城市,山东省邹城市南外环气象局东临万里汽车城内,116.9983978,35.38325119,,0,0,长城 哈弗,1,"125,126,522,44,411",0537-5516088,370806
1217,济宁腾锐汽车销售服务有限公司,济宁腾锐汽车销售服务有限公司,,山东省,济宁市,任城区,济宁高新区327国道南营村虎标工业园院内,116.5493011,35.42819977,,0,0,长城 哈弗,1,"125,126,522,44,411",0537-2079567,370906
977,济源市鑫飞越汽车销售有限公司,济源市鑫飞越汽车销售有限公司,,河南省,济源市,市辖区,河南省济源市新济路车管所东1000米路北,112.4052963,35.10536957,,0,0,长城 哈弗,1,"125,126,522,44,411",0391-2197999,410803
1026,佳木斯安合汽车销售服务有限公司,佳木斯安合汽车销售服务有限公司,,黑龙江省,佳木斯市,郊区,黑龙江省佳木斯市郊区友谊路国际汽车城,130.2588959,46.81198883,,0,0,长城 哈弗,1,"125,126,522",0454-5161111-8015,230804
1027,佳木斯安信汽车销售服务有限公司,佳木斯安信汽车销售服务有限公司,,黑龙江省,佳木斯市,郊区,黑龙江省佳木斯市郊区友谊路（佳木斯国际汽车园区）,130.2588959,46.81198883,,0,0,长城 哈弗,1,"125,126,522,44,411",0454-5161111-8010,230801
1385,嘉兴锦云汽车销售服务有限公司,嘉兴锦云汽车销售服务有限公司,,浙江省,嘉兴市,南湖区,嘉兴市城南产业园区一期原南湖工艺品厂内6号仓库,120.7434998,30.74725914,,0,0,长城 哈弗,1,"125,126,522,44,411",0573-82600988,330406
890,江门市蓬江区粤怡汽车贸易有限公司,江门市蓬江区粤怡汽车贸易有限公司,,广东省,江门市,蓬江区,广东省江门市建设三路篁庄路段,113.0762024,22.62305069,,0,0,长城 哈弗,1,"125,126,522,44,411",0750-3228828/3228216,440701
1099,江苏宁枫宏图汽车销售服务有限公司,江苏宁枫宏图汽车销售服务有限公司,,江苏省,南京市,浦口区,江苏省南京市浦口区泰山街道沿山东路9-8-2号,118.7248001,32.14233017,,0,0,长城 哈弗,1,"125,126,522,44,411",025-58550181,320106
1100,江苏宁枫宏业汽车销售服务有限公司,江苏宁枫宏业汽车销售服务有限公司,江苏省%3a南京市%3a844,江苏省,南京市,,南京市江宁区东山街道天宁路3号,118.8798,31.98601,,0,0,长城 哈弗,1,"125,126,522,44,411",025-68689998/87186666,320110
1101,江苏舜天昌泰汽车贸易有限公司,江苏舜天昌泰汽车贸易有限公司,,江苏省,南京市,浦口区,江苏省南京市浦口区浦珠北路161号,118.7039032,32.11727905,,0,0,长城 哈弗,1,"125,126,522",025-58861366,320105
1144,江西华悦汽车贸易有限公司,江西华悦汽车贸易有限公司,,江西省,宜春市,高安市,江西省高安市瑞阳大道盐务局旁,115.3942032,28.44441986,,0,0,长城 哈弗,1,"125,126,522,44,411",0795-7061888,360983
1140,江西元胜汽车销售服务有限公司迎宾分公司,江西元胜汽车销售服务有限公司迎宾分公司,,江西省,南昌市,青云谱区,江西省南昌市青云谱区迎宾北大道1068号,115.9144974,28.61747932,,0,0,长城 哈弗,1,"125,126,522,44,411",0791-85277798,360107
978,焦作市成远汽车贸易有限公司,焦作市成远汽车贸易有限公司,,河南省,焦作市,中站区,焦作市中站区人民路西段北侧（中南路十字口西500米）,113.1792984,35.2164917,,0,0,长城 哈弗,1,"125,126,522,44,411",0391-3566222,410805
979,焦作市金佳汽车贸易有限公司,焦作市金佳汽车贸易有限公司,,河南省,焦作市,山阳区,焦作市迎宾路中段沙河桥南路西,113.2654037,35.1821785,,0,0,长城 哈弗,1,"125,126,522,44,411",0391-3558222,410802
891,揭阳市海德贸易有限公司,揭阳市海德贸易有限公司,,广东省,揭阳市,揭东区,广东省揭阳市揭东区S335省道与华安路交汇处,116.4518967,23.57246017,,0,0,长城 哈弗,1,"125,126,522,44,411",0663-8899899,445201
1262,介休市智源冀东汽车贸易有限公司,介休市智源冀东汽车贸易有限公司,,山西省,晋中市,介休市,山西省晋中市介休市定阳路南侧（农机大市场西侧）,111.9375992,37.02388,,,0,0,长城 哈弗,1,"125,126,522,44,411",0354-7059988,140704
857,金昌市骐路汽车销售有限公司,金昌市骐路汽车销售有限公司,,甘肃省,金昌市,金川区,甘肃省金昌市经济技术开发区河雅路西侧,102.157402,38.43680954,,0,0,长城 哈弗,1,"125,126,522,44,411",0935-8233888,620301
1387,金华元盛长城汽车有限公司,金华元盛长城汽车有限公司,,浙江省,金华市,金东区,浙江省金华市汽车城西九路以西1幢14-3号地块,119.696701,29.14609909,,0,0,长城 哈弗,1,"125,126,522,44,411",0579-82082885,330702
1425,金华元盛长城汽车有限公司赤松分公司,金华元盛长城汽车有限公司赤松分公司,浙江省%3a金华市%3a1029,浙江省,金华市,,金华市金华汽车城横三路东四号,119.6982,29.14763,,,0,长城 哈弗,0,,0579-89100101,0
1159,锦州市金源机电设备有限责任公司,锦州市金源机电设备有限责任公司,,辽宁省,锦州市,太和区,辽宁省锦州市太和区南广路123号,121.1785965,41.09809113,,0,0,长城 哈弗,1,"125,126,522,44,411",0416-3780488,210703
1263,晋中香山汽贸有限公司,晋中香山汽贸有限公司,,山西省,晋中市,榆次区,晋中市汇通路鸣李段（开发区汽贸园）,112.6929016,37.73537064,,0,0,长城 哈弗,1,"125,126,522,44,411",0354-2461601,140702
1037,荆州骏马贸易有限公司,荆州骏马贸易有限公司,,湖北省,荆州市,荆州区,湖北省荆州市荆州区东环路188号,112.2195969,30.36247063,,0,0,长城 哈弗,1,"125,126,522,44,411",0716-8809123,421003
1038,荆州骏马信诚贸易有限公司,荆州骏马信诚贸易有限公司,,湖北省,荆州市,荆州区,荆州市荆州区荆州大道188号竹叶山车世界C10-107,112.2067032,30.38297081,,0,0,长城 哈弗,1,"125,126,522,44,411",0716-8269111,421004
1137,九江国城汽车销售服务有限公司,九江国城汽车销售服务有限公司,,江西省,九江市,庐山区,江西省九江市庐山区前进西路240号,115.9817963,29.68239021,,0,0,长城 哈弗,1,"125,126,522,44,411",0792-8599988,360404
1138,九江市长海汽车销售服务有限公司,九江市长海汽车销售服务有限公司,,江西省,九江市,庐山区,九江市庐山大道82号,116.0332031,29.70853996,,0,0,长城 哈弗,1,"125,126,522,44,411",0792-2168866,360403
859,酒泉市吉元汽贸有限公司,酒泉市吉元汽贸有限公司,,甘肃省,酒泉市,肃州区,酒泉市肃州区高新技术工业园区（西园）纬一路9号,98.43258667,39.7660408,,0,0,长城 哈弗,1,,0937-2812280,620902
1222,莒南顺泰汽车销售服务有限公司,莒南顺泰汽车销售服务有限公司,,山东省,临沂市,莒南县,山东省临沂市莒南县南环路与西七路交汇白龙粮油西行88米路南,118.8368988,35.16646957,,0,0,长城 哈弗,1,"125,126,522,44,411",0539-5256666,371309
981,开封市一智汽车销售服务有限公司,开封市一智汽车销售服务有限公司,,河南省,开封市,金明区,开封市金明大道连霍高速口向北700米开封汽车城院内,114.3065262,34.85361862,,0,0,长城 哈弗,1,"125,126,522,44,411",0371-22955519,410204
1186,科右前旗弘安商贸有限责任公司,科右前旗弘安商贸有限责任公司,,内蒙古自治区,兴安盟,科尔沁右翼前旗,内蒙古兴安盟科右前旗新址工业园区天骄路9号,122.0482025,46.08375931,,0,0,长城 哈弗,1,"125,126,522,44,411",0482-8393399,152203
1354,奎屯华清汽车销售服务有限公司,奎屯华清汽车销售服务有限公司,,新疆维吾尔自治区,伊犁哈萨克自治州,奎屯市,新疆奎屯市南环西路129号,84.85031891,44.42066956,,0,0,长城 哈弗,1,,0992-6831110,654004
1355,奎屯中屯汽贸有限公司,奎屯中屯汽贸有限公司,,新疆维吾尔自治区,伊犁哈萨克自治州,奎屯市,新疆奎屯市南环西路108号,84.89024353,44.41139984,,0,0,长城 哈弗,1,"125,126,522,44,411",0992-7376059,654005
1366,昆明迪鑫汽车贸易有限公司,昆明迪鑫汽车贸易有限公司,,云南省,昆明市,盘龙区,昆明市北市区北辰大道中段江东丽景园东路%2f世博车市往北京路延长线方向1.5公里处,102.7447968,25.08301926,,0,0,长城 哈弗,1,,0871-63854605,530104
1110,昆山市海王汽车销售有限公司,昆山市海王汽车销售有限公司,,江苏省,苏州市,昆山市,昆山市长江北路460号,120.9825974,31.43456078,,0,0,长城 哈弗,1,"125,126,522,44,411",0512-57062228,320510
1249,莱州市弘盛达汽车销售服务有限公司,莱州市弘盛达汽车销售服务有限公司,,山东省,烟台市,莱州市,莱州市大原家村西,119.9264984,37.18188095,,0,0,长城 哈弗,1,"125,126,522,44,411",0535-2802708/2802398,370683
960,廊坊乾开汽车销售有限公司,廊坊乾开汽车销售有限公司,,河北省,廊坊市,广阳区,廊坊市开发区金源道92号东部二楼203号,116.7549973,39.58074188,,0,0,长城 哈弗,1,"125,126,522,44,411",0316-7191111,131006
961,廊坊市京富汽车销售有限公司,廊坊市京富汽车销售有限公司,,河北省,廊坊市,安次区,廊坊市安次区安次工业园区庞大汽车城内,116.7960968,39.34531021,,0,0,长城 哈弗,1,"125,126,522,44,411",0316-8028159,131009
1314,乐山嘉诚联合汽车销售服务有限公司,乐山嘉诚联合汽车销售服务有限公司,,四川省,乐山市,市中区,四川省乐山市市中区棉竹镇高坝村四社,103.7332001,29.61800957,,0,0,长城 哈弗,1,"125,126,522",0833-2300199,511105
1389,丽水市福林汽车销售服务有限公司,丽水市福林汽车销售服务有限公司,,浙江省,丽水市,莲都区,浙江省丽水市水阁经济开发区绿谷大道202号,119.8647003,28.42272949,,0,0,长城 哈弗,1,"125,126,522,44,411",0578-2697000,331102
1090,溧阳中天阳光汽车销售服务有限公司,溧阳中天阳光汽车销售服务有限公司,,江苏省,常州市,溧阳市,江苏省溧阳市平陵西路588号,119.4536972,31.4350605,,0,0,长城 哈弗,1,"125,126,522,44,411",0519-80898888,320404
1098,连云港长菱联华汽车销售服务有限公司,连云港长菱联华汽车销售服务有限公司,,江苏省,连云港市,海州区,连云港市海州区迎宾大道1号,119.2287979,34.55392075,,0,0,长城 哈弗,1,,0518-81015520,320704
1097,连云港鑫火汽车销售有限公司,连云港鑫火汽车销售有限公司,,江苏省,连云港市,海州区,连云港市海州区海宁工贸园迎宾大道长城汽车4S店,119.2372971,34.55612946,,0,0,长城 哈弗,1,"125,126,522,44,411",0518-81062666,320703
1162,辽宁润来兴汽车销售服务有限公司,辽宁润来兴汽车销售服务有限公司,,辽宁省,沈阳市,沈河区,辽宁省沈阳市沈河区东陵路14号,123.453598,41.79830933,,0,0,长城 哈弗,1,"125,126,522,44,411",024-88420555/024-88420777,210105
1163,辽宁兴锐汽车销售服务有限公司,辽宁兴锐汽车销售服务有限公司,,辽宁省,沈阳市,东陵区,辽宁省沈阳市沈河区东陵路14号,123.453598,41.79830933,,0,0,长城 哈弗,1,"125,126,522",024-88420555/024-88420777,210101
1164,辽宁兴泰航汽车销售服务有限公司,辽宁兴泰航汽车销售服务有限公司,,辽宁省,沈阳市,铁西区,辽宁省沈阳市铁西区北二西路20-1号,123.3522034,41.82390976,,0,0,长城 哈弗,1,"125,126,522",024-85827500,210106
1160,辽阳东鑫汽车销售服务有限公司,辽阳东鑫汽车销售服务有限公司,辽宁省%3a辽阳市%3a568,辽宁省,辽阳市,,辽宁省辽阳市太子河区荣兴路（汽配五金城对面）,123.1536,41.31617,,0,0,长城 哈弗,1,"125,126,522,44,411",0419-3995111/3673666,211002
1081,辽源市嘉隆汽车贸易有限公司,辽源市嘉隆汽车贸易有限公司,,吉林省,辽源市,西安区,辽源市西安区灯塔镇富强村四组（长春高速口）,125.1768036,42.9573288,,0,0,长城 哈弗,1,"125,126,522,44,411",0437-3320081,220402
1219,聊城有道汽车销售服务有限公司,聊城有道汽车销售服务有限公司,,山东省,聊城市,东昌府区,聊城市开发区滦河路与泰山路交界处西北角,116.0487976,36.46897888,,0,0,长城 哈弗,1,"125,126,522",0635-6955555/6980333,371505
1438,林州市德正汽车贸易有限公司,林州市德正汽车贸易有限公司,河南省%3a安阳市%3a1639,河南省,安阳市,,河南省林州市南环路中段新华夏汽车城内,113.841,36.04557,,,0,长城 哈弗,0,,0372-2580333,410508
1266,临汾奥翔汽车销售服务有限公司,临汾奥翔汽车销售服务有限公司,,山西省,临汾市,尧都区,临汾市尧庙南108国道十字路口往西150米,111.5029984,36.05646896,,0,0,长城 哈弗,1,"125,126,522,44,411",0357-3932999,141005
1267,临汾市致远翔瑞汽车销售服务有限公司,临汾市致远翔瑞汽车销售服务有限公司,,山西省,临汾市,尧都区,临汾市屯里镇贾村口,111.5427017,36.12649918,,0,0,长城 哈弗,1,"125,126,522",0357-3300000,141004
863,临夏州华仕捷汽车销售服务有限公司,临夏州华仕捷汽车销售服务有限公司,,甘肃省,临夏回族自治州,临夏市,甘肃省临夏回族自治州临夏市穆斯林商贸大道,103.2005997,35.58583069,,0,0,长城 哈弗,1,"125,126,522,44,411",0930-6220807,622902
1223,临沂九州顺安汽车销售服务有限公司,临沂九州顺安汽车销售服务有限公司,,山东省,临沂市,河东区,山东省临沂市河东区北京东路临沂车管所东行200米路南,118.4431,35.10255051,,0,0,长城 哈弗,1,"125,126,522,44,411",0539-8386655,371306
1224,临沂九州顺通汽车销售服务有限公司,临沂九州顺通汽车销售服务有限公司,,山东省,临沂市,罗庄区,山东省临沂市罗庄区金九路北湖东路东华东二手车市场,118.2968979,35.00728989,,0,0,长城 哈弗,1,"125,126,522,44,411",0539-8020777,371303
1225,临沂顺昌汽车销售服务有限公司,临沂顺昌汽车销售服务有限公司,,山东省,临沂市,罗庄区,山东省临沂市罗庄区金九路北湖东路东华东二手车市场,118.2968979,35.00728989,,0,0,长城 哈弗,1,"125,126,522",0539-7068001,371305
1226,临沂顺鹏汽车销售服务有限公司,临沂顺鹏汽车销售服务有限公司,,山东省,临沂市,河东区,山东省临沂市河东区北京东路与温泉路交汇处（河东车管所东500米路南）,118.4352036,35.10105896,,0,0,长城 哈弗,1,"125,126,522",0539-8815000,371307
1227,临沂通泰汽车贸易有限公司,临沂通泰汽车贸易有限公司,,山东省,临沂市,兰山区,临沂市兰山区蒙山大道与双岭路交汇往南100米路东,118.319603,35.07621002,,0,0,长城 哈弗,1,"125,126,522,44,411",0539-8021800,371304
920,柳州华柳华腾汽车销售服务有限公司,柳州华柳华腾汽车销售服务有限公司,,广西壮族自治区,柳州市,柳南区,广西壮族自治区柳州市柳太路11-1号,109.3724976,24.33587074,,0,0,长城 哈弗,1,"125,126,522,44,411",0772-3711978,450209
921,柳州华柳汽车销售服务有限公司,柳州华柳汽车销售服务有限公司,,广西壮族自治区,柳州市,柳南区,柳州市广西汽车贸易园内汇轮路东区3-2号,109.3727036,24.31130981,,0,0,长城 哈弗,1,"125,126,522",0772-3730527,450201
912,柳州市方盛汽车商贸有限公司北海第二分公司,柳州市方盛汽车商贸有限公司北海第二分公司,,广西壮族自治区,北海市,银海区,北海市北部湾东路银海区工商分局右侧第一间,109.1595993,21.49996948,,0,0,长城 哈弗,1,"125,126,522,44,411",0779-2052021,450505
922,柳州市方盛汽车商贸有限公司第一分公司,柳州市方盛汽车商贸有限公司第一分公司,广西壮族自治区%3a柳州市%3a2185,广西壮族自治区,柳州市,,柳州市鱼峰区燎原路27号,109.4458008,24.29994011,,0,0,长城 哈弗,1,"125,126,522,44,411",0772-8803337,450203
917,柳州市方盛汽车商贸有限公司河池长城销售分公司,柳州市方盛汽车商贸有限公司河池长城销售分公司,,广西壮族自治区,河池市,金城江区,广西省河池市金城江区G323国道南环路口旁,107.7649002,24.53638077,,0,0,长城 哈弗,1,"125,126,522,44,411",0778-2219611,451203
919,柳州市方盛汽车商贸有限公司来宾分公司,柳州市方盛汽车商贸有限公司来宾分公司,,广西壮族自治区,来宾市,兴宾区,广西来宾市兴宾区桂中大道西华侨投资区来宾高级中学正对面,109.2018967,23.76469994,,0,0,长城 哈弗,1,"125,126,522,44,411",0772-4255566,451301
823,六安市良誉汽车销售服务有限公司,六安市良誉汽车销售服务有限公司,,安徽省,六安市,金安区,安徽省六安市金安经济开发区皖西大道A28号,116.6007004,31.76540947,,0,0,长城 哈弗,1,,0564-3836155/3835525,341503
1250,龙口裕祥汽车服务有限公司,龙口裕祥汽车服务有限公司,,山东省,烟台市,龙口市,山东省龙口市新嘉街道办事处张郑村北汽车广场,120.4574966,37.65652847,,0,0,长城 哈弗,1,"125,126,522,44,411",0535-8556662,370606
1062,娄底市永华汽车销售服务有限公司,娄底市永华汽车销售服务有限公司,,湖南省,娄底市,娄星区,娄底市万宝新区芭蕉村（汽车南站往南2公里）,112.0196991,27.66704941,,0,0,长城 哈弗,1,"125,126,522",0738-8299118,431304
1317,泸州嘉诚协力汽车销售服务有限公司,泸州嘉诚协力汽车销售服务有限公司,,四川省,泸州市,纳溪区,四川省泸州市纳溪区蓝安大道二段浙江产业园顺屋基路口长城汽车4S店,105.4187012,28.84025002,,0,0,长城 哈弗,1,"125,126,522",0830-4599333,510504
982,洛阳冠骏汽车销售服务有限公司,洛阳冠骏汽车销售服务有限公司,,河南省,洛阳市,洛龙区,河南省洛阳市洛龙区开元大道与瀛洲路交叉口向西1000米路南,112.413002,34.60498047,,0,0,长城 哈弗,1,"125,126,522,44,411",0379-69932222,410304
983,洛阳市从众汽车销售有限公司,洛阳市从众汽车销售有限公司,河南省%3a洛阳市%3a1610,河南省,洛阳市,,洛阳市洛龙大道林安汽车城北门向西50米,112.4765015,34.64704895,,0,0,长城 哈弗,1,"125,126,522,44,411",0379-65525788,410303
984,洛阳众山伟业汽车销售服务有限公司,洛阳众山伟业汽车销售服务有限公司,,河南省,洛阳市,e河回族区,洛阳市e河区九都东路延长线3号,112.4951019,34.68342972,,0,0,长城 哈弗,1,"125,126,522",0379-63553888/63553555,410302
985,漯河广丰汽车销售服务有限公司,漯河广丰汽车销售服务有限公司,,河南省,漯河市,源汇区,河南省漯河市源汇区湘江西路与107国道交叉口西200米路北,114.0332031,33.56744003,,0,0,长城 哈弗,1,"125,126,522",0395-3105666,411103
986,漯河广汇汽车销售服务有限公司,漯河广汇汽车销售服务有限公司,河南省%3a漯河市%3a1693,河南省,漯河市,,漯河市桂江路与107国道交叉口西200米路北,113.9947,33.55218,,0,0,长城 哈弗,1,"125,126,522,44,411",0395-2930666/3285555,411102
825,马鞍山同和汽车销售有限公司,马鞍山同和汽车销售有限公司,安徽省%3a马鞍山市%3a1105,安徽省,马鞍山市,,安徽省马鞍山市红旗南路当涂经济开发区汽车4S园,118.4964981,31.60618019,,0,0,长城 哈弗,1,"125,126,522,44,411",05558225555,340502
1363,芒市迪鑫汽车贸易有限公司,芒市迪鑫汽车贸易有限公司,,云南省,德宏傣族景颇族自治州,芒市,云南省德宏州芒市大街北段,98.59010315,24.45589066,,0,0,长城 哈弗,1,,0692-2113830,533102
892,茂名市进达汽车有限公司,茂名市进达汽车有限公司,,广东省,茂名市,茂南区,茂名市油城九路沙田小区,110.953598,21.67491913,,0,0,长城 哈弗,1,"125,126,522,44,411",0668-2733777,440902
1319,眉山众生车业有限公司,眉山众生车业有限公司,,四川省,眉山市,东坡区,四川省眉山市东坡区尚义镇乐象村,103.8039017,30.08564949,,0,0,长城 哈弗,1,"125,126,522",028-38185168,511402
893,梅州市华发金属材料有限公司,梅州市华发金属材料有限公司,,广东省,梅州市,梅县区,广东省梅州市梅县锭子桥华发苑底层,116.0985031,24.30179977,,0,0,长城 哈弗,1,"125,126,522,44,411",0753-2533853,441403
1320,绵阳丰孚汽车销售服务有限公司,绵阳丰孚汽车销售服务有限公司,,四川省,绵阳市,涪城区,绵阳市经开区绵州大道中段6号,104.7814026,31.42691994,,0,0,长城 哈弗,1,"44,411",0816-6395223,510703
1324,内江嘉诚四成汽车销售服务有限公司,内江嘉诚四成汽车销售服务有限公司,,四川省,内江市,市中区,四川省内江市市中区汉晨路888号4幢,104.9540024,29.55164909,,0,0,长城 哈弗,1,"125,126,522",0832-2117000,511001
1178,内蒙古诚信达汽车销售有限责任公司,内蒙古诚信达汽车销售有限责任公司,,内蒙古自治区,呼和浩特市,回民区,内蒙古自治区呼和浩特市回民区刀刀板村对面同创机械设备市场院内,111.5898972,40.81570816,,0,0,长城 哈弗,1,"125,126,522",0471-5195522,150105
1102,南京乾通汽车贸易有限公司,南京乾通汽车贸易有限公司,,江苏省,南京市,溧水区,南京市溧水开发区团山西路29号,119.0205002,31.6925106,,0,0,长城 哈弗,1,"125,126,522",025-56238116,320103
842,南平市建阳区龙祥汽车贸易有限公司,南平市建阳区龙祥汽车贸易有限公司,,福建省,南平市,建阳区,建阳市海西林产工贸城二块8号地,118.0678024,27.40838051,,0,0,长城 哈弗,1,"125,126,522,44,411",0599-5555558,350705
1103,南通东驰汽车销售服务有限公司,南通东驰汽车销售服务有限公司,,江苏省,南通市,港闸区,江苏省南通市城港路388号,120.7838974,32.04922867,,0,0,长城 哈弗,1,"125,126,522,44,411",0513-80112888/80112889/80112890/80112891,320602
1104,南通华驰汽车贸易有限公司,南通华驰汽车贸易有限公司,,江苏省,南通市,海门市,江苏省南通市海门市人民西路1518号,121.1356964,31.89365005,,0,0,长城 哈弗,1,,0513-68700800/68700808,320604
1105,南通金琥汽车销售有限公司,南通金琥汽车销售有限公司,,江苏省,南通市,崇川区,南通市驰远路12号,120.9948807,31.92295074,,0,0,长城 哈弗,1,"125,126,522,44,411",0513-85708266/85709266,320601
1106,南通益都汽车销售服务有限公司,南通益都汽车销售服务有限公司,,江苏省,南通市,如皋市,江苏省如皋市如城街道贺洋村八组88号,120.5780029,32.33815002,,0,0,长城 哈弗,1,"125,126,522,44,411",0513-87776188,320603
987,南阳市广安汽车销售服务有限公司,南阳市广安汽车销售服务有限公司,,河南省,南阳市,卧龙区,河南省南阳市信臣路中段,112.5428009,33.0114212,,0,0,长城 哈弗,1,"125,126,522",0377-61566668,411303
988,南阳市广信汽车销售服务有限公司,南阳市广信汽车销售服务有限公司,,河南省,南阳市,卧龙区,河南省南阳市北京路与信臣路（原312国道）交叉口，向西500米路北,112.5428009,33.0114212,,0,0,长城 哈弗,1,"125,126,522,44,411",0377-63132806,411302
989,南阳顺达尔汽车销售服务有限公司,南阳顺达尔汽车销售服务有限公司,,河南省,南阳市,卧龙区,河南省南阳市信臣路与独山大道交叉口东2公里路南,112.5964966,33.03089142,,0,0,长城 哈弗,1,,0377-63286888,411304
1392,宁波天天汽车贸易有限公司,宁波天天汽车贸易有限公司,,浙江省,宁波市,海曙区,浙江省宁波市海曙区顺德路78弄78号,121.5283966,29.85404968,,0,0,长城 哈弗,1,"125,126,522,44,411",0574-87487717/87499134/87358198/87995069,330202
1187,宁夏宁北长城汽车专营有限公司固原分公司,宁夏宁北长城汽车专营有限公司固原分公司,,宁夏,固原市,原州区,宁夏固原市经济开发区九龙路银联检测站对面,106.2720032,36.00613022,,0,0,长城 哈弗,1,"125,126,522,44,411",0954-2080115,640402
1189,宁夏宁北长城汽车专营有限公司银川分公司,宁夏宁北长城汽车专营有限公司银川分公司,,宁夏,银川市,兴庆区,银川市兴庆区贺兰山东路绿地汽车一条街C区1号,106.3141022,38.51268005,,0,0,长城 哈弗,1,"125,126,522",0951-8962706/8962707,640106
1190,宁夏宁北长兴汽车销售服务有限公司,宁夏宁北长兴汽车销售服务有限公司,,宁夏,银川市,兴庆区,宁夏银川市兴庆区清河北街国际汽车城B区9号,106.382103,38.46427155,,0,0,长城 哈弗,1,,0951-6717604,640105
838,宁夏宁北汽车贸易有限公司北京分公司,宁夏宁北汽车贸易有限公司北京分公司,,北京市,北京市,昌平区,北京市昌平区回龙观镇欧德宝国际汽车城,116.3163986,40.07909012,,0,0,长城 哈弗,1,"125,126,522,44,411",010-80793920/80793919,110121
1326,攀枝花市中驰汽车销售服务有限公司,攀枝花市中驰汽车销售服务有限公司,,四川省,攀枝花市,仁和区,攀枝花市迤沙拉大道827号,101.7204971,26.52516937,,0,0,长城 哈弗,1,"125,126,522",0812-2329999,510401
1161,盘锦嘉力汽车销售有限公司,盘锦嘉力汽车销售有限公司,,辽宁省,盘锦市,大洼县,辽宁省盘锦市大洼县盘锦南（大洼）高速路出口右转1500米路西,122.0938034,40.9649086,,0,0,长城 哈弗,1,"125,126,522,44,411",0427-2260002/2260003,211102
1451,盘锦嘉力汽车销售有限公司嘉誉分公司,盘锦嘉力汽车销售有限公司嘉誉分公司,辽宁省%3a盘锦市%3a576,辽宁省,盘锦市,,辽宁省盘锦市大洼区田家街道马圈子村,122.0317,41.1775,,,0,长城 哈弗,1,"411,522,44,125,126",0427-2638777,211103
990,平顶山市博海汽车销售服务有限公司,平顶山市博海汽车销售服务有限公司,,河南省,平顶山市,卫东区,平顶山市卫东区蒲城办事处任庄村（许南公路立交桥西路北）,113.424202,33.73313904,,0,0,长城 哈弗,1,"125,126,522,44,411",0375-2181666,410403
991,平顶山市华裕汽车销售服务有限公司,平顶山市华裕汽车销售服务有限公司,,河南省,平顶山市,卫东区,平顶山市卫东区蒲城办事处任庄村（许南公路立交桥西路北）,113.424202,33.73313904,,0,0,长城 哈弗,1,"125,126,522",0375-3982666,410402
864,平凉广通汽车销售有限公司,平凉广通汽车销售有限公司,,甘肃省,平凉市,崆峒区,甘肃省平凉市崆峒区柳湖乡八里村(炮团对面),106.6448975,35.5696106,,0,0,长城 哈弗,1,"125,126,522,44,411",0933-8886111,620802
865,平凉宁北长城汽车专营有限责任公司,平凉宁北长城汽车专营有限责任公司,,甘肃省,平凉市,崆峒区,甘肃省平凉市崆峒区十里铺仁河汽配城A-4S-1,106.7444992,35.52489853,,0,0,长城 哈弗,1,,0933-8698883,620803
1228,平邑顺华汽车销售服务有限公司,平邑顺华汽车销售服务有限公司,,山东省,临沂市,平邑县,平邑县经济开发区银华路与327国道交汇处东北角,117.6069031,35.50231934,,0,0,长城 哈弗,1,"125,126,522,44,411",0539-5259998,371312
848,莆田市奇奇贸易发展有限公司,莆田市奇奇贸易发展有限公司,,福建省,莆田市,荔城区,福建省莆田市荔城区西天尾龙山村,119.050499,25.49370956,,0,0,长城 哈弗,1,,0594-2881998,350302
992,濮阳市通达龙翔汽车销售服务有限公司,濮阳市通达龙翔汽车销售服务有限公司,,河南省,濮阳市,华龙区,濮阳市中原西路与安凯路交叉口东南角,114.9884033,35.7887001,,0,0,长城 哈弗,1,"125,126,522,44,411",0393-8806123,410902
993,濮阳市通达汽车销售服务有限公司,濮阳市通达汽车销售服务有限公司,,河南省,濮阳市,华龙区,濮阳市106国道与胜利路交叉口北10米路东,115.0428009,35.77104187,,0,0,长城 哈弗,1,"125,126,522",0393-8809669,410901
1251,栖霞市嘉群汽车销售服务有限公司,栖霞市嘉群汽车销售服务有限公司,,山东省,烟台市,栖霞市,山东省栖霞市民生路西首路南,120.8359985,37.31108093,,0,0,长城 哈弗,1,"125,126,522,44,411",0535-3373699,370608
1029,齐齐哈尔市博能汽车销售有限公司,齐齐哈尔市博能汽车销售有限公司,黑龙江省%3a齐齐哈尔市%3a695,黑龙江省,齐齐哈尔市,,齐齐哈尔市铁峰区联通大道汽贸城,124.0820999,47.34925079,,0,0,长城 哈弗,1,"125,126,522,44,411",04522885995,230205
1107,启东乐驰汽车贸易有限公司,启东乐驰汽车贸易有限公司,,江苏省,南通市,启东市,启东市城北开发区兴龙路99号,121.6715012,31.83109093,,0,0,长城 哈弗,1,"125,126,522,44,411",0513-69902666,320605
1444,迁安市兴创汽车销售服务有限公司,迁安市兴创汽车销售服务有限公司,河北省%3a唐山市%3a70,河北省,唐山市,,河北省迁安市杨店子镇政府对面东100米,118.5923,40.01207,,,,0,长城 哈弗,1,,0315-7980666,130284
1039,潜江驰骋汽车销售服务有限公司,潜江驰骋汽车销售服务有限公司,,湖北省,潜江市,市辖区,湖北省潜江市园林办事处袁桥村七组,112.8714981,30.4218998,,0,0,长城 哈弗,1,"125,126,522,44,411",0728-6693555,429002
962,秦皇岛机电长城汽车销售服务有限公司,秦皇岛机电长城汽车销售服务有限公司,,河北省,秦皇岛市,海港区,河北省秦皇岛市海港区东港路339号,119.6414032,39.97253036,,0,0,长城 哈弗,1,"44,411",0335-5912218,130303
1428,秦皇岛嘉达汽车销售服务有限公司,安徽新动力汽车服务有限公司,河北省%3a秦皇岛市%3a91,河北省,秦皇岛市,,秦皇岛市海港区秦青公路西侧京沈高速北出口瑞通汽车园内,119.5571,39.97736,,,0,长城 哈弗,0,,0335-5916999,0
1233,青岛长丰汽车销售有限公司,青岛长丰汽车销售有限公司,,山东省,青岛市,胶州市,山东省青岛胶州市兰州东路699号,120.1053009,36.2994194,,0,0,长城 哈弗,1,"125,126,522,44,411",0532-81123322,370214
1230,青岛华瑞汽车销售服务有限公司,青岛华瑞汽车销售服务有限公司,,山东省,青岛市,黄岛区,山东省胶南市珠山街道办事处泰山西路593号,119.9611969,35.89076996,,0,0,长城 哈弗,1,"125,126,522,44,411",0532-83191999,370208
1231,青岛吉丰达工贸有限公司,青岛吉丰达工贸有限公司,,山东省,青岛市,李沧区,青岛市李沧区三零八国道779号,120.4375992,36.17876816,,0,0,长城 哈弗,1,"125,126,522,44,411",0532-87891717/87691616,370211
1232,青岛圣日达汽车销售服务有限公司,青岛圣日达汽车销售服务有限公司,,山东省,青岛市,平度市,青岛平度市柳州路31号,119.9194717,36.80603027,,0,0,长城 哈弗,1,"125,126,522,44,411",0532-88352098,370210
1234,青岛众利德汽车销售有限公司,青岛众利德汽车销售有限公司,,山东省,青岛市,即墨市,青岛即墨市经济开发区烟青一级路196号（亨通汽车交易市场）,120.5046997,36.379879,,0,0,长城 哈弗,1,"125,126,522,44,411",0532-8755888,370202
1191,青海青诚汽车销售服务有限公司,青海青诚汽车销售服务有限公司,,青海省,西宁市,城北区,青海省西宁市西川南路海湖车城,101.6716003,36.65253067,,0,0,长城 哈弗,1,"125,126,522,44,411",0971-5202888,630106
1192,青海青旺汽车销售服务有限公司,青海青旺汽车销售服务有限公司,,青海省,西宁市,城东区,西宁市经济开发区昆仑东路26号,101.8732986,36.57098007,,0,0,长城 哈弗,1,"125,126,522,44,411",0971-8814844,630104
1242,青州市新东联汽车贸易有限公司,青州市新东联汽车贸易有限公司,,山东省,潍坊市,青州市,山东省潍坊市青州经济开发区时代一路西首路北,118.4701996,36.68058014,,0,0,长城 哈弗,1,"125,126,522",0536-6131277,370712
894,清远友道汽车销售服务有限公司,清远友道汽车销售服务有限公司,,广东省,清远市,清城区,广东省清远市新城东B41号区（107国道众合力汽车城内）,113.0658035,23.66025925,,0,0,长城 哈弗,1,"125,126,522,44,411",0763-3510123,441802
866,庆阳仕通汽车销售有限公司,庆阳仕通汽车销售有限公司,,甘肃省,庆阳市,西峰区,甘肃省庆阳市西峰区彭原乡（庆化大道北段）,107.635498,35.7264595,,0,0,长城 哈弗,1,"125,126,522,44,411",0934-6663333,621003
1394,衢州元盛汽车有限公司,衢州元盛汽车有限公司,,浙江省,衢州市,衢江区,浙江省衢州市衢江区振兴东路599号,118.9740982,28.97990036,,0,0,长城 哈弗,1,"125,126,522,44,411",0570-8750666,330804
1236,日照市凌嘉汽贸有限公司,日照市凌嘉汽贸有限公司,,山东省,日照市,莒县,山东省日照市莒县文心西路与信中路交叉口西300米,118.8282013,35.59151077,,0,0,长城 哈弗,1,"125,126,522,44,411",0633-6160222,371105
1237,日照市凌硕汽贸有限公司,日照市凌硕汽贸有限公司,,山东省,日照市,东港区,山东省日照市奎山汽贸城204国道路西(郭家湖桥南50米),119.4442978,35.40412903,,0,0,长城 哈弗,1,"125,126,522,44,411",0633-7268008,371104
994,三门峡众山伟业汽车销售服务有限公司,三门峡众山伟业汽车销售服务有限公司,,河南省,三门峡市,湖滨区,三门峡市东高速口瑞通汽车城内,111.2605972,34.73786926,,0,0,长城 哈弗,1,"125,126,522,44,411",0398-2973777,411201
852,三明市恒大汽车贸易有限公司,三明市恒大汽车贸易有限公司,,福建省,三明市,三元区,三明市三元区大坂一路3号2幢（高速公路南出口1公里）,117.4954987,26.10944939,,0,0,长城 哈弗,1,"125,126,522,44,411",0598-8380908,350405
1209,山东福骋汽车贸易有限公司,山东福骋汽车贸易有限公司,,山东省,济南市,历城区,山东省济南市北园大街41-1号,117.0649033,36.70573044,,0,0,长城 哈弗,1,"125,126,522",0531-81269299,370110
1235,山东琨狮汽车销售服务有限公司,山东琨狮汽车销售服务有限公司,,山东省,青岛市,城阳区,青岛市城阳区黑龙江中路赵戈庄,120.4281998,36.26277161,,0,0,长城 哈弗,1,"125,126,522",0532-66738666/66738777,370209
1210,山东齐鲁宝源汽车销售服务有限公司,山东齐鲁宝源汽车销售服务有限公司,,山东省,济南市,历城区,济南市历城区工业北路66号,117.1372986,36.72502899,,0,0,长城 哈弗,1,"125,126,522,44,411",0531-87566067,370105
1211,山东齐鲁德众工贸有限公司,山东齐鲁德众工贸有限公司,,山东省,济南市,济阳县,山东省济南市济阳县富阳街69号,117.1648026,36.97444916,,0,0,长城 哈弗,1,"125,126,522,44,411",0531-81172901,370113
1221,山东省聊城市奥宝源汽贸有限公司,山东省聊城市奥宝源汽贸有限公司,,山东省,聊城市,东昌府区,聊城市开发区泰山路与滦河路交叉口,116.0764008,36.46868134,,0,0,长城 哈弗,1,"125,126,522,44,411",06358877008,371506
1238,山东泰安交运集团诚运汽车销售服务有限公司,山东泰安交运集团诚运汽车销售服务有限公司,,山东省,泰安市,泰山区,山东省泰安市龙潭南路交运汽车园内,117.1247025,36.10787964,,0,0,长城 哈弗,1,"125,126,522,44,411",0538-8419999,371707
1239,山东泰安交运集团新泰宏运汽车销售服务有限公司,山东泰安交运集团新泰宏运汽车销售服务有限公司,,山东省,泰安市,新泰市,山东省新泰市经济开发区国贸路中段国际汽贸城,117.7443008,35.91775894,,0,0,长城 哈弗,1,"125,126,522,44,411",0538-7775555,370907
1275,山西诺维兰集团运城瑞达汽车销售服务有限公司,山西诺维兰集团运城瑞达汽车销售服务有限公司,,山西省,运城市,盐湖区,山西省运城市盐湖工业园区南风大道三号,110.9573975,35.12261963,,0,0,长城 哈弗,1,"125,126,522",0359-8711588,140803
1273,山西省忻州汽车工业贸易有限公司,山西省忻州汽车工业贸易有限公司,,山西省,忻州市,忻府区,山西省忻州市和平西路（高速出口辅道南）,112.7278976,38.46102905,,0,0,长城 哈弗,1,"125,126,522",0350-3399003/3399005,140904
1270,山西欣昌林汽车服务有限公司,山西欣昌林汽车服务有限公司,,山西省,太原市,万柏林区,太原市万柏林区祠路110号汇众汽车家园院内,112.5358963,37.8288002,,0,0,长城 哈弗,1,"125,126,522,44,411",0351-2206333/2206355,140109
1271,山西智源冀东汽车连锁销售有限公司,山西智源冀东汽车连锁销售有限公司,,山西省,太原市,小店区,太原市太榆路15号,112.5994034,37.81098938,,0,0,长城 哈弗,1,"125,126,522,44,411",0351-8728000/8728200,140106
1264,山西中都兴达汽车销售服务有限公司,山西中都兴达汽车销售服务有限公司,,山西省,晋中市,榆次区,晋中市经济开发区汽贸园太榆路张村段,112.6917038,37.73709106,,0,0,长城 哈弗,1,"125,126,522",0354-2737000,140703
1286,陕西超达汽车销售服务有限公司,陕西超达汽车销售服务有限公司,,陕西省,西安市,未央区,西安市三桥经济技术开发区疏导线58号,108.8253021,34.3015213,,0,0,长城 哈弗,1,"125,126,522,44,411",029-62861900,610104
895,汕头经济特区机电设备有限公司,汕头经济特区机电设备有限公司,,广东省,汕头市,龙湖区,汕头市汕汾公路与淮河路交界处（广汽本田金田店北侧）,116.7322998,23.3966198,,0,0,长城 哈弗,1,"125,126,522,44,411",0754-86860638,440505
995,商丘宏丰汽车销售服务有限公司,商丘宏丰汽车销售服务有限公司,,河南省,商丘市,梁园区,商丘市梁园区金桥路与新兴路交叉口路东,115.6025009,34.42190933,,0,0,长城 哈弗,1,"125,126,522",0370-2226333,411402
996,商丘宏腾汽车销售服务有限公司,商丘宏腾汽车销售服务有限公司,,河南省,商丘市,梁园区,商丘市梁园区民主路与富康路交叉口北500米路西,115.6066971,34.45011902,,0,0,长城 哈弗,1,"125,126,522,44,411",0370-3330888,411403
1294,上海东卫汽车销售服务有限公司,上海东卫汽车销售服务有限公司,,上海市,上海市,闵行区,上海市闵行区天山西路2588号,121.3386993,31.22378922,,0,0,长城 哈弗,1,"125,126,522,44,411",021-52698511,310109
1295,上海金琥汽车销售有限公司,上海金琥汽车销售有限公司,,上海市,上海市,闵行区,上海市闵行区顾戴路3333弄58号一层A区哈弗4S店,121.3556976,31.13010979,,0,0,长城 哈弗,1,"125,126,522,44,411",021-54886528/54882396/54882376,310107
1296,上海林叶汽车销售有限公司,上海林叶汽车销售有限公司,上海%3a上海市%3a823,上海,上海市,,上海市普陀区真北路3482号(中环古浪路真南路出口),121.4063034,31.28383064,,0,0,长城 哈弗,1,"125,126,522,44,411",021-66290991/66295512,310106
1142,上饶市元盛汽车销售服务有限公司,上饶市元盛汽车销售服务有限公司,,江西省,上饶市,上饶县,江西省上饶市三清山西大道58号(月亮湾汽车城),117.9076996,28.46235085,,0,0,长城 哈弗,1,"125,126,522,44,411",0793-8653688/7058555,361102
896,韶关市森鑫汽车贸易有限公司,韶关市森鑫汽车贸易有限公司,,广东省,韶关市,浈江区,广东省韶关市韶南大道六公里东侧,113.5904007,24.75440025,,0,0,长城 哈弗,1,"125,126,522,44,411",0751-8289926,440204
1064,邵阳和顺汽车经营有限公司,邵阳和顺汽车经营有限公司,,湖南省,邵阳市,双清区,邵阳市双清区邵阳大道与建龙路交叉口,111.5170975,27.22674942,,0,0,长城 哈弗,1,"125,126,522,44,411",0739-5010221,430503
1065,邵阳市永成汽车贸易有限公司,邵阳市永成汽车贸易有限公司,,湖南省,邵阳市,双清区,湖南省邵阳市邵阳大道与建龙路交叉口之西南角,111.5170975,27.22674942,,0,0,长城 哈弗,1,"125,126,522",0739-5010221,430502
1395,绍兴元胜汽车有限公司,绍兴元胜汽车有限公司,,浙江省,绍兴市,越城区,浙江省绍兴市袍江工业区丁港横路37号（袍江消防大队斜对面）,120.6167984,30.08799934,,,0,0,长城 哈弗,1,"125,126,522,44,411",0575-89106999,330610
1396,绍兴元胜汽车有限公司诸暨分公司,绍兴元胜汽车有限公司诸暨分公司,,浙江省,绍兴市,诸暨市,诸暨市浣东街道暨东路105号,120.2873993,29.71911049,,0,0,长城 哈弗,1,"125,126,522,44,411",0575-87326333,330609
897,深圳市奔爵汽车贸易有限公司,深圳市奔爵汽车贸易有限公司,,广东省,深圳市,福田区,深圳市福田区红荔西路联合华鹏汽车市场B1-2北侧A,114.038002,22.54829979,,0,0,长城 哈弗,1,"125,126,522,44,411",0755-83052668/83947446/83947449/83947447,440309
898,深圳市金达汽车贸易有限公司,深圳市金达汽车贸易有限公司,,广东省,深圳市,宝安区,深圳市宝安区西乡街道广深公路两侧(世纪车城)办公楼1栋一层101及3号厅1楼东侧,113.8611984,22.62270927,,0,0,长城 哈弗,1,"125,126,522,44,411",0755-27472015,440302
899,深圳市金达汽车贸易有限公司福永分公司,深圳市金达汽车贸易有限公司福永分公司,,广东省,深圳市,宝安区,广东省深圳市宝安区福永街道怀德南路东方车城102,113.8299026,22.66630936,,0,0,长城 哈弗,1,"125,126",075523000888,440310
900,深圳市龙岗区时兴实业有限公司,深圳市龙岗区时兴实业有限公司,,广东省,深圳市,龙岗区,深圳市龙岗区吉祥南路16号,114.2518997,22.71372986,,0,0,长城 哈弗,1,"125,126,522,44,411",0755-28697366,440303
901,深圳市鹏爵汽车贸易有限公司,深圳市鹏爵汽车贸易有限公司,,广东省,深圳市,南山区,深圳市南山区南头街道嘉进隆前海汽车城B区B02,113.927597,22.54142952,,0,0,长城 哈弗,1,"125,126,522,44,411",0755-83363000,440311
1040,十堰冠天力汽车销售有限公司,十堰冠天力汽车销售有限公司,,湖北省,十堰市,茅箭区,十堰市浙江路万通工业园,110.8200989,32.64059067,,0,0,长城 哈弗,1,"125,126,522,44,411",0719-8219888,420304
1041,十堰泽丰汽车销售有限公司,十堰泽丰汽车销售有限公司,,湖北省,十堰市,郧县,湖北省十堰市郧县经济开发区茶店村,110.7109985,32.67039871,,0,0,长城 哈弗,1,"125,126,522",0719-7520888,420305
1349,石河子市天羽汽车销售服务有限公司,石河子市天羽汽车销售服务有限公司,,新疆维吾尔自治区,石河子市,市辖区,新疆石河子市军垦汽车城186-4号,86.06109619,44.28786087,,0,0,长城 哈弗,1,"125,126,522,44,411",0993-7500888,659003
965,石家庄市世盛汽车销售有限公司,石家庄市世盛汽车销售有限公司,,河北省,石家庄市,长安区,石家庄市长安区北二环东路86号,114.5560989,38.08031845,,0,0,长城 哈弗,1,"125,126,522,44,411",0311-85616081,130101
1030,双鸭山安盛汽车销售服务有限公司,双鸭山安盛汽车销售服务有限公司,,黑龙江省,双鸭山市,集贤县,双鸭山市集贤县河东区59委南1-9号,131.1506042,46.81843948,,0,0,长城 哈弗,1,"125,126,522,44,411",0469-4939888,230502
1268,朔州市万吉祥汽车销售有限公司,朔州市万吉祥汽车销售有限公司,山西省%3a朔州市%3a288,山西省,朔州市,,山西省朔州市朔城区北环路车管所朔州汽车城,112.5561981,39.24327087,,0,0,长城 哈弗,1,"125,126,522,44,411",0349-6660259,140602
1269,朔州市振华汽车销售有限公司,朔州市振华汽车销售有限公司,,山西省,朔州市,朔城区,山西省朔州市朔城区振华东街北侧,112.472702,39.35419083,,0,0,长城 哈弗,1,,0349-8855688,140603
1305,四川嘉宏汽车销售服务有限公司,四川嘉宏汽车销售服务有限公司,,四川省,成都市,青羊区,四川省成都市青羊区文家大道1号成都青羊工业集中发展区（西区）,103.9513016,30.70362091,,0,0,长城 哈弗,1,"125,126,522",028-82877778,510110
1321,四川新艾潇汽贸有限公司,四川新艾潇汽贸有限公司,,四川省,绵阳市,涪城区,绵阳市长虹大道北段162号（车管所%2520江油方向100米）,104.7397003,31.50856018,,0,0,长城 哈弗,1,"125,126,522",0816-2531818,510704
1082,四平中拓汽车销售服务有限公司,四平中拓汽车销售服务有限公司,吉林省%3a四平市%3a626,吉林省,四平市,,四平经济开发区大路4111-2号,124.3914032,43.17552948,,0,0,长城 哈弗,1,"125,126,522,44,411",0434-3319000,220303
1445,松原新长兴汽车销售服务有限公司,松原新长兴汽车销售服务有限公司,吉林省%3a松原市%3a653,吉林省,松原市,,吉林省松原市前郭县前郭经济开发区成吉思汗大街0006号,124.8861,45.10525,,,,0,长城 哈弗,1,,,220703
1092,苏州常城汽车销售服务常州金坛有限公司,苏州常城汽车销售服务常州金坛有限公司,,江苏省,常州市,金坛市,江苏省常州市金坛区汽车城8号,119.5149994,31.72304916,,0,0,长城 哈弗,1,"125,126,522,44,411",0519-82906888,320406
1093,苏州常城汽车销售服务常州溧阳有限公司,苏州常城汽车销售服务常州溧阳有限公司,,江苏省,常州市,溧阳市,溧阳市昆仑街道昆仑北路277号,119.503685,31.46754265,,0,0,长城 哈弗,1,"125,126,522,44,411",0519-87868999,320405
1111,苏州常城汽车销售服务有限公司,苏州常城汽车销售服务有限公司,,江苏省,苏州市,相城区,江苏省苏州市相城区太阳路2988号,120.6201019,31.4218998,,0,0,长城 哈弗,1,"125,126,522,44,411",0512-66158100,320512
1112,苏州恒通汽车销售服务有限公司,苏州恒通汽车销售服务有限公司,,江苏省,苏州市,吴中区,苏州市吴中区木渎镇中山东路162号,120.5519028,31.26412964,,0,0,长城 哈弗,1,"125,126,522,44,411",0512-68126107,320506
1121,宿迁长菱汽车销售服务有限公司,宿迁长菱汽车销售服务有限公司,,江苏省,宿迁市,宿城区,江苏省宿迁市迅驰路6-8号,118.2437973,33.93835831,,0,0,长城 哈弗,1,"125,126,522,44,411",0527-82880988,321303
829,宿州市力盛汽车销售有限公司,宿州市力盛汽车销售有限公司,,安徽省,宿州市,桥区,安徽省宿州经济技术开发区西昌南路汽车城,116.9785995,33.62540054,,0,0,长城 哈弗,1,"125,126,522,44,411",0557-3620093,341301
1031,绥化市博能汽车销售有限公司,绥化市博能汽车销售有限公司,,黑龙江省,绥化市,北林区,黑龙江省绥化市北林区科研路与2号路交叉口,126.957901,46.74753952,,0,0,长城 哈弗,1,"125,126,522,44,411",0455-8946688,231201
1042,随州骏马贸易有限公司,随州骏马贸易有限公司,,湖北省,随州市,曾都区,湖北省随州市经济开发区季梁大道,113.4248962,31.70965004,,0,0,长城 哈弗,1,"125,126,522,44,411",0722-3301000,421303
1327,遂宁建国汽车销售服务有限公司,遂宁建国汽车销售服务有限公司,,四川省,遂宁市,船山区,遂宁市船山区中国西部现代物流港,105.5746994,30.46212959,,0,0,长城 哈弗,1,,0825-5819922,510902
1272,太原市长森汽车销售有限公司,太原市长森汽车销售有限公司,,山西省,太原市,小店区,山西省太原市小店区平阳路158号,112.5569992,37.7903595,,0,0,长城 哈弗,1,"125,126,522",0351-7421288,140103
1115,泰州市顺城汽车销售服务有限公司,泰州市顺城汽车销售服务有限公司,,江苏省,泰州市,海陵区,江苏省泰州市凤凰路街道工业园区88号,120.2261963,32.93848038,,0,0,长城 哈弗,1,"125,126,522,44,411",0523-89993999,321202
1116,泰州顺骐汽车销售服务有限公司,泰州顺骐汽车销售服务有限公司,,江苏省,泰州市,海陵区,江苏省泰州市泰州大道国际汽车城279号,119.9140015,32.41310883,,0,0,长城 哈弗,1,"125,126,522,44,411",0523-86999666,321203
966,唐山广通汽车贸易有限公司,唐山广通汽车贸易有限公司,河北省%3a唐山市%3a70,河北省,唐山市,,河北省遵化市南三环与华明路交叉口,117.9641037,40.18946075,,0,0,长城 哈弗,1,"125,126,522,44,411",0315-6837818,130205
967,唐山力泽汽车销售服务有限公司,唐山力泽汽车销售服务有限公司,,河北省,唐山市,丰润区,河北省唐山市西外环与新机场路交叉口立交桥北侧-荣川汽车园区,118.1149979,39.67525864,,0,0,长城 哈弗,1,,0315-5516456,130209
968,唐山市成亚汽车贸易有限公司,唐山市成亚汽车贸易有限公司,,河北省,唐山市,路南区,唐山市路南区复兴路8号,118.2042999,39.6063385,,0,0,长城 哈弗,1,"125,126,522,44,411",0315-2969090/2968828,130207
969,唐山市世盛汽车贸易有限公司,唐山市世盛汽车贸易有限公司,河北省%3a唐山市%3a70,河北省,唐山市,,唐山市高新区大庆道109号,118.165802,39.70191956,,0,0,长城 哈弗,1,"125,126,522,44,411",0315-5390999,130208
1255,滕州市亿盟汽车销售服务有限公司,滕州市亿盟汽车销售服务有限公司,,山东省,枣庄市,滕州市,山东省滕州市龙泉南路机动车检验检测中心路南,117.2005005,35.06927109,,0,0,长城 哈弗,1,"125,126,522,44,411",0632-5256998,370403
1336,天津乐达汽车销售服务有限公司,天津乐达汽车销售服务有限公司,,天津市,天津市,津南区,天津市津南区葛万公路与天津大道交叉口滨海盛世国际汽车园1号厅,117.5082016,38.98263931,,0,0,长城 哈弗,1,"125,126,522,44,411",022-28621999/28621666,120111
1337,天津乐达汽车销售服务有限公司哈弗店,天津乐达汽车销售服务有限公司哈弗店,,天津市,天津市,津南区,天津市津南区葛万公路与天津大道交叉口滨海盛世国际汽车园1号厅,117.5082016,38.98263931,,0,0,长城 哈弗,1,,022-28621999/28621666,120113
1338,天津铭信汽车销售服务有限公司,天津铭信汽车销售服务有限公司,,天津市,天津市,滨海新区,天津市塘沽区新北路4668号创新创业园27-A,117.6735001,39.07162857,,0,0,长城 哈弗,1,"125,126,522,44,411",022-25223567,120110
1339,天津市北轻汽商贸有限公司,天津市北轻汽商贸有限公司,,天津市,天津市,南开区,天津市南开区复康路196号王顶堤天津汽车城,117.1335983,39.10440826,,0,0,长城 哈弗,1,,022-23795459 / 400-678-6822,120106
1340,天津市北轻汽商贸有限公司北辰分公司,天津市北轻汽商贸有限公司北辰分公司,,天津市,天津市,北辰区,天津市北辰区龙洲道与外环西路交口韩家墅汽贸园A区1号,117.1108017,39.21181107,,0,0,长城 哈弗,1,,022-60988981/022-60988982,120112
1341,天津鑫现汽车贸易有限公司,天津鑫现汽车贸易有限公司,天津%3a天津市%3a22,天津,天津市,,天津市西青区西青道273号（交通技术学院旁）,117.078598,39.1554985,,0,0,长城 哈弗,1,"125,126,522,44,411",022-87915866/87915926,120109
1342,天津信达汽车销售服务有限公司,天津信达汽车销售服务有限公司,天津%3a天津市%3a22,天津,天津市,,天津市西青区中北镇卉康道12号,117.0859985,39.12195969,,0,0,长城 哈弗,1,"125,126,522,44,411",022-83741999,120114
1043,天门骏马贸易有限公司,天门骏马贸易有限公司,,湖北省,天门市,市辖区,湖北省天门市小板镇金科村三乡路陆宇汽车大市场内,113.1938019,30.61252975,,0,0,长城 哈弗,1,"125,126",07285330222,429001
867,天水银通汽车贸易有限责任公司,天水银通汽车贸易有限责任公司,,甘肃省,天水市,秦州区,甘肃省天水市秦州区岷山路,105.7612991,34.58647156,,0,0,长城 哈弗,1,"125,126,522,44,411",0938-8389869,620502
1165,铁岭市兴鑫远汽车销售服务有限公司,铁岭市兴鑫远汽车销售服务有限公司,,辽宁省,铁岭市,银州区,辽宁省铁岭市经济开发区机动车交易市场园区帽山街8号(铁岭物流城),123.839798,42.27560043,,0,0,长城 哈弗,1,"125,126,522,44,411",024-74293999,211201
1084,通化医药高新区隆升汽车销售服务有限公司,通化医药高新区隆升汽车销售服务有限公司,,吉林省,通化市,东昌区,吉林省通化市医药高新区道口东行500米,125.9425964,41.7364006,,0,0,长城 哈弗,1,"125,126,522,44,411",0435-3377555/666,220505
1180,通辽市通华投资有限责任公司,通辽市通华投资有限责任公司,,内蒙古自治区,通辽市,科尔沁区,内蒙古通辽市霍林河大街东段%2520通郑公路一公里处%2520利丰汽贸园区,122.3219986,43.64297867,,0,0,长城 哈弗,1,"125,126,522,44,411",0475-6380954,150501
1181,通辽市昱达吉汽车贸易有限公司,通辽市昱达吉汽车贸易有限公司,,内蒙古自治区,通辽市,科尔沁区,内蒙古通辽市开发区创业大道瑞丰物流园北1号（居然之家北100米路西）哈弗汽车,122.2275009,43.65840912,,0,0,长城 哈弗,1,"44,411",0475-6196661,150504
826,铜陵市长弗汽车销售有限公司,铜陵市长弗汽车销售有限公司,,安徽省,铜陵市,郊区,铜陵市铜都大道中段4837号,117.8046036,30.90409088,,0,0,长城 哈弗,1,"125,126,522,44,411",0562-8822666,340704
827,铜陵市长瑞汽车销售有限公司,铜陵市长瑞汽车销售有限公司,,安徽省,铜陵市,狮子山区,安徽省铜陵市芜铜路（西湖段）尾沙库盛友国际汽车城10号4S店,117.8687973,30.95331001,,0,0,长城 哈弗,1,"125,126,522,44,411",0562-6866999,340703
934,铜仁市升源汽车销售服务有限责任公司,铜仁市升源汽车销售服务有限责任公司,,贵州省,铜仁市,万山区,贵州省铜仁市万山区谢桥唐家寨火焰村,109.2287979,27.78955078,,0,0,长城 哈弗,1,"125,126,522,44,411",0856-8928888,522201
1429,铜仁五福汽车有限公司,铜仁五福汽车有限公司,贵州省%3a铜仁地区%3a2612,贵州省,铜仁地区,,贵州省铜仁市碧江区经济开发区武陵山国际汽车城,108.7034,27.92052,,,0,长城 哈弗,0,,0856-5636666,522202
853,万国（福建）投资集团有限公司,万国（福建）投资集团有限公司,,福建省,厦门市,湖里区,福建省厦门市湖里区中埔村机场路口往出岛方向200米,118.1473007,24.48123932,,0,0,长城 哈弗,1,"125,126,522,44,411",0592-5623166/6369366,350202
839,万国（福建）投资集团有限公司福州分公司,万国（福建）投资集团有限公司福州分公司,,福建省,福州市,闽侯县,福州市闽侯县尚干镇后村村祥通路5号,119.3798981,25.9246006,,0,0,长城 哈弗,1,"125,126,522",0591-22271117,350107
854,万国（福建）投资集团有限公司厦门集美经营部,万国（福建）投资集团有限公司厦门集美经营部,福建省%3a厦门市%3a1213,福建省,厦门市,,厦门市集美区珩圣路集美汽车物流中心（厦门北站旁）,118.0805969,24.64237976,,0,0,长城 哈弗,1,"125,126,522,44,411",0592-6369366,350203
840,万国（福州）汽车贸易有限公司,万国（福州）汽车贸易有限公司,,福建省,福州市,闽侯县,福州市闽侯县尚干镇后村村祥通路5号,119.3798981,25.9246006,,0,0,长城 哈弗,1,"125,126,522,44,411",0591-22265599,350106
1240,威海宾海汽车销售服务有限公司,威海宾海汽车销售服务有限公司,,山东省,威海市,环翠区,山东省威海市温泉镇柳林工业园（江家寨立交桥向西1500米路南）,122.1607971,37.38027954,,0,0,长城 哈弗,1,"125,126,522,44,411",0631-5377000/5376888,370804
1241,威海福骋汽车贸易有限公司,威海福骋汽车贸易有限公司,,山东省,威海市,市辖区,威海市环翠区温泉镇冶口金蚂蚁汽车广场9号,122.143898,37.37493134,,0,0,长城 哈弗,1,,0631-5365000,370810
1244,潍坊广潍汽车销售服务有限公司,潍坊广潍汽车销售服务有限公司,,山东省,潍坊市,奎文区,山东潍坊市奎文区蓝翔街506号,119.131897,36.63594818,,0,0,长城 哈弗,1,"125,126,522,44,411",0536-8827929/0536-8818029,370710
1245,潍坊广潍汽车销售服务有限公司寿光分公司,潍坊广潍汽车销售服务有限公司寿光分公司,,山东省,潍坊市,寿光市,山东省潍坊市寿光市圣城西街666号(文家医院西800米路南),118.719101,36.88510895,,0,0,长城 哈弗,1,"125,126,522,44,411",0536-5897888,370715
1246,潍坊市新东联汽车贸易有限公司,潍坊市新东联汽车贸易有限公司,,山东省,潍坊市,奎文区,潍坊市奎文区潍洲路金宝乐园南行500米路西,119.1334991,36.6581192,,0,0,长城 哈弗,1,"125,126,522",0536-2119588/2247398,370714
1285,渭南市源康汽车服务有限公司,渭南市源康汽车服务有限公司,,陕西省,渭南市,临渭区,陕西省渭南高新区东风大街西段51号,109.4403992,34.50918961,,0,0,长城 哈弗,1,,0913-2361555,610503
1450,温州元胜汽车有限公司乐成分公司,温州元胜汽车有限公司乐成分公司,浙江省%3a温州市%3a996,浙江省,温州市,,浙江省乐清市宁康西路398号,120.6906,28.00284,,,0,长城 哈弗,1,"411,522,44,125,126",0577-61516066,330316
1401,温州元胜汽车有限公司乐清分公司,温州元胜汽车有限公司乐清分公司,,浙江省,温州市,乐清市,浙江省乐清市城南街道宁康西路,120.9686966,28.1131897,,0,0,长城 哈弗,1,"125,126,522",0577-61600711,330314
1402,温州元胜汽车有限公司瑞安分公司,温州元胜汽车有限公司瑞安分公司,,浙江省,温州市,瑞安市,浙江省瑞安市莘塍街道董二村1号,120.6850967,27.78713989,,0,0,长城 哈弗,1,"125,126,522",0577-58907573,330313
1374,文山超达汽车贸易有限公司,文山超达汽车贸易有限公司,,云南省,文山壮族苗族自治州,文山市,云南省文山州文山市花果洞内,104.2444,23.36986923,,0,0,长城 哈弗,1,,0876-2680788,532602
1375,文山文博汽车销售服务有限公司,文山文博汽车销售服务有限公司,,云南省,文山壮族苗族自治州,文山市,云南省文山市文砚路（三鑫职业技术学院对面）,104.2810974,23.35621071,,0,0,长城 哈弗,1,"125,126,522,44,411",0876-2660777,532603
1182,乌海市宏兴汽车销售有限责任公司,乌海市宏兴汽车销售有限责任公司,,内蒙古自治区,乌海市,海勃湾区,内蒙古自治区乌海市林荫大道以北嘉航公司以东,106.8274994,39.70782852,,0,0,长城 哈弗,1,"125,126,522,44,411",0473-2052000/5867777,150301
1118,无锡市万盛汽车销售服务有限公司,无锡市万盛汽车销售服务有限公司,,江苏省,无锡市,滨湖区,无锡市金城东路290号东方汽车城新城A9座,120.4101028,31.56797028,,0,0,长城 哈弗,1,"125,126,522,44,411",0510-82129111/82129333,320204
1119,无锡市中正汽车销售服务有限公司,无锡市中正汽车销售服务有限公司,江苏省%3a无锡市%3a858,江苏省,无锡市,,江苏省无锡市北塘区江海东路12号,120.3169022,31.60915947,,0,0,长城 哈弗,1,"125,126,522,44,411",0510-82137098,320201
1113,吴江市鑫和汽车销售服务有限公司,吴江市鑫和汽车销售服务有限公司,,江苏省,苏州市,吴江区,江苏省吴江市松陵镇八坼社区交通北路35号,120.6572037,31.16986084,,0,0,长城 哈弗,1,"125,126,522,44,411",0512-63341988,320511
828,芜湖元兴汽车销售服务有限公司,芜湖元兴汽车销售服务有限公司,,安徽省,芜湖市,鸠江区,芜湖市鸠江区官陡办事处三环路旁水系以东、以北亚厦汽车城二期,118.4940033,31.37548065,,0,0,长城 哈弗,1,"125,126,522,44,411",05535817555,340204
928,梧州市钊尚汽车销售有限责任公司,梧州市钊尚汽车销售有限责任公司,,广西壮族自治区,梧州市,万秀区,梧州市莲花山骨鱼冲（原旧机动车交易中内）,111.3363037,23.51522064,,0,0,长城 哈弗,1,"125,126,522,44,411",0774-2031688,450402
1045,武汉骏马聚城汽车销售有限公司,武汉骏马聚城汽车销售有限公司,,湖北省,武汉市,东西湖区,湖北省武汉市东西湖区养殖银潭路东、马池路南,114.2847977,30.67925072,,0,0,长城 哈弗,1,"125,126,522",027-83918556,420107
1046,武汉骏马众城汽车销售有限公司,武汉骏马众城汽车销售有限公司,,湖北省,武汉市,汉阳区,武汉市汉阳区汉阳大道390号(武汉市汉阳区仙山社区周湾特8号),114.2554016,30.55798912,,0,0,长城 哈弗,1,"125,126,522,44,411",027-84849909,420108
1047,武汉市博宇贸易有限责任公司,武汉市博宇贸易有限责任公司,,湖北省,武汉市,黄陂区,湖北省武汉市黄陂区盘龙经济开发区汉口北大道88号,114.3125992,30.70157051,,0,0,长城 哈弗,1,"125,126",027-82639423,420110
1048,武汉市源华汽车服务有限公司,武汉市源华汽车服务有限公司,,湖北省,武汉市,江夏区,武汉市江夏区藏龙岛凤凰大道16号,114.4452972,30.43353081,,0,0,长城 哈弗,1,"125,126,522,44,411",027-50757750,420105
1049,武汉圆圆方汽车有限公司,武汉圆圆方汽车有限公司,,湖北省,武汉市,东西湖区,武汉市东西湖区金银湖街环湖中路东、田园东路北A-2栋1层1室（11）,114.2155991,30.64559937,,0,0,长城 哈弗,1,"125,126,522,44,411",027-83091111,420111
869,武威金仕恒泰汽车销售有限公司,武威金仕恒泰汽车销售有限公司,,甘肃省,武威市,凉州区,武威市凉州区城西沿金色大道连接线段金沙社区西侧,102.7093964,37.92763901,,0,0,长城 哈弗,1,"125,126,522,44,411",0935-2356018,620602
1287,西安超达汽车销售服务有限公司,西安超达汽车销售服务有限公司,,陕西省,西安市,未央区,陕西省西安市未央区三桥镇西部国际车城内,108.8237991,34.29985046,,0,0,长城 哈弗,1,"125,126,522,44,411",029-85575800,610105
1288,西安市源康工贸有限责任公司,西安市源康工贸有限责任公司,,陕西省,西安市,未央区,陕西省西安市经济开发区凤城五路C5区,108.9487,34.3360405,,0,0,长城 哈弗,1,,029-86563133,610103
1289,西安真诚汽车销售服务有限公司,西安真诚汽车销售服务有限公司,,陕西省,西安市,雁塔区,西安市雁塔区科技西路66号鱼华工业园,108.8880005,34.24586105,,0,0,长城 哈弗,1,"125,126,522,44,411",029-62390000,610106
1316,西昌四友元丰商贸有限公司,西昌四友元丰商贸有限公司,,四川省,凉山彝族自治州,西昌市,四川省西昌市航天大道西段（攀钢大学生公寓旁）,102.2368011,27.89657974,,0,0,长城 哈弗,1,"125,126,522",0834-2522678,513402
1376,西双版纳超达汽车销售服务有限公司,西双版纳超达汽车销售服务有限公司,,云南省,西双版纳傣族自治州,景洪市,西双版纳景洪市（嘎东片区）南溪大道5号,100.9272995,22.11141014,,0,0,长城 哈弗,1,,0691-2120665,532805
1184,锡林郭勒盟顺达龙腾汽车销售服务有限公司,锡林郭勒盟顺达龙腾汽车销售服务有限公司,,内蒙古自治区,锡林郭勒盟,锡林浩特市,内蒙古自治区锡林浩特市经济开发区二连路火车站北1000米,116.0378036,43.92705917,,0,0,长城 哈弗,1,"125,126,522,44,411",0479-2773131,152504
1185,锡林郭勒盟顺平汽贸有限公司,锡林郭勒盟顺平汽贸有限公司,,内蒙古自治区,锡林郭勒盟,锡林浩特市,锡林浩特市火车站北民禾物流园区内,116.1369019,44.07896042,,0,0,长城 哈弗,1,,0479-8289999,152505
1050,咸宁源华建诚汽车销售服务有限公司,咸宁源华建诚汽车销售服务有限公司,,湖北省,咸宁市,咸安区,咸宁市咸安经济开发区（咸潘大道）,114.3918991,29.8546505,,0,0,长城 哈弗,1,"125,126,522,44,411",0715-8313111,421203
1290,咸阳超达汽车销售服务有限公司,咸阳超达汽车销售服务有限公司,,陕西省,咸阳市,秦都区,陕西省西咸新区秦汉新城汽车产业园内,109.7507019,38.1618309,,0,0,长城 哈弗,1,"125,126,522,411",029-33120555,610401
1066,湘潭海铭汽车销售服务有限公司,湘潭海铭汽车销售服务有限公司,,湖南省,湘潭市,岳塘区,湖南省湘潭市高新区双马街道八号路8号,112.9560013,27.8470993,,0,0,长城 哈弗,1,"125,126,522",0731-55852888,430304
1067,湘潭市海通汽车销售服务有限公司,湘潭市海通汽车销售服务有限公司,,湖南省,湘潭市,湘潭县,湘潭市九华示范区湘望路12号,112.941597,27.94392967,,0,0,长城 哈弗,1,"125,126,522,44,411",0731-52766888/52789026,430303
1068,湘西永华汽车销售服务有限公司,湘西永华汽车销售服务有限公司,,湖南省,湘西土家族苗族自治州,吉首市,湘西经济开发区武陵山大道蓝天汽车城,109.6764984,28.21952057,,0,0,长城 哈弗,1,"125,126,522,44,411",0743-8670588,431307
1051,襄阳新观念汽车销售服务有限公司,襄阳新观念汽车销售服务有限公司,,湖北省,襄阳市,襄州区,湖北省襄阳市钻石大道45号（国邦物流园正对面）,112.181015,32.09703827,,0,0,长城 哈弗,1,"125,126,522",0710-2398098,420604
1052,襄阳新聚新汽车销售服务有限公司,襄阳新聚新汽车销售服务有限公司,,湖北省,襄阳市,襄州区,湖北省襄阳市襄州区钻石大道45号,112.180397,32.09738159,,0,0,长城 哈弗,1,"125,126,522,44,411",0710-2393555,420605
1344,新疆巴州恒瑞汽车贸易有限公司,新疆巴州恒瑞汽车贸易有限公司,新疆维吾尔自治区%3a巴音郭楞蒙古自治州%3a3235,新疆维吾尔自治区,巴音郭楞蒙古自治州,,新疆库尔勒市石化大道70号神州汽车城B区3号,86.173172,41.74805832,,0,0,长城 哈弗,1,"44,411",0996-2161266,652803
1350,新疆冀通达汽车销售有限公司,新疆冀通达汽车销售有限公司,,新疆维吾尔自治区,乌鲁木齐市,头屯河区,新疆乌鲁木齐市技术开发区(头区)工业园区头屯河公路2345号新疆天恒基国际汽车文化城A区1-2,87.38253784,43.89809036,,0,0,长城 哈弗,1,"125,126,522,44,411",0991-6571616,650106
1351,新疆巨通达贸易有限公司,新疆巨通达贸易有限公司,,新疆维吾尔自治区,乌鲁木齐市,新市区,新疆乌鲁木齐头屯河路2345号天恒基国际汽车文化城,87.38349915,43.89620972,,0,0,长城 哈弗,1,"125,126,522",0991-6570055,650103
1352,新疆天汇永诚汽车销售服务有限责任公司,新疆天汇永诚汽车销售服务有限责任公司,,新疆维吾尔自治区,乌鲁木齐市,米东区,乌鲁木齐市米东区振兴南路345号(邮寄地址%3a乌鲁木齐市米东区振兴南路345号),87.63400269,43.94974899,,0,0,长城 哈弗,1,"125,126,522,44,411",0991-3821945/3691269,650105
1353,新疆鑫大通汽车销售有限公司,新疆鑫大通汽车销售有限公司,,新疆维吾尔自治区,乌鲁木齐市,新市区,乌鲁木齐市鲤鱼山北路一号赛博特汽车城B2-2,87.59900665,43.88113022,,0,0,长城 哈弗,1,"125,126,522,44,411",0991-6681227,650104
998,新乡市东安实业有限责任公司,新乡市东安实业有限责任公司,河南省%3a新乡市%3a1655,河南省,新乡市,,新乡市金穗大道东段京珠高速口东2公里路北,113.9985962,35.25347137,,0,0,长城 哈弗,1,"125,126,522,44,411",0373-7767777,410703
999,新乡市一诺汽车销售服务有限公司,新乡市一诺汽车销售服务有限公司,,河南省,新乡市,市辖区,新乡市新飞大道与静泉路交汇处,113.9067001,35.34218979,,0,0,长城 哈弗,1,"125,126,522,44,411",0373-3917777,410705
1143,新余市欧迪斯汽车贸易有限公司,新余市欧迪斯汽车贸易有限公司,,江西省,新余市,渝水区,江西省新余市仙女湖中心物流园区,114.8774033,27.79759026,,0,0,长城 哈弗,1,"125,126,522,44,411",0790-7099993,360502
1001,信阳众和汽车销售服务有限公司,信阳众和汽车销售服务有限公司,,河南省,信阳市,市辖区,信阳市高新区欧亚汽车城A2,114.0855026,32.12857819,,0,0,长城 哈弗,1,"125,126,522,44,411",0376-3721111,411503
970,邢台国强汽车贸易有限公司,邢台国强汽车贸易有限公司,,河北省,邢台市,桥东区,河北省邢台市桥东区南王段村西（森林公园东侧）,115.0367966,37.07833099,,0,0,长城 哈弗,1,"125,126,522,44,411",0319-3909993/5115711,130503
971,邢台市东捷汽车销售有限公司,邢台市东捷汽车销售有限公司,,河北省,邢台市,桥东区,邢台市桥东区龙岗大街南侧,114.5610962,37.12400055,,0,0,长城 哈弗,1,,0319-3927777,130505
1122,徐州广丰行汽车销售有限公司,徐州广丰行汽车销售有限公司,江苏省%3a徐州市%3a868,江苏省,徐州市,,江苏省徐州市和平大桥东首（竹林寺正对面）,117.2166977,34.25740051,,0,0,长城 哈弗,1,"125,126,522,44,411",0516-83362701,320302
1123,徐州广丰行苏商汽车销售服务有限公司,徐州广丰行苏商汽车销售服务有限公司,江苏省%3a徐州市%3a868,江苏省,徐州市,,江苏省徐州市铜山区珠江路立交桥东600米汽车产业园内,117.2954025,34.28841019,,0,0,长城 哈弗,1,"125,126,522,44,411",0516--69006666,320303
1002,许昌晨飞汽车销售服务有限公司,许昌晨飞汽车销售服务有限公司,,河南省,许昌市,魏都区,许昌市魏都民营科技园区北区汽车北站北邻,113.8253174,34.0434761,,0,0,长城 哈弗,1,"125,126,522,44,411",0374-8388111,411005
1003,许昌一诺慧宇汽车销售服务有限公司,许昌一诺慧宇汽车销售服务有限公司,,河南省,许昌市,魏都区,许昌市北环万通汽贸城购置税大厅北邻100米,113.8478012,34.07629013,,0,0,长城 哈弗,1,"125,126,522",0374-3171888,411006
830,宣城元盛汽车销售服务有限公司,宣城元盛汽车销售服务有限公司,,安徽省,宣城市,宣州区,宣城市经济开发区水阳江大道与玉荷路交口,118.7375031,30.97112083,,0,0,长城 哈弗,1,"125,126,522,44,411",0563-3699988,341802
831,宣城元盛汽车销售服务有限公司广德分公司,宣城元盛汽车销售服务有限公司广德分公司,,安徽省,宣城市,广德县,广德县桃州镇凤凰社区广德启祥轮胎经销部,119.4215012,30.90401077,,0,0,长城 哈弗,1,"125,126,522,44",0563-6059666,341803
1329,雅安嘉诚汽车销售服务有限公司,雅安嘉诚汽车销售服务有限公司,,四川省,雅安市,雨城区,雅安市雨城区多营镇长乐街颖鑫车城,102.9604034,29.99591064,,0,0,长城 哈弗,1,"125,126,522",0835-2611770,511804
1330,雅安建国汽车销售服务有限公司,雅安建国汽车销售服务有限公司,,四川省,雅安市,雨城区,四川省雅安市雨城区多营镇下坝村金康西路,102.9642029,29.99762917,,0,0,长城 哈弗,1,"44,411",08352621199,511805
1254,烟台君丰汽车销售有限公司,烟台君丰汽车销售有限公司,,山东省,烟台市,福山区,山东省烟台市福山区烟青公路旺远唐村段,121.3386002,37.38819122,,0,0,长城 哈弗,1,"125,126,522,44,411",0535-6501877,370604
1291,延安利峰汽车销售有限公司,延安利峰汽车销售有限公司,,陕西省,延安市,宝塔区,延安市柳林镇南二十里铺尚家沟金地葵花汽车城1号,109.4758987,36.52019119,,0,0,长城 哈弗,1,"125,126,522,44,411",0911-3337777,610602
1085,延边博瑞汽车销售服务有限公司,延边博瑞汽车销售服务有限公司,,吉林省,延边朝鲜族自治州,延吉市,吉林省延吉市局子街北大移动公司北50米长城汽车院内,129.5180054,42.93207932,,0,0,长城 哈弗,1,"125,126,522,44,411",0433-8326777,222403
1125,盐城市常通汽车销售服务有限公司,盐城市常通汽车销售服务有限公司,,江苏省,盐城市,盐都区,江苏省盐城市开创路2号,120.1405029,33.3326416,,0,0,长城 哈弗,1,"125,126,522,44,411",0515-66609888,320905
1126,扬州市江都区润祥汽车销售有限公司,扬州市江都区润祥汽车销售有限公司,,江苏省,扬州市,江都区,江苏省扬州市江都区长江东路399号,119.6099014,32.43888855,,0,0,长城 哈弗,1,"125,126,522,44,411",0514-82997999,321005
1127,扬州市御祥汽车销售服务有限公司,扬州市御祥汽车销售服务有限公司,,江苏省,扬州市,邗江区,江苏省扬州市邗江区维扬经济开发区荷叶东路东侧8号,119.3983994,32.45524979,,0,0,长城 哈弗,1,"125,126,522,44,411",0514-87719188,321003
902,阳江市丰华汽车销售有限公司,阳江市丰华汽车销售有限公司,,广东省,阳江市,江城区,广东省阳江市江城区金山北路共青湖水库南地段（金山路与体育路交界）,111.9978027,21.8730793,,0,0,长城 哈弗,1,"44,411",0662-2822228/3329988,441704
903,阳江市茂江汽车有限公司,阳江市茂江汽车有限公司,,广东省,阳江市,江城区,广东省阳江市江城区金山路石湾桥,111.9861984,21.89011955,,0,0,长城 哈弗,1,"125,126,522",0662-3414066/2260003,441703
1274,阳泉市景惠汽车销售有限公司,阳泉市景惠汽车销售有限公司,,山西省,阳泉市,郊区,阳泉市郊区李荫路黄沙岩段,113.5880966,37.88685989,,0,0,长城 哈弗,1,"125,126,522,44,411",0353-5605066/5605068,140303
1356,伊犁恒达机电设备有限责任公司,伊犁恒达机电设备有限责任公司,,新疆维吾尔自治区,伊犁哈萨克自治州,伊宁市,新疆伊宁市解放路以北二热源以西3-41-75,81.2837677,43.95634842,,0,0,长城 哈弗,1,"125,126,522,44,411",0999-8128988,654006
1229,沂南顺天汽车销售服务有限公司,沂南顺天汽车销售服务有限公司,山东省%3a临沂市%3a1529,山东省,临沂市,,山东省临沂市沂南县澳柯玛大道中段,118.4973984,35.5377388,,0,0,长城 哈弗,1,"125,126,522,44,411",0539-3279777,371308
1331,宜宾嘉诚捷安汽车销售服务有限公司,宜宾嘉诚捷安汽车销售服务有限公司,,四川省,宜宾市,翠屏区,四川省宜宾市翠屏区岷江新区起步区A05地块宜宾江北汽车城,104.5980988,28.79290009,,0,0,长城 哈弗,1,"125,126,522",18989203801/0831-5196960,511502
1426,宜宾尚菲汽车销售服务有限公司,宜宾尚菲汽车销售服务有限公司,四川省%3a宜宾市%3a2478,四川省,宜宾市,,四川省宜宾市构庄路1号,104.6743,28.79697,,,0,长城 哈弗,0,,0831-3523346,0
1055,宜昌长盛汽车销售服务有限公司,宜昌长盛汽车销售服务有限公司,,湖北省,宜昌市,伍家岗区,湖北省宜昌市V亭区先锋路三峡国际汽车城,111.4478989,30.56706047,,0,0,长城 哈弗,1,"125,126,522",0717-6696688,420505
1054,宜昌华坤汽车销售服务有限公司,宜昌华坤汽车销售服务有限公司,,湖北省,宜昌市,夷陵区,宜昌市夷陵区发展大道黄金卡社区,111.3481979,30.79079056,,0,0,长城 哈弗,1,"125,126,522,44,411",0717-7525898,420504
1145,宜春市华鑫汽车销售服务有限公司,宜春市华鑫汽车销售服务有限公司,,江西省,宜春市,袁州区,江西省宜春市袁州区环城西路288号鹏晟农机综合市场4栋,114.3833008,27.8217907,,0,0,长城 哈弗,1,"125,126,522,44,411",0795-3526777,360901
1069,益阳中宇盛杰汽车销售服务有限公司,益阳中宇盛杰汽车销售服务有限公司,,湖南省,益阳市,赫山区,湖南省益阳市高新区益宁城际干道汽车物流园,112.4872971,28.41735077,,0,0,长城 哈弗,1,"125,126,522,44,411",0737-2175999,430901
1166,营口港泰贸易有限公司,营口港泰贸易有限公司,,辽宁省,营口市,鲅鱼圈区,辽宁省营口市鲅鱼圈区临港工业区,122.1769028,40.25257874,,0,0,长城 哈弗,1,"125,126,522,44,411",0417-6231766/6231799,210804
997,永城宏升汽车销售服务有限公司,永城宏升汽车销售服务有限公司,,河南省,商丘市,永城市,河南省永城市东城区天联汽车城,116.3308029,33.97201157,,0,0,长城 哈弗,1,"125,126,522,44,411",0370-6989888,411404
1070,永州市永泰汽车贸易有限公司,永州市永泰汽车贸易有限公司,,湖南省,永州市,冷水滩区,永州市冷水滩区长丰工业园区B-9号,111.6215973,26.56038094,,0,0,长城 哈弗,1,"125,126,522,44,411",0746-8361567,431102
1421,酉阳县科维汽车销售服务有限公司,酉阳县科维汽车销售服务有限公司,重庆%3a重庆市%3a2323,重庆,重庆市,,重庆市酉阳县翠屏山大道南路街2号,108.785022,28.823979,,,0,长城 哈弗,0,,02375553706,2
1393,余姚市东江汽车销售服务有限公司,余姚市东江汽车销售服务有限公司,,浙江省,宁波市,余姚市,浙江省余姚市凤山街道同光村,121.2277985,30.04879951,,0,0,长城 哈弗,1,"125,126,522,44,411",0574-62670788,331010
1292,榆林市亚鑫达汽车销售有限公司,榆林市亚鑫达汽车销售有限公司,,陕西省,榆林市,榆阳区,陕西省榆林市上郡南路13号(农科所对面),109.7873993,38.23788071,,0,0,长城 哈弗,1,"125,126,522,44,411",0912-6666651,610803
1293,榆林市源康汽车服务有限公司,榆林市源康汽车服务有限公司,,陕西省,榆林市,榆阳区,陕西省榆林市榆阳区上郡南路(榆天化对面),109.785202,38.22930908,,0,0,长城 哈弗,1,,0912-3425114,610804
1004,禹州市亿通汽车贸易有限公司,禹州市亿通汽车贸易有限公司,,河南省,许昌市,禹州市,河南省禹州市车站路中段（电信大楼南800米）,113.4664993,34.14437103,,0,0,长城 哈弗,1,"125,126,522,44,411",0374-8221819,411002
1379,玉溪中机汽车贸易有限公司,玉溪中机汽车贸易有限公司,,云南省,玉溪市,红塔区,云南省玉溪市高新区明珠路129号,102.5342026,24.34074974,,0,0,长城 哈弗,1,"125,126,522,44,411",0877-2073883,530404
1072,岳阳长宏汽车销售服务有限公司,岳阳长宏汽车销售服务有限公司,,湖南省,岳阳市,岳阳楼区,岳阳经济技术开发区107国道与巴陵东路（皇姑塘）立交桥北20米,113.1712036,29.37632942,,0,0,长城 哈弗,1,"125,126,522,44,411",0730-8680999,430602
1071,岳阳申岳汽车有限公司,岳阳申岳汽车有限公司,,湖南省,岳阳市,岳阳楼区,湖南省岳阳市城陵矶临港产业新区联港路湖南临港国际汽车城,113.1675034,29.44231987,,0,0,长城 哈弗,1,"125,126,522",0730-8551199/8516699,430601
904,云浮市新力汽车贸易有限公司,云浮市新力汽车贸易有限公司,,广东省,云浮市,云城区,云浮市云城区环市东路111号,112.0534973,22.96075058,,0,0,长城 哈弗,1,"125,126,522,44,411",0766-8930728,445302
1367,云南泊士联汽车销售服务有限公司,云南泊士联汽车销售服务有限公司,,云南省,昆明市,西山区,云南省昆明市西山区碧鸡路庞大汽车园区内3号展厅右侧,102.6345978,25.01044083,,0,0,长城 哈弗,1,"125,126,522,44,411",0871-68133888,530107
1368,云南超达汽车销售服务有限公司,云南超达汽车销售服务有限公司,,云南省,昆明市,盘龙区,云南省昆明市盘龙区东三环18号,102.7837982,25.05042076,,0,0,长城 哈弗,1,,0871-63811099,530106
1358,云南京涛汽车贸易有限公司保山分公司,云南京涛汽车贸易有限公司保山分公司,,云南省,保山市,隆阳区,云南省保山市隆阳区下村路口北100米,99.20034027,25.14686966,,0,0,长城 哈弗,1,"125,126,522,44,411",0875-2855033,530504
1362,云南京涛汽车贸易有限公司大理分公司,云南京涛汽车贸易有限公司大理分公司,,云南省,大理白族自治州,大理市,云南省大理市凤仪镇千户营村(风赢汽车城内),100.3181992,25.59079933,,0,0,长城 哈弗,1,"125,126,522,44,411",0872-2478777,532903
1364,云南京涛汽车贸易有限公司德宏分公司,云南京涛汽车贸易有限公司德宏分公司,,云南省,德宏傣族景颇族自治州,芒市,德宏州芒市环城南路盈宏木材加工厂旁,98.58943176,24.44124031,,0,0,长城 哈弗,1,"125,126,522,44,411",0692-6691777,533103
1448,云南京涛汽车贸易有限公司红河分公司,安徽新动力汽车服务有限公司,云南省%3a红河哈尼族彝族自治州%3a2762,云南省,红河哈尼族彝族自治州,,云南省蒙自市天马路红河州交警队对面,103.5167,23.33866,,,0,长城 哈弗,0,,0873-3999889,0
1377,云南京涛汽车贸易有限公司西双版纳分公司,云南京涛汽车贸易有限公司西双版纳分公司,,云南省,西双版纳傣族自治州,景洪市,云南省西双版纳傣族自治州景洪市嘎洒镇曼楠村(机场路旁),100.7757034,21.97771072,,0,0,长城 哈弗,1,"125,126,522,44,411",0691-2270222,532804
1447,云南京涛汽车贸易有限公司昭通分公司,安徽新动力汽车服务有限公司,云南省%3a昭通市%3a2713,云南省,昭通市,,昭通市迎丰路166号,103.725,27.34063,,,0,长城 哈弗,0,,0870-2892999,0
1276,运城市天语汽车销售有限公司,运城市天语汽车销售有限公司,,山西省,运城市,盐湖区,运城市圣惠路北段（关公像北300米）,111.006897,35.03886032,,0,0,长城 哈弗,1,"125,126,522,44,411",0359-2196333,140804
1277,运城市通达汽车销售服务有限公司,运城市通达汽车销售服务有限公司,,山西省,运城市,盐湖区,山西省运城市经济技术开发区大运路北诺维兰汽车公园内,111.0327988,35.07020187,,0,0,长城 哈弗,1,"125,126,522",0359-2581588,140801
1436,郓城博骏汽车销售服务有限公司,郓城博骏汽车销售服务有限公司,山东省%3a菏泽市%3a1571,山东省,菏泽市,,菏泽市郓城县郭林社区东200米中汇汽车园,115.98,35.58316,,,,0,长城 哈弗,1,,0530-6234666,371711
1256,枣庄市钢盟汽车商贸有限公司,枣庄市钢盟汽车商贸有限公司,,山东省,枣庄市,薛城区,枣庄市高新区茂源北路76号,117.2945023,34.81529999,,0,0,长城 哈弗,1,"125,126,522,44,411",0632-8658999,370402
1257,枣庄迎宾汽车城销售服务股份有限公司,枣庄迎宾汽车城销售服务有限公司,山东省%3a枣庄市%3a1450,山东省,枣庄市,,枣庄市市中区西环路枣木高速出口处南580米,117.6061,34.87059,,0,0,长城 哈弗,1,"125,126,522",0632-3929888,370404
1449,泽州县万吉祥汽车销售有限公司,泽州县万吉祥汽车销售有限公司,山西省%3a晋城市%3a281,山西省,晋城市,,山西省晋城市泽州县南村镇中原街与金鼎路交叉口南100米,112.871,35.47585,,,0,长城 哈弗,1,,0356-2225316,140504
906,湛江市永丰行汽车销售有限公司,湛江市永丰行汽车销售有限公司,,广东省,湛江市,赤坎区,广东省湛江市赤坎区东盛路7号海田国际车城S19号,110.3858032,21.30419922,,0,0,长城 哈弗,1,"125,126,522,44,411",0759-3365555,440804
1114,张家港市联发汽车贸易有限公司,张家港市联发汽车贸易有限公司,,江苏省,苏州市,张家港市,张家港市人民东路与东二环交界处向东50米,120.5735016,31.87812996,,0,0,长城 哈弗,1,"125,126,522,44,411",0512-82550066,320508
1073,张家界华通汽车销售服务有限公司,张家界华通汽车销售服务有限公司,,湖南省,张家界市,永定区,湖南省张家界市经济开发区C区,110.4815979,29.12488937,,0,0,长城 哈弗,1,"125,126,522,44,411",0744-8514008,430803
1427,张家口合诚汽车销售服务有限公司,张家口合诚汽车销售服务有限公司,河北省%3a张家口市%3a167,河北省,张家口市,,张家口市张宣公路庞大汽贸园,115.007,40.65309,,,0,长城 哈弗,0,,0313-5902255,0
972,张家口庞大华庆汽车销售服务有限公司,张家口庞大华庆汽车销售服务有限公司,,河北省,张家口市,宣化县,张家口市宣化县沙岭子镇屈家庄村,114.9365005,40.69837952,,0,0,长城 哈弗,1,,0313-5971099,130705
973,张家口市鑫嘉荣汽车销售服务有限公司,张家口市鑫嘉荣汽车销售服务有限公司,,河北省,张家口市,桥东区,河北省张家口市高新区马路东天桥北%2f张家口市玉宝墩南(嘉华汽贸)(邮寄地址),114.9191971,40.76383972,,0,0,长城 哈弗,1,"125,126,522,44,411",0313-5983991,130703
870,张掖仕通汽车销售有限公司,张掖仕通汽车销售有限公司,,甘肃省,张掖市,甘州区,甘肃省张掖市西三环中段绿洲现代物流园区,100.4598999,38.93931961,,0,0,长城 哈弗,1,"125,126,522,44,411",0936-8588111,620703
855,漳州市万国汽车销售服务有限公司,漳州市万国汽车销售服务有限公司,,福建省,漳州市,龙文区,福建省漳州市龙文区龙文北路121号,117.7258987,24.53424072,,0,0,长城 哈弗,1,"125,126,522",0596-2618199/2930199,350602
907,肇庆市高要区长城农机汽车销售有限公司,肇庆市高要区长城农机汽车销售有限公司,,广东省,肇庆市,高要区,肇庆市过境公路鼎湖区苏村321国道旁,112.5397034,23.12785912,,0,0,长城 哈弗,1,"125,126,522,44,411",0758-2627900,441204
1397,浙江台州元通汽车有限公司,浙江台州元通汽车有限公司,,浙江省,台州市,黄岩区,浙江省台州市黄岩二环西路897号,121.2555008,28.6633091,,0,0,长城 哈弗,1,"125,126,522,44,411",0576-84767555,331009
1417,浙江台州元通汽车有限公司临海分公司,浙江台州元通汽车有限公司临海分公司,浙江省%3a台州市%3a1051,浙江省,台州市,,临海市江南街道办事处高家村,121.133102416992,28.8374500274658,,,0,长城 哈弗,1,"125,126,522,44,411",0576-89179996	,331011
1129,镇江中贸汽车销售有限公司,镇江中贸汽车销售有限公司,,江苏省,镇江市,润州区,镇江市丁卯新区纬三路140号,119.5215988,32.18041992,,0,0,长城 哈弗,1,"125,126,522,44,411",0511-88896837/84511669,321101
1011,郑州市超达汽车销售有限公司,郑州市超达汽车销售有限公司,,河南省,郑州市,惠济区,郑州市郑花路北段省汽贸中心,113.6591034,34.87783051,,0,0,长城 哈弗,1,"125,126,522",0371-63381222,410101
851,中控投资（福建）有限公司,中控投资（福建）有限公司,,福建省,泉州市,晋江市,晋江市经济开发区五里园区长安路23号,118.5350037,24.75248909,,0,0,长城 哈弗,1,"125,126,522,44,411",0595-82102222,350507
1439,中山市骏诚汽车贸易有限公司,中山市骏诚汽车贸易有限公司,广东省%3a中山市%3a2150,广东省,中山市,,广东省中山市西区沙朗彩虹大道139号,113.338,22.57261,,,0,长城 哈弗,1,,0760-88556933,442001
908,中山市中盈汽车销售服务有限公司,中山市中盈汽车销售服务有限公司,,广东省,中山市,市辖区,中山市西区彩虹大道89号前商铺4卡,113.3439026,22.5683403,,0,0,长城 哈弗,1,"125,126,522,44,411",0760-88668199,442003
1414,中石化易捷五洲河北汽车销售服务有限公司徐水分公司,中石化易捷五洲河北汽车销售服务有限公司徐水分公司,河北省%3a保定市%3a141,河北省,保定市,,保定市徐水区华龙路93号,115.654403686523,39.0354309082031,,,0,长城 哈弗,1,"125,126,522,44,411",0312-8678287	,130617
1404,重庆格邦汽车销售服务有限公司,重庆格邦汽车销售服务有限公司,重庆%3a重庆市%3a2323,重庆,重庆市,,重庆市九龙坡区水碾村8号,106.5080032,29.51321983,,0,0,长城 哈弗,1,"125,126,522,44,411",023-88672999,500116
1422,重庆名典汽车销售服务有限公司,重庆名典汽车销售服务有限公司,重庆%3a重庆市%3a2323,重庆,重庆市,,重庆市垫江县桂东大道南段236号,107.363138,30.329046,,,0,长城 哈弗,0,,02385659999,3
1406,重庆轻舟汽车销售服务有限公司,重庆轻舟汽车销售服务有限公司,,重庆市,重庆市,渝北区,重庆市渝北区红锦大道557号,106.5255966,29.61054039,,0,0,长城 哈弗,1,,023-67511919/67511717,500111
1407,重庆瑞原汽车销售有限公司,重庆瑞原汽车销售有限公司,,重庆市,重庆市,渝北区,重庆市渝北区五红路127号红地苑A幢,106.5565033,29.58983994,,0,0,长城 哈弗,1,"125,126,522,44,411",023-67758775,500104
1420,重庆市彭水永鑫汽车销售有限公司,重庆市彭水永鑫汽车销售有限公司,重庆%3a重庆市%3a2323,重庆,重庆市,,重庆市彭水县汉葭镇麻油村关口路,108.233136,29.335856,,,0,长城 哈弗,0,,02378440888,1
1408,重庆市万州区林海汽车维修有限公司,重庆市万州区林海汽车维修有限公司,,重庆市,重庆市,万州区,重庆市万州区沙龙路三段万全小区,108.3964005,30.78293991,,0,0,长城 哈弗,1,"125,126,522,44,411",023-58801555,500103
1423,重庆云臣汽车销售有限公司,重庆云臣汽车销售有限公司,重庆%3a重庆市%3a2323,重庆,重庆市,,重庆市秀山县中和镇渝秀大道留金国际底楼,108.585478,28.272034,,,0,长城 哈弗,0,,02376056666,0
1410,重庆卓庆彬涛汽车销售服务有限公司,重庆卓庆彬涛汽车销售服务有限公司,,重庆市,重庆市,涪陵区,重庆市涪陵区迎宾大道7号,107.3591995,29.73607063,,0,0,长城 哈弗,1,"125,126,522,44,411",023-72216999,500113
1411,重庆卓庆汽车销售服务有限公司,重庆卓庆汽车销售服务有限公司,,重庆市,重庆市,巴南区,重庆市巴南区渝南大道66号,106.5683975,29.46928978,,0,0,长城 哈弗,1,"125,126,522,44,411",023-62866286,500110
1403,舟山市众恒汽车销售服务有限公司,舟山市众恒汽车销售服务有限公司,,浙江省,舟山市,定海区,浙江省舟山市定海区双桥街道石礁社区舟山汽车城2期2号,122.0651016,30.04711914,,0,0,长城 哈弗,1,"125,126,522,44,411",0580-8807777,330901
1012,周口宏丰汽车销售服务有限公司,周口宏丰汽车销售服务有限公司,,河南省,周口市,川汇区,周口市大庆路与北环路交叉口向东199米路南宏源精品汽车城,114.6822968,33.65692139,,0,0,长城 哈弗,1,"125,126,522,44,411",0394-8521888,411603
1013,周口宏腾汽车销售服务有限公司,周口宏腾汽车销售服务有限公司,,河南省,周口市,川汇区,周口市川汇区太清路东段风机厂东,114.6540985,33.64302063,,0,0,长城 哈弗,1,"125,126,522",0394-8352222,411604
1077,株洲佳旺汽车有限公司,株洲佳旺汽车有限公司,,湖南省,株洲市,天元区,湖南省株洲市天元区中达路九号企业会所,113.0861969,27.82518959,,0,0,长城 哈弗,1,"125,126,522,44,411",0731-28818333,430202
1247,诸城广盛汽车销售服务有限公司,诸城广盛汽车销售服务有限公司,,山东省,潍坊市,诸城市,山东省潍坊诸城市西环路与北环路交叉口西200米路北,119.3730011,36.03073883,,0,0,长城 哈弗,1,"125,126,522,44,411",0536-6150505,370718
1332,资阳嘉诚华凌汽车销售服务有限公司,资阳嘉诚华凌汽车销售服务有限公司,四川省%3a资阳市%3a2517,四川省,资阳市,,四川省资阳市雁江区市工业园区大千路C段56号附1号(宰山村委对面),104.6179962,30.1131897,,0,0,长城 哈弗,1,"125,126,522",028-26731111,512002
1333,资阳市东创汽车销售服务有限公司,资阳市东创汽车销售服务有限公司,,四川省,资阳市,雁江区,资阳市雁江区城东新区迎宾大道旁,104.6963196,30.10474586,,0,0,长城 哈弗,1,"44,411",028-26929255,512003
1258,淄博福骋汽车贸易有限公司,淄博福骋汽车贸易有限公司,,山东省,淄博市,张店区,山东省淄博市张店区中心路176-1号,118.0783005,36.73971939,,0,0,长城 哈弗,1,"125,126,522",0533-6215000,370302
1259,淄博惠骋汽车贸易有限公司,淄博惠骋汽车贸易有限公司,山东省%3a淄博市%3a1440,山东省,淄博市,,淄博市张店区山泉路86号,118.0458984,36.77593994,,0,0,长城 哈弗,1,"125,126,522,44,411",0533-2975000,370303
1260,淄博骏骋汽车贸易有限公司,淄博骏骋汽车贸易有限公司,,山东省,淄博市,张店区,山东省淄博市张店区山泉路66号,118.0482025,36.78382111,,0,0,长城 哈弗,1,"125,126,522,44,411",0533-8172000,370304
1443,淄博齐骋汽车贸易有限公司,淄博齐骋汽车贸易有限公司,山东省%3a淄博市%3a1440,山东省,淄博市,,山东省淄博市临淄凤凰镇齐鲁化学工业园临淄大道与清田路交叉路口路西500米路南,118.2321,36.82727,,,0,长城 哈弗,1,,0533-6219608,370306
1335,自贡新嘉诚汽车销售服务有限公司,自贡新嘉诚汽车销售服务有限公司,,四川省,自贡市,贡井区,四川省自贡市贡井区长土镇洞桥村二组（石灰窑路口）,104.7301025,29.34218979,,0,0,长城 哈弗,1,"125,126,522",0813-8267777,510304
936,遵义市龙伟汽车贸易有限公司,遵义市龙伟汽车贸易有限公司,,贵州省,遵义市,遵义县,贵州省遵义县龙坑镇黔北国际汽博城,106.8646011,27.59057999,,0,0,长城 哈弗,1,"125,126,522,44,411",0851-27482333,520306
938,遵义市正德伟业汽车销售服务有限公司,遵义市正德伟业汽车销售服务有限公司,,贵州省,遵义市,汇川区,遵义市汇川区汽车商贸城,106.9315338,27.78836632,,0,0,长城 哈弗,1,"125,126,522,44,411",0851--28798666,520308
